<?xml version='1.0' encoding='utf-8'?>
<!DOCTYPE asf SYSTEM "http://ns.adobe.com/asf/asf_1_0.dtd" >
<asf xmlns="http://ns.adobe.com/asf" locale="tr_TR" version="1.0">
	
	<set name="common">
		<str name="adobeProduct" translate="yes">
			<val>Adobe Ürünü</val>
		</str>
		<str name="adobeTrial" translate="yes">
			<val>Adobe Ürün Denemesi</val>
		</str>
		<str name="actPolicy" translate="yes">
			<val>Adobe Etkinleştirme İlkesi</val>
		</str>
		<str name="subEdition" translate="no">
			<val>Subscription Edition</val>
		</str>
		<str name="progressMessage" translate="yes">
			<val>Bağlanıyor...</val>
		</str>
	</set>
	
	<set name="provision">
		<str name="buy" translate="yes">
			<val>ŞİMDİ SATIN AL</val>
		</str>			
		<str name="remain" translate="yes">
			<val>GÜN KALDI</val>
		</str>
		<str name="authAdobeID" translate="yes">
			<val>Adobe ID doğrulanıyor…</val>
		</str>
	</set>

	<set name="eula">
		<str name="eula" translate="yes">
			<val>Adobe Yazılım Lisans Sözleşmesi</val>
		</str>
		<str name="view" translate="yes">
			<val>Görüntüle:</val>
		</str>
		<str name="accept" translate="yes">
			<val>KABUL ET</val>
		</str>
		<str name="decline" translate="yes">
			<val>REDDET</val>
		</str>		
		<str name="quit" translate="yes">
			<val>ÇIK</val>
		</str>		
	</set>

	<set name="activate">
		<str name="title" translate="yes">
			<val>Etkinleştirme</val>
		</str>
		<str name="progress" translate="yes">
			<val>Etkinleştiriliyor…</val>
		</str>			
		<str name="fail" translate="yes">
			<val>Etkinleştirme Hatası</val>
		</str>			
		<str name="contact" translate="yes">
			<val>Verdiğiniz seri numarasını kullanarak bu {0} kopyasını etkinleştirmek için Adobe ile iletişim kuruyoruz.</val>
		</str>
		<str name="contact_forced" translate="yes">
			<val>Bu {0} kopyasını etkinleştirmek için Adobe ile iletişim kuruyoruz</val>
		</str>
		<str name="limit" translate="yes">
			<val>{0} için etkinleştirme sınırına ulaşıldı.</val>
		</str>	
		<str name="already" translate="yes">
			<val>Bu seri numarası zaten 2 bilgisayarda etkinleştirilmiş.</val>
		</str>
		<str name="alreadyError" translate="yes">
			<val>Bu seri numarası zaten 2 bilgisayarda etkinleştirilmiş. Devam etmek için bu sorunu gidermeniz gerekir.</val>
		</str>
		<str name="retryOption" translate="yes">
			<val>Etkinleştirmeyi yeniden dene. Diğer bilgisayarlarımdan birinde ürünü zaten devre dışı bıraktım.</val>
		</str>
		<str name="subRetryOption" translate="yes">
			<val>Tüm bilgisayarlardaki etkinleştirmeyi geri alıp etkinleştirme işlemini yeniden deneyin.</val>
		</str>	
		<str name="provide" translate="yes">
			<val>Bu ürün için başka bir seri numarası belirtin:</val>
		</str>	
		<str name="provideBlurb" translate="yes">
			<val>Bu yazılımı deneme sürümü olarak kullanmak için bir Adobe ID gereklidir.</val>
		</str>	
		<str name="serialBlurb" translate="yes">
			<val>Bir seri numarası girin.</val>
		</str>	
		<str name="serialNumberMessage" translate="yes">
			<val>Bu seri numarası şunun için kullanılır: {0}</val>
		</str>
		<str name="serialActivationMessage" translate="yes">
			<val>Yazılım Lisans Sözleşmesi’ne bağlı kalarak, yazılım, otomatik olarak İnternet üzerinden etkinleştirmeyi deneyecek. Ayrıntılar için, bkz. {0}www.adobe.com/activation{1}</val>
		</str>
		<str name="activationLink" translate="yes">
			<val>http://www.adobe.com/go/activation_tr</val>
		</str>
		<str name="buyWarning1" translate="yes">
			<val>Daha Sonra Anımsat seçeneğini belirlerseniz sorunu gidermek için {0} gününüz kalır, aksi halde yazılım çalışmamaya başlar.</val>
		</str>	
		<str name="buyWarning2" translate="yes">
			<val>Sorun giderilmediği sürece bu, ürünün son kullanılışı olacaktır.</val>
		</str>	
		<str name="buyWarning3" translate="yes">
			<val>Bu ürünü kullanmaya devam etmek için bu sorunu gidermeniz gerekir.</val>
		</str>	
		<str name="buyWarningRefuse" translate="yes">
			<val>Sorun giderilmediği sürece bu, ürünün son kullanılışı olacaktır.</val>
		</str>	
		<str name="buyWarningRefuse2" translate="yes">
			<val>Bu ürünü kullanmak için bu sorunu gidermeniz gerekir.</val>
		</str>
		<str name="learn" translate="yes">
			<val>Etkinleştirme hakkında daha fazla bilgi edinmek için lütfen {0}Adobe Etkinleştirme İlkesi{1}’ne bakın.</val>
		</str>
		<str name="learnlink" translate="yes">
			<val>http://www.adobe.com/go/activation_tr</val>
		</str>
		<str name="invalid" translate="yes">
			<val>Geçersiz seri numarası</val>
		</str>	
		<str name="sninvalid" translate="yes">
			<val>Bu seri numarası, geçersiz görünüyor.</val>
		</str>	
		<str name="hasfailure" translate="yes">
			<val>Ürününüzü etkinleştiremedik. Tekrar denemek için Yeniden Dene’ye basın. Daha fazla bilgi için lütfen {0}Adobe Etkinleştirme İlkesi{1}’ne bakın.</val>
		</str>
		<str name="hasfailure1" translate="yes">
			<val>Ürününüzü etkinleştiremedik. Yeniden Dene’ye basın. Daha fazla bilgi için {0}Adobe Etkinleştirme İlkesi{1}’ne bakın.</val>
		</str>
		<str name="mustDeactivate" translate="yes">
			<val>Sorunu gidermek ve bu ürünü başarılı bir şekilde etkinleştirmek için etkinleştirilmiş diğer kopyalardan birinin etkinliğini kaldırmalısınız.</val>
		</str>	
		<str name="howTo" translate="yes">
			<val>Devre Dışı Bırakma:</val>
		</str>	
		<str name="deactivateInstruct" translate="yes">
			<val>Diğer {0} kopyalarından birini başlatın, Yardım menüsünü tıklatın ve Devre Dışı Bırak’ı seçin. Ardından, bu kopyayı yeniden başlatın. Zaten devre dışı bıraktıysanız yeniden deneyin.</val>
		</str>	
		<str name="errorCode" translate="yes">
			<val>Hata Kodu: {0}</val>
		</str>
		<str name="errorCode1" translate="yes">
			<val>Hata Kodu: #{0}</val>
		</str>
		<str name="success" translate="yes">
			<val>Bu {0} kopyası başarıyla etkinleştirildi ve kullanıma hazır.</val>
		</str>
		<str name="error" translate="yes">
			<val>Lütfen İnternet’e bağlanın, ardından da Devam’a basın</val>
		</str>			
		<str name="assist" translate="yes">
			<val>Bağlantı Desteği</val>
		</str>
		<str name="assistlink" translate="yes">
			<val>http://www.adobe.com/go/activation_tr</val>
		</str>		
		<str name="try" translate="yes">
			<val>YENİDEN DENE</val>
		</str>			
		<str name="later" translate="yes">
			<val>DAHA SONRA ETKİNLEŞTİR</val>
		</str>			
		<str name="close" translate="yes">
			<val>KAPAT</val>
		</str>
		<str name="quit" translate="yes">
			<val>ÇIK</val>
		</str>
		<str name="done" translate="yes">
			<val>BİTTİ</val>
		</str>
		<str name="remind" translate="yes">
			<val>DAHA SONRA ANIMSAT</val>
		</str>
		<str name="continue" translate="yes">
			<val>DEVAM</val>
		</str>
		<str name="retry" translate="yes">
			<val>YENİDEN DENE</val>
		</str>
		<str name="back" translate="yes">
			<val>GERİ</val>
		</str>			
		<str name="errCode" translate="yes">
			<val>Hata Kodu: </val>
		</str>
		<str name="unknownErr" translate="yes">
			<val>Bilinmiyor</val>
		</str>
		<str name="serialError" translate="yes">
			<val>Bu seri numarası bu ürün için geçerli değil.</val>
		</str>
		<str name="denybuyLink" translate="no">
			<val>http://www.adobe.com/go/denybuy</val>
		</str>
	</set>

	<set name="inAppTrial">
		<str name="serial" translate="yes">
			<val>SERİ NUMARASI GİRİN</val>
		</str>
		<str name="contentLoading" translate="yes">
			<val>İçerik Yükleniyor...</val>
		</str>
	</set>
	
	<set name="privacy">
		<str name="title" translate="yes">
			<val>Gizlilik Ayarları</val>
		</str>
		<str name="content" translate="yes">
			<val>Adobe, size özelleştirilmiş bir deneyim sunmak için indirme ve ürünün deneme sürümünü kullanımınız sırasında toplanan bilgileri kullanır .{0}Adobe ayrıca, toplanan bilgileri müşteri deneyimini değerlendirmeye ve geliştirmeye yardımcı olmak için dahili amaçlarla kullanabilir. Ürününü deneme sürümü kullanımınızla ilgili kişisel bilgiler hiçbir zaman toplanmaz.{0}Ürünün deneme sürümünü kullanmanız sırasında Adobe'nin herhangi bir bilgiyi kullanmasını veya toplamasını tercih etmiyorsanız, aşağıdaki kutuyu işaretleyerek bu seçeneği kapatabilirsiniz. Deneme sürümünü bir sonraki başlatışınızda, deneme sürümüyle ilgili herhangi bir veri toplanmaz ve özelleştirilmiş içerik kapatılır.{0}Adobe'nin gizlilik uygulamaları hakkında daha fazla bilgi almak için {1}Çevrimiçi Gizlilik Politikamızı{2} inceleyin.</val>
		</str>
		<str name="privacyLink" translate="yes">
			<val>http://www.adobe.com/go/privacy_tr</val>
		</str>
		<str name="request" translate="yes">
			<val>Özelleştirilmiş içeriği kapatın.</val>
		</str>
		<str name="ok" translate="yes">
			<val>Tamam</val>
		</str>
		<str name="cancel" translate="yes">
			<val>İPTAL</val>
		</str>
	</set>
	
	<set name="video">
		<str name="playAgain" translate="yes">
			<val>Yeniden Oynat</val>
		</str>
		<str name="nextTut" translate="yes">
			<val>Sonraki</val>
		</str>
		<str name="loading" translate="yes">
			<val>Video Yükleniyor...</val>
		</str>
		<str name="error" translate="yes">
			<val>İçerik yüklenirken hata oluştu\nDaha sonra tekrar deneyin.</val>
		</str>
		<str name="tryAgain" translate="yes">
			<val>Yeniden Deneyin.</val>
		</str>
		<str name="escapeExit" translate="yes">
			<val>Genişletilmiş ekran modundan çıkmak için ESC tuşunu tıklatın.</val>
		</str>
	</set>
	
	
	<set name="trial">
		<str name="title" translate="yes">
			<val>{0} Deneme</val>
		</str>
		<str name="back" translate="yes">
			<val>GERİ</val>
		</str>
		<str name="serial" translate="yes">
			<val>Seri numarası girin</val>
		</str>
		<str name="lang" translate="yes">
			<val>Dil:</val>
		</str>	
		<str name="trial" translate="yes">
			<val>Deneme sürümüne devam et</val>
		</str>
		<str name="continue" translate="yes">
			<val>DENEME SÜRÜMÜNE DEVAM ET</val>
		</str>
		<str name="continueSerial" translate="yes">
			<val>DEVAM</val>
		</str>
		<str name="start" translate="yes">
			<val>DENEME SÜRÜMÜNÜ BAŞLAT</val>
		</str>
		<str name="cancel" translate="yes">
			<val>İPTAL</val>
		</str>
		<str name="close" translate="yes">
			<val>KAPAT</val>
		</str>
		<str name="quit" translate="yes">
			<val>ÇIK</val>
		</str>
		<str name="skip" translate="yes">
			<val>ATLA</val>
		</str>
		<str name="serialError" translate="yes">
			<val>Bu seri numarası bu ürün için geçerli değil.</val>
		</str>
		<str name="instruct" translate="yes">
			<val>Bu yazılımın deneme sürümü olarak kullanılması için bir Adobe ID gereklidir. Adobe ID girmek için, deneme sürümünüzün ilk başlatıldığı andan itibaren 7 gününüz vardır.</val>
		</str>			
		<str name="locateTT" translate="yes">
			<val>Seri numaranız DVD kapağının arkasında, Adobe Open Options lisans sertifikasının üzerinde veya Adobe.com Store’dan e-posta ile gelen faturanızdadır (yalnızca indirerek satın almalarda geçerlidir).</val>
		</str>
		<str name="one" translate="yes">
			<val>Bu ürünü bir kez daha kullanmanıza izin verilmiştir. Bu kullanımdan sonra, devam etmek için seri numarası girmeniz gerekir.</val>
		</str>
		<str name="nomore" translate="yes">
			<val>Bu deneme sürümünü ürünü satın alarak ve bir seri numarası girerek dönüştürebilirsiniz.</val>
		</str>
		<str name="license" translate="yes">
			<val>Adobe Yazılım Lisans Sözleşmesi</val>
		</str>	
		<str name="eulaLink" translate="yes">
			<val>http://www.adobe.com/go/eulas_tr</val>
		</str>		
		<str name="expire" translate="yes">
			<val>Deneme Sürümünüzün süresi doldu.</val>
		</str>			
		<str name="used" translate="yes">
			<val>Bu seri numarası şunun için kullanılacaktır: {0}</val>
		</str>			
		<str name="agree" translate="yes">
			<val>Yazılım Lisans Sözleşmesi’ne bağlı kalarak, yazılım, otomatik olarak İnternet üzerinden etkinleştirmeyi deneyecek. Ayrıntılar için bkz. {0}www.adobe.com/activation{1}</val>
		</str>
		<str name="activationLink" translate="yes">
			<val>http://www.adobe.com/go/activation_tr</val>
		</str>
		<str name="buyLink" translate="no">
			<val>http://www.adobe.com/go/buy</val>
		</str>			
	</set>

	<set name="trialerror">
		<str name="warning" translate="yes">
			<val>Deneme Sürümünde Sorun.</val>
		</str>
		<str name="instruct" translate="yes">
			<val>{0} deneme sürümünü başlatırken bir hata oluştu. Bu ürünü kullanmaya devam etmek için, geri dönün ve seri numaranızı girin.</val>
		</str>
	</set>

	<set name="deactivate">
		<str name="title" translate="yes">
			<val>Devre Dışı Bırakma</val>
		</str>
		<str name="instruct" translate="yes">
			<val>Devre dışı bırakma işlemi, {0}Yazılım Lisans Sözleşmesi{1}'ne uygun hareket ettiğiniz sürece, Adobe ürününüzü başka bir bilgisayarda etkinleştirmenizi sağlar. Devre dışı bırakma işleminden önce İnternet'e bağlandığınızdan emin olun.</val>
		</str>
		<str name="instructSubscription" translate="yes">
			<val>Etkinleştirmeyi kaldırmak aboneliğinizi iptal etmez. Aboneliğinizi değiştirmek için {0}adobe.com/tr{1} adresini ziyaret edin.</val>
		</str>
		<str name="subscriptionLink" translate="no">
			<val>http://www.adobe.com/go/subscriptionedition</val>
		</str>
		<str name="button1" translate="yes">
			<val>ETKİNLEŞTİRMEYİ ASKIYA AL</val>
		</str>
		<str name="button2" translate="yes">
			<val>KALICI OLARAK DEVRE DIŞI BIRAK</val>
		</str>
		<str name="tooltip1" translate="yes">
			<val>Seri numarasını kaldırmadan ürününüzü devre dışı bırakır.</val>
		</str>
		<str name="tooltip2" translate="yes">
			<val>Ürününüzü devre dışı bırakır ve seri numarasını kaldırır.</val>
		</str>	
		<str name="progress" translate="yes">
			<val>Devre dışı bırakılıyor</val>
		</str>
		<str name="success" translate="yes">
			<val>Devre Dışı Bırakma İşlemi Başarıyla Tamamlandı.</val>
		</str>
		<str name="failure" translate="yes">
			<val>Devre dışı bırakma işlemi başarılı olmadı. Lütfen yeniden deneyin.</val>
		</str>
		<str name="retry" translate="yes">
			<val>YENİDEN DENE</val>
		</str>	
		<str name="errorCode" translate="yes">
			<val>Hata Kodu: #{0}</val>
		</str>
		<str name="done" translate="yes">
			<val>BİTTİ</val>
		</str>		
		<str name="continue" translate="yes">
			<val>DEVAM</val>
		</str>		
		<str name="cancel" translate="yes">
			<val>İPTAL</val>
		</str>	
	</set>

	<set name="upgrade">
		<str name="title" translate="yes">
			<val>Seri Numarası Yükseltme Kodunu Girin</val>
		</str>
		<str name="instruct1" translate="yes">
			<val>Girdiğiniz seri numarası geçerli, ancak bu bilgisayarda söz konusu ürünün özelliklerini karşılayan bir ürün bulunamıyor.</val>
		</str>
		<str name="instruct2" translate="yes">
			<val>Yükseltme işlemine yönelik girdiğiniz seri numarasını kullanmak için söz konusu ürünün özelliklerini karşılayan bu ürünlerden birine sahip olmanız gerekir. Lütfen sahip olduğunuz ürünü seçin ve seri numarasını girin:</val>
		</str>
		<str name="serial" translate="yes">
			<val>Bu ürün için seri numarası:</val>
		</str>
		<str name="selproduct" translate="yes">
			<val>Ürün seçin</val>
		</str>		
		<str name="trial" translate="yes">
			<val>DENEME SÜRÜMÜNÜ YÜKLE</val>
		</str>
		<str name="confirm" translate="yes">
			<val>Bu seri numarası {0} öğesini onaylar.</val>
		</str>
		<str name="second" translate="yes">
			<val>Bu yükseltme işlemi, özellikleri karşılayan ikinci bir ürün gerektirir. Sahip olduğunuz ikinci ürünü seçin ve seri numarasını girin:</val>
		</str>
		<str name="nogood" translate="yes">
			<val>Bu seri numarası özellikleri karşılayan bir ürüne yönelik değil. Lütfen başka bir numara deneyin.</val>
		</str>
		<str name="account" translate="yes">
			<val>Geçmişte ürün kaydettirdiyseniz, mevcut seri numaralarınızı bulmak için {0}hesap sayfanıza{1} gidebilirsiniz.</val>
		</str>
		<str name="support" translate="yes">
			<val>Daha fazla yardım için {0}Müşteri Desteği{1} ile iletişim kurun.</val>
		</str>
		<str name="supportlink" translate="yes">
			<val>http://www.adobe.com/go/support_tr</val>
		</str>
		<str name="accountlink" translate="yes">
			<val>http://www.adobe.com/go/adobemembership_tr</val>
		</str>
		<str name="back" translate="yes">
			<val>GERİ</val>
		</str>
		<str name="next" translate="yes">
			<val>İLERİ</val>
		</str>
	</set>
	
	<set name="upcode">
		<str name="header" translate="yes">
			<val>Yükseltme Kodunuzu girin.</val>
		</str>
		<str name="instruct1" translate="yes">
			<val>İstemesi durumunda aşağıdaki kodu hizmet temsilcinize aktarın:</val>
		</str>
		<str name="challenge" translate="yes">
			<val>Erişim İsteği Kodu</val>
		</str>
		<str name="instruct2" translate="yes">
			<val>Hizmet temsilcinizin size verdiği kodu girin:</val>
		</str>
		<str name="support" translate="yes">
			<val>Destek Kodu</val>
		</str>
		<str name="quit" translate="yes">
			<val>ÇIK</val>
		</str>
		<str name="next" translate="yes">
			<val>İLERİ</val>
		</str>
		<str name="supportError" translate="yes">
			<val>Geçersiz destek kodu</val>
		</str>
	</set>
	
	<set name="error">
		<str name="title" translate="yes">
			<val>Bu ürün için lisanslama işlemi durdu</val>
		</str>
		<str name="message" translate="yes">
			<val>Bu ürünü şu anda kullanamazsınız. Ürünü kaldırıp yeniden yükleyerek sorunu gidermeniz veya yardım için BT yöneticiniz ya da Adobe müşteri desteği ile iletişime geçmeniz gerekiyor.</val>
		</str>
		<str name="error" translate="yes">
			<val>Hata Kodu: </val>
		</str>
		<str name="quit" translate="yes">
			<val>ÇIK</val>
		</str>
	</set>
	
	<set name="confirm">
		<str name="sure" translate="yes">
			<val>Bu iletişim kutusunu kapatmak istediğinizden emin misiniz?</val>
		</str>
		<str name="subCheckOffline" translate="yes">
			<val>Bağlantı kurulamadı. İnternet bağlantınızı kontrol edip daha sonra tekrar deneyin.</val>
		</str>
		<str name="yes" translate="yes">
			<val>EVET</val>
		</str>
		<str name="no" translate="yes">
			<val>HAYIR</val>
		</str>
		<str name="quit" translate="yes">
			<val>Çık</val>
		</str>
		<str name="continue" translate="yes">
			<val>Devam</val>
		</str>
		<str name="tryAgain" translate="yes">
			<val>YENİDEN DENE</val>
		</str>
		<str name="back" translate="yes">
			<val>GERİ</val>
		</str>
	</set>
	
	<set name="thanks">
		<str name="title" translate="yes">
			<val>Teşekkür Ederiz</val>
		</str>
		<str name="noservices" translate="yes">
			<val>Başlarken: Adobe Ürünleri</val>
		</str>
		<str name="services" translate="yes">
			<val>Başlarken: Adobe Ürünleri ve Hizmetleri</val>
		</str>
		<str name="subscription_1_2" translate="no">
			<val>Getting Started with your CS5 Subscription</val>
		</str>
		<str name="trialRegWithoutServices" translate="yes">
			<val>Adobe ID’nizi girdiğiniz ve bu ürüne olan ilginizi belirttiğiniz için teşekkür ederiz.</val>
		</str>
		<str name="trialRegWithServices" translate="yes">
			<val>Bir Adobe ID girerek yazılımınızı kaydettirdiniz ve deneme süresi boyunca Adobe CS Live hizmetlerine olan erişimi ayarladınız.</val>
		</str>
		<str name="regRegWithoutServices" translate="yes">
			<val>Bir Adobe ID girerek yazılımınızı kaydettirdiniz.</val>
		</str>
		<str name="regRegFailWithoutServices" translate="yes">
			<val>Şu anda ürününüz kaydedilemedi. Daha sonra tekrar deneyin.</val>
		</str>
		<str name="regRegFailWithServices" translate="yes">
			<val>Adobe CS Live aboneliğiniz başlatılamadı. Daha sonra tekrar deneyin.</val>
		</str>
		<str name="regRegIDCreate" translate="yes">
			<val>Yazılımınızı kaydettirmek ve Adobe CS Live hizmetlerine olan erişiminizi ayarlamak için Adobe ID’nizi kullandık.</val>
		</str>
		<str name="regRegIDUsed" translate="yes">
			<val>Bir Adobe ID girerek yazılımınızı kaydettirdiniz ve Adobe CS Live hizmetlerine olan erişimi ayarladınız.</val>
		</str>
		<str name="regRegSubscription_1_2" translate="no">
			<val>We've used your Adobe ID to set up your subscription and establish CS Live services.</val>
		</str>
		<str name="regRegDSP" translate="yes">
			<val>{0} aboneliğinizi başlatmak ve Adobe CS Live hizmetlerine olan erişiminizi ayarlamak için Adobe ID’nizi kullandık.</val>
		</str>
		<str name="userID" translate="yes">
			<val>Adobe ID’niz: {0}</val>
		</str>
		<str name="emailVerify" translate="yes">
			<val>Adobe CS Live Hizmetleri’ni kullanmaya başlamanız için e-posta doğrulaması gereklidir. E-posta gelen kutunuzu kontrol edin.</val>
		</str>
		<str name="profile" translate="yes">
			<val>Adobe ID profiliniz neredeyse tamamlandı. Profilinizi tamamlamak için burayı {0}tıklatın{1}.</val>
		</str>
		<str name="profilelink" translate="yes">
			<val>http://www.adobe.com/go/adobemembership_tr</val>
		</str>
		<str name="video1" translate="yes">
			<val>Görsel Eğitim Materyallerini görüntüleyin</val>
		</str>
		<str name="video2" translate="yes">
			<val>Adobe CS Live Hizmetleri’ni keşfedin</val>
		</str>
		<str name="video1link" translate="yes">
			<val>http://www.adobe.com/go/adobetv_howto</val>
		</str>
		<str name="video2link" translate="yes">
			<val>http://www.adobe.com/go/cslive_tr</val>
		</str>
		<str name="done" translate="yes">
			<val>BİTTİ</val>
		</str>
	</set>
	
	<set name="claimResponse">
		<str name="code_" translate="yes">
			<val></val>
		</str>
		<str name="code_EXCEPTION_TRIAL_EXISTS_FOR_TRIALID" translate="yes">
			<val>Adobe CS Live için zaten kaydoldunuz. Hizmetleri kullanmak için giriş yapın.</val>
		</str>
		<str name="code_EXCEPTION_TRIAL_SKU_LOOKUP_FAILED" translate="yes">
			<val>Adobe CS Live aboneliğiniz başlatılamadı. Daha sonra tekrar deneyin.</val>
		</str>

		<str name="code_EXCEPTION_DECODE_FAILED" translate="yes">
			<val>Geçersiz seri numarası. Adobe CS Live aboneliğiniz başlatılamadı.</val>
		</str>
		<str name="code_EXCEPTION_NO_SUCH_USER" translate="yes">
			<val>Adobe CS Live aboneliğiniz başlatılamadı. Daha sonra tekrar deneyin.</val>
		</str>
		<str name="code_EXCEPTION_INVALID_DATA" translate="yes">
			<val>Adobe CS Live aboneliğiniz başlatılamadı. Daha sonra tekrar deneyin.</val>
		</str>
		<str name="code_EXCEPTION_WCD_TIMEOUT" translate="yes">
			<val>Adobe CS Live aboneliğiniz başlatılamadı. Daha sonra tekrar deneyin.</val>
		</str>
		<str name="code_EXCEPTION_AUTHENTICATION_TIMEOUT" translate="yes">
			<val>Adobe CS Live aboneliğiniz başlatılamadı. Daha sonra tekrar deneyin.</val>
		</str>
		<str name="code_EXCEPTION_SNSERVER_TIMEOUT" translate="yes">
			<val>Adobe CS Live aboneliğiniz başlatılamadı. Daha sonra tekrar deneyin.</val>
		</str>
		<str name="code_EXCEPTION_WCD_SESSION_TIMEOUT" translate="yes">
			<val>Adobe CS Live aboneliğiniz başlatılamadı. Daha sonra tekrar deneyin.</val>
		</str>
		<str name="code_EXCEPTION_INTERNAL_TIMEOUT" translate="yes">
			<val>Adobe CS Live aboneliğiniz başlatılamadı. Daha sonra tekrar deneyin.</val>
		</str>
		<str name="code_EXCEPTION_INTERNAL_SERVER_ERROR" translate="yes">
			<val>Adobe CS Live aboneliğiniz başlatılamadı. Daha sonra tekrar deneyin.</val>
		</str>
		<str name="code_EXCEPTION_SUBSCRIPTION_ALREADY_CLAIMED" translate="yes">
			<val>Adobe CS Live için zaten kaydoldunuz. Hizmetleri kullanmak için giriş yapın.</val>
		</str>
		<str name="code_EXCEPTION_CLAIM_ALREADY_PROCESSED" translate="yes">
			<val>Bu seri numarası zaten bir Adobe CS Live aboneliği ile ilişkilendirilmiş. Hizmetleri kullanmak için giriş yapın.</val>
		</str>
		<str name="code_ESS_TIMEOUT" translate="yes">
			<val>Adobe CS Live aboneliğiniz başlatılamadı. Daha sonra tekrar deneyin.</val>
		</str>
		<str name="code_ESS_FAILURE" translate="yes">
			<val>Adobe CS Live aboneliğiniz başlatılamadı. Daha sonra tekrar deneyin.</val>
		</str>
		<str name="code_EXCEPTION_SYSTEM_UNAVAILABLE_noService_time" translate="yes">
			<val>Adobe Kayıt sunucusu şu anda bakım görüyor ve {0} itibariyle kullanılabilir olması bekleniyor. Bu durum için özür dileriz. Lütfen bu zaman geldiğinde yeniden deneyin.</val>
		</str>
		<str name="code_EXCEPTION_SYSTEM_UNAVAILABLE_noService_noTime" translate="yes">
			<val>Adobe Kayıt sunucusu şu anda bakım görüyor. Bu durum için özür dileriz. Lütfen daha sonra yeniden deneyin.</val>
		</str>
		<str name="code_EXCEPTION_SYSTEM_UNAVAILABLE_Service_Time" translate="yes">
			<val>Adobe CS Live şu anda bakım görüyor ve {0} itibariyle kullanılabilir olması bekleniyor. Bu durum için özür dileriz. Lütfen bu zaman geldiğinde yeniden deneyin.</val>
		</str>
		<str name="code_EXCEPTION_SYSTEM_UNAVAILABLE_Service_noTime" translate="yes">
			<val>Adobe CS Live şu anda bakım görüyor. Bu durum için özür dileriz. Lütfen daha sonra yeniden deneyin.</val>
		</str>
	</set>
	
	<set name="dspClaimResponse">
		<str name="failureStatusHeading" translate="yes">
			<val>{0} aboneliğiniz başlatılamıyor</val>
		</str>
		
		<str name="supLinkLbl_EXCEPTION_DECODE_FAILED" translate="yes">
			<val>Müşteri Desteği ile iletişim kurun</val>
		</str>			
		<str name="supLinkLbl_EXCEPTION_NO_SUCH_USER" translate="yes">
			<val>Müşteri Desteği ile iletişim kurun</val>
		</str>		
		<str name="supLinkLbl_EXCEPTION_INVALID_DATA" translate="yes">
			<val>Müşteri Desteği ile iletişim kurun</val>
		</str>
		<str name="supLinkLbl_EXCEPTION_SKU_LOOKUP_FAILED" translate="yes">
			<val>Müşteri Desteği ile iletişim kurun</val>
		</str>		
		<str name="supLinkLbl_EXCEPTION_AUTHENTICATION_TIMEOUT" translate="yes">
			<val>Müşteri Desteği ile iletişim kurun</val>
		</str>
		<str name="supLinkLbl_EXCEPTION_SNSERVER_TIMEOUT" translate="yes">
			<val>Müşteri Desteği ile iletişim kurun</val>
		</str>
		<str name="supLinkLbl_EXCEPTION_INTERNAL_TIMEOUT" translate="yes">
			<val>Müşteri Desteği ile iletişim kurun</val>
		</str>
		<str name="supLinkLbl_EXCEPTION_INTERNAL_SERVER_ERROR" translate="yes">
			<val>Müşteri Desteği ile iletişim kurun</val>
		</str>
		<str name="supLinkLbl_EXCEPTION_SYSTEM_UNAVAILABLE_time" translate="yes">
			<val>Müşteri Desteği ile iletişim kurun</val>
		</str>
		<str name="supLinkLbl_EXCEPTION_SYSTEM_UNAVAILABLE" translate="yes">
			<val>Müşteri Desteği ile iletişim kurun</val>
		</str>
		<str name="supLinkLbl_EXCEPTION_COMPANY_CODE_MISMATCH" translate="yes">
			<val>Daha Fazla Bilgi</val>
		</str>
		<str name="supLinkLbl_EXCEPTION_SUBSCRIPTION_ALREADY_CLAIMED_DIFF_ADOBEID" translate="yes">
			<val>Müşteri Desteği ile iletişim kurun</val>
		</str>
		<str name="supLinkLbl_ERROR_WITH_INFO" translate="yes">
			<val>Müşteri Desteği ile iletişim kurun</val>
		</str>
		<str name="supLinkLbl_GENERIC" translate="yes">
			<val>Müşteri Desteği ile iletişim kurun</val>
		</str>


		<str name="supLinkURL_EXCEPTION_DECODE_FAILED" translate="yes">
			<val>http://www.adobe.com/go/support_tr</val>
		</str>			
		<str name="supLinkURL_EXCEPTION_NO_SUCH_USER" translate="yes">
			<val>http://www.adobe.com/go/support_tr</val>
		</str>		
		<str name="supLinkURL_EXCEPTION_INVALID_DATA" translate="yes">
			<val>http://www.adobe.com/go/support_tr</val>
		</str>
		<str name="supLinkURL_EXCEPTION_SKU_LOOKUP_FAILED" translate="yes">
			<val>http://www.adobe.com/go/support_tr</val>
		</str>		
		<str name="supLinkURL_EXCEPTION_AUTHENTICATION_TIMEOUT" translate="yes">
			<val>http://www.adobe.com/go/support_tr</val>
		</str>
		<str name="supLinkURL_EXCEPTION_SNSERVER_TIMEOUT" translate="yes">
			<val>http://www.adobe.com/go/support_tr</val>
		</str>
		<str name="supLinkURL_EXCEPTION_INTERNAL_TIMEOUT" translate="yes">
			<val>http://www.adobe.com/go/support_tr</val>
		</str>
		<str name="supLinkURL_EXCEPTION_INTERNAL_SERVER_ERROR" translate="yes">
			<val>http://www.adobe.com/go/support_tr</val>
		</str>
		<str name="supLinkURL_EXCEPTION_SYSTEM_UNAVAILABLE_time" translate="yes">
			<val>http://www.adobe.com/go/support_tr</val>
		</str>
		<str name="supLinkURL_EXCEPTION_SYSTEM_UNAVAILABLE" translate="yes">
			<val>http://www.adobe.com/go/support_tr</val>
		</str>
		<str name="supLinkURL_EXCEPTION_COMPANY_CODE_MISMATCH" translate="yes">
			<val>http://www.adobe.com/go/subscription_learnmore_tr</val>
		</str>
		<str name="supLinkURL_EXCEPTION_SUBSCRIPTION_ALREADY_CLAIMED_DIFF_ADOBEID" translate="yes">
			<val>http://www.adobe.com/go/support_tr</val>
		</str>
		<str name="supLinkURL_ERROR_WITH_INFO" translate="yes">
			<val>http://www.adobe.com/go/support_tr</val>
		</str>
		<str name="supLinkURL_GENERIC" translate="yes">
			<val>http://www.adobe.com/go/support_tr</val>
		</str>
		
		
		<str name="code_EXCEPTION_DECODE_FAILED" translate="yes">
			<val>Lütfen Kapat öğesini seçin ve ürününüzü yeniden başlatın. Ürünü başlattıktan sonra sizden aboneliğinizi başlatmanız istenir.</val>
		</str>			
		<str name="code_EXCEPTION_NO_SUCH_USER" translate="yes">
			<val>Lütfen Kapat öğesini seçin ve ürününüzü yeniden başlatın. Ürünü başlattıktan sonra sizden aboneliğinizi başlatmanız istenir.</val>
		</str>		
		<str name="code_EXCEPTION_INVALID_DATA" translate="yes">
			<val>Lütfen Kapat öğesini seçin ve ürününüzü yeniden başlatın. Ürünü başlattıktan sonra sizden aboneliğinizi başlatmanız istenir.</val>
		</str>
		<str name="code_EXCEPTION_SKU_LOOKUP_FAILED" translate="yes">
			<val>Lütfen Kapat öğesini seçin ve ürününüzü yeniden başlatın. Ürünü başlattıktan sonra sizden aboneliğinizi başlatmanız istenir.</val>
		</str>		
		<str name="code_EXCEPTION_AUTHENTICATION_TIMEOUT" translate="yes">
			<val>Birkaç dakika bekleyin ve tekrar deneyin.</val>
		</str>
		<str name="code_EXCEPTION_SNSERVER_TIMEOUT" translate="yes">
			<val>Birkaç dakika bekleyin ve tekrar deneyin.</val>
		</str>
		<str name="code_EXCEPTION_INTERNAL_TIMEOUT" translate="yes">
			<val>Birkaç dakika bekleyin ve tekrar deneyin.</val>
		</str>
		<str name="code_EXCEPTION_INTERNAL_SERVER_ERROR" translate="yes">
			<val>Birkaç dakika bekleyin ve tekrar deneyin.</val>
		</str>
		<str name="code_EXCEPTION_SYSTEM_UNAVAILABLE_time" translate="yes">
			<val>Sunucularımız şu anda zamanlanmış bakım nedeniyle çevrimdışı. Gecikme için özür dileriz. Lütfen şu saatte tekrar deneyin: {0}</val>
		</str>
		<str name="code_EXCEPTION_SYSTEM_UNAVAILABLE" translate="yes">
			<val>Sunucularımız şu anda zamanlanmış bakım nedeniyle çevrimdışı. Gecikme için özür dileriz. Lütfen daha sonra tekrar deneyin.</val>
		</str>
		<str name="code_EXCEPTION_COMPANY_CODE_MISMATCH" translate="yes">
			<val>Bu ürünün satın alındığı ülke Adobe hesabınızda belirttiğiniz ülke ile eşleşmiyor. Farklı bir Adobe ID ile tekrar deneyin.</val>
		</str>
		<str name="code_EXCEPTION_SUBSCRIPTION_ALREADY_CLAIMED_DIFF_ADOBEID" translate="yes">
			<val>Kayıtlarımız bu aboneliğin şu anda farklı bir Adobe ID'ye atanmış olduğunu gösteriyor. Aboneliğinizi satın almak için kullandığınız Adobe ID ve şifre ile tekrar giriş yapın ve tekrar deneyin. Sorun devam ederse müşteri desteği ile iletişime geçin.</val>
		</str>
		
		<str name="code_ESS_TIMEOUT" translate="yes">
			<val>Birkaç dakika bekleyin ve tekrar deneyin.</val>
		</str>
		<str name="code_ESS_FAILURE" translate="yes">
			<val>Birkaç dakika bekleyin ve tekrar deneyin.</val>
		</str>
		
		<str name="code_GENERIC" translate="yes">
			<val>Lütfen Kapat öğesini seçin ve ürününüzü yeniden başlatın. Ürünü başlattıktan sonra sizden aboneliğinizi başlatmanız istenir.</val>
		</str>
	</set>
	
	<set name="bonus">
		<str name="instruct" translate="yes">
			<val>Bu ürünü etkinleştirmek için kullandığınız seri numarasının süresi doldu. Otomatik olarak devre dışı bırakılmadan önce, bu ürünü başlatmanız için son şansınız. Yeniden etkinleştirmek için, yeni bir seri numarası sağlamalı veya bir dahaki açılışta deneme sürümü başlatmalısınız.</val>
		</str>
		<str name="serial" translate="yes">
			<val>{0} için seri numarası</val>
		</str>
		<str name="purchase" translate="yes">
			<val>Adobe.com adresinden yeni bir seri numarası satın alabilirsiniz.</val>
		</str>
		<str name="agree" translate="yes">
			<val>Yazılım Lisans Sözleşmesi’ne bağlı kalarak, yazılım, otomatik olarak İnternet üzerinden etkinleştirmeyi deneyecek. Ayrıntılar için, bkz. {0}www.adobe.com/activation{1}</val>
		</str>
		<str name="agreeLink" translate="yes">
			<val>http://www.adobe.com/go/activation_tr</val>
		</str>
		<str name="supportLink" translate="yes">
			<val>http://www.adobe.com/go/support_tr</val>
		</str>
	</set>	

	<set name="forced">
		<str name="title" translate="yes">
			<val>Etkinleştirme Gerekli</val>
		</str>
		<str name="warning" translate="yes">
			<val>{0} bir İnternet bağlantısı üzerinden etkinleştirilemiyor.</val>
		</str>
		<str name="instruct" translate="yes">
			<val>Sisteminizi dolandırıcılıktan ve kötü amaçlı kodlardan korumak amacıyla, orijinal yazılıma sahip olduğunuzdan emin olmak ve bu ürünü kullanabilmek için etkinleştirme gerekir. Ürününüzü etkinleştirmek için sisteminizin İnternet'e bağlı olduğundan emin olun veya şu adımlardan birini izleyin.</val>
		</str>
		<str name="statement_days" translate="yes">
			<val>Ürününüz devre dışı bırakılmadan önce etkinleştirmeyi tamamlamanız için {0} gününüz var.</val>
		</str>
		<str name="statement_last" translate="yes">
			<val>Bu ürününüzün devre dışı bırakılmadan önceki son başlatılışıdır.</val>
		</str>
		<str name="statement_disabled" translate="yes">
			<val>Bu ürün etkinleştirilemediğinden devre dışı bırakıldı.</val>
		</str>
		<str name="rb1" translate="yes">
			<val>Bu bilgisayar şu anda İnternet'e bağlı. Etkinleştirmeyi yeniden dene.</val>
		</str>
		<str name="rb2" translate="yes">
			<val>Bu bilgisayar İnternet üzerinden etkinleştirilemiyor.</val>
		</str>
		<str name="rb3" translate="yes">
			<val>Bu uygulamayı bir sonraki başlatışımda İnternet üzerinden etkinleştirmeyi dene.</val>
		</str>
		<str name="learn" translate="yes">
			<val>{0}adobe.com/go/activation_tr{1} adresinde Adobe'nin etkinleştirme ilkesi hakkında daha fazla bilgi edinin.</val>
		</str>
		<str name="learnlink" translate="yes">
			<val>http://www.adobe.com/go/activation_tr</val>
		</str>
		<str name="next" translate="yes">
			<val>İLERİ</val>
		</str>
	</set>	

	<set name="phone">
		<str name="title" translate="yes">
			<val>Etkinleştirme Gerekli</val>
		</str>
		<str name="instructRet" translate="yes">
			<val>Bu bilgisayarla İnternet'e erişemiyorsanız {0}Müşteri Desteği{1} ile iletişime geçin.</val>
		</str>
		<str name="instructVol" translate="yes">
			<val>BT Yöneticinizin bu bilgisayarı etkinleştirmek için {0}Müşteri Desteği{1} ile iletişim kurmasını sağlayın.</val>
		</str>
		<str name="requireRet" translate="yes">
			<val>Müşteri Desteği temsilcisine şu bilgileri verin.</val>
		</str>
		<str name="requireVol" translate="yes">
			<val>BT Yöneticinizin Müşteri Desteği temsilcisine şu bilgileri vermesini sağlayın.</val>
		</str>
		<str name="problem" translate="yes">
			<val>Sorun:</val>
		</str>
		<str name="license" translate="yes">
			<val>Lisans:</val>
		</str>
		<str name="detail1" translate="yes">
			<val>Ayrıntı 1:</val>
		</str>
		<str name="detail2" translate="yes">
			<val>Ayrıntı 2:</val>
		</str>
		<str name="serialRet" translate="yes">
			<val>Varsa, Müşteri Desteği temsilcisi tarafından size verilen numarayı girin.</val>
		</str>
		<str name="serialVol" translate="yes">
			<val>Varsa, BT Yöneticiniz tarafından size verilen numarayı girin.</val>
		</str>
		<str name="learn" translate="yes">
			<val>{0}adobe.com/go/activation_tr{1} adresinde Adobe'nin etkinleştirme ilkesi hakkında daha fazla bilgi edinin.</val>
		</str>
		<str name="learnlink" translate="yes">
			<val>http://www.adobe.com/go/activation_tr</val>
		</str>
		<str name="back" translate="yes">
			<val>GERİ</val>
		</str>
		<str name="done" translate="yes">
			<val>BİTTİ</val>
		</str>
	</set>
	
	<set name="subWelcome_1_2">
		<str name="info" translate="no">
			<val>To launch your product you will need a subscription serial number. Click SUBSCRIBE NOW if you are new to Creative Suite Subscriptions.</val>
		</str>
		<str name="current" translate="no">
			<val>Current Subscribers</val>
		</str>
		<str name="currentInfo" translate="no">
			<val>If you already have a Design Premium CS5 Subscription Edition serial number, please click NEXT to enter it and begin. All current subscribers of Design Premium CS4 Subscription Edition should have received an upgrade serial number via email.</val>
		</str>
		<str name="setUp" translate="no">
			<val>Set up your new subscription account</val>
		</str>
		<str name="billing" translate="no">
			<val>Subscription billing and management is handled through eSellerate, a third party provider.</val>
		</str>
		<str name="subscribeNow" translate="no">
			<val>SUBSCRIBE NOW</val>
		</str>
		<str name="newPurchase" translate="no">
			<val>All newly purchased subscriptions include a coupon code (located on the back of your disk) that you will be able to redeem to receive your first month of subscription for free.</val>
		</str>
		<str name="next" translate="no">
			<val>NEXT</val>
		</str>
		<str name="quit" translate="no">
			<val>QUIT</val>
		</str>
	</set>

	<set name="subMain_1_2">
		<str name="subscribeNow" translate="no">
			<val>SUBSCRIBE NOW</val>
		</str>
		<str name="buyLink" translate="no">
			<val>http://www.esellerate.net</val>
		</str>
		<str name="subscriptionInfo" translate="no">
			<val>Subscription billing and management is handled through eSellerate, a third party provider.</val>
		</str>
		<str name="expiredInfo" translate="no">
			<val>To use the product you will need to purchase a subscription through eSellerate.</val>
		</str>
	</set>
	
	<set name="claimResponse_1_2">
		<str name="code_" translate="no">
			<val></val>
		</str>
		<str name="code_EXCEPTION_DECODE_FAILED" translate="no">
			<val>Invalid serial number. Could not start your CS5 Design Premium subscription.</val>
		</str>
		<str name="code_EXCEPTION_NO_SUCH_USER" translate="no">
			<val>Could not start your CS5 Design Premium subscription. Try again later.</val>
		</str>
		<str name="code_EXCEPTION_INVALID_DATA" translate="no">
			<val>Could not start your CS5 Design Premium subscription. Try again later.</val>
		</str>
		<str name="code_EXCEPTION_WCD_TIMEOUT" translate="no">
			<val>Could not start your CS5 Design Premium subscription. Try again later.</val>
		</str>
		<str name="code_EXCEPTION_SNSERVER_TIMEOUT" translate="no">
			<val>Could not start your CS5 Design Premium subscription. Try again later.</val>
		</str>
		<str name="code_EXCEPTION_WCD_SESSION_TIMEOUT" translate="no">
			<val>Could not start your CS5 Design Premium subscription. Try again later.</val>
		</str>
		<str name="code_EXCEPTION_INTERNAL_TIMEOUT" translate="no">
			<val>Could not start your CS5 Design Premium subscription. Try again later.</val>
		</str>
		<str name="code_EXCEPTION_INTERNAL_SERVER_ERROR" translate="no">
			<val>Could not start your CS5 Design Premium subscription. Try again later.</val>
		</str>
		<str name="code_ESS_TIMEOUT" translate="no">
			<val>Could not start your CS5 Design Premium subscription. Try again later.</val>
		</str>
		<str name="code_ESS_FAILURE" translate="no">
			<val>Could not start your CS5 Design Premium subscription. Try again later.</val>
		</str>
		<str name="code_EXCEPTION_SYSTEM_UNAVAILABLE" translate="no">
			<val>We are currently undergoing maintenance. We apologize for this inconvenience. Please try again later to start your subscription.</val>
		</str>
	</set>

	<set name="subError_1_2">
		<str name="associateFailed" translate="no">
			<val>We are unable to activate your product at this time. You can hit the Back button to try to activate the product again, or to attempt to launch the product in trial mode.</val>
		</str>
		<str name="associateFailed_ID" translate="no">
			<val>We are unable to activate your product at this time. You can hit the Back button to try to activate the product again.</val>
		</str>
		<str name="assocUserNotAuthErr" translate="no">
			<val>The Adobe ID you entered is different than the Adobe ID used to originally activate this subscription. You can hit the Back button to try to activate the product again using a different Adobe ID, or to activate the product using a new subscription serial number.</val>
		</str>
		<str name="assocUserNotAuthErr_ID" translate="no">
			<val>The Adobe ID you entered is different than the Adobe ID used to originally activate this subscription. You can hit the Back button to try to activate the product again using a different Adobe ID.</val>
		</str>
		<str name="checkEntitlementFailed" translate="no">
			<val>We are unable to activate your product at this time. Please try again later.</val>
		</str>
		<str name="disAllIntervalErr" translate="no">
			<val>You have exceeded the maximum number of deactivation attempts allowed in this time period. Please try again later.</val>
		</str>
	</set>

	<set name="subExpired_1_2">
		<str name="instruct_exp" translate="no">
			<val>The serial number you used to purchase this product has expired. If you did not intend to let your Design Premium subscription expire, please call Adobe Customer Care at 
1800-614-863 to resolve the issue.</val>
		</str>
		<str name="instruct_bonus" translate="no">
			<val>The serial number you used to purchase this product has expired. This is your last opportunity to launch the product before it is automatically deactivated. To reactivate, you must provide a new serial number now. If not, your next launch will start  in trial mode and you can provide a new serial number at that time. If you did not intend to let your Design Premium subscription expire, please call Adobe Customer Care at 1800-614-863 to resolve the issue.</val>
		</str>
		<str name="serial" translate="no">
			<val>Serial number for {0}</val>
		</str>
		<str name="purchase" translate="no">
			<val>You can purchase a new subscription serial number through eSellerate, a third party provider.</val>
		</str>
		<str name="back" translate="no">
			<val>BACK</val>
		</str>
		<str name="continue" translate="no">
			<val>CONTINUE</val>
		</str>
		<str name="subscribeNow" translate="no">
			<val>SUBSCRIBE NOW</val>
		</str>
	</set>
	
	<set name="subOverAct_1_2">
		<str name="disassociate" translate="no">
			<val>Deactivate all computers and retry activation. You will be able to reactivate on one of your other computers by logging in with your Adobe ID at product launch.</val>
		</str>
		<str name="provide" translate="no">
			<val>Provide another serial number for this product.</val>
		</str>
		<str name="subscribeNow" translate="no">
			<val>SUBSCRIBE NOW</val>
		</str>
		<str name="back" translate="no">
			<val>BACK</val>
		</str>
		<str name="continue" translate="no">
			<val>CONTINUE</val>
		</str>
	</set>
	
	<set name="subConErr_1_2">
		<str name="title" translate="no">
			<val>Verifying Subscription Status</val>
		</str>
		<str name="progress" translate="no">
			<val>Verifying Subscription Status...</val>
		</str>
		<str name="contact" translate="no">
			<val>We need to contact Adobe Servers every thirty days to validate the status of your Design Premium subscription. In order to conduct this validation you must be connected to the internet. After we have verified your status, you can disconnect from the internet.</val>
		</str>
		<str name="contactExp" translate="no">
			<val>We need to contact Adobe Servers every thirty days to validate the status of your Design Premium subscription. In order to conduct this validation you must be connected to the internet. After we have verified your status, you can disconnect from the internet. If you do not successfully connect to the internet, this will be the last time you will be able to launch your product offline.</val>
		</str>
		<str name="error" translate="no">
			<val>Please connect to the Internet, then press Continue</val>
		</str>			
		<str name="assist" translate="no">
			<val>Connection Support</val>
		</str>			
		<str name="continue" translate="no">
			<val>CONTINUE</val>
		</str>
		<str name="assistlink" translate="no">
			<val>http://www.adobe.com</val>
		</str>
		<str name="continue" translate="no">
			<val>CONTINUE</val>
		</str>
	</set>
	
	<set name="dspReminder">
		<str name="reminder" translate="yes">
			<val>Abonelik Anımsatıcısı</val>
		</str>
		<str name="grace" translate="yes">
			<val>Aboneliğin Süresi Doldu</val>
		</str>
		<str name="infoReminder" translate="yes">
			<val>Aboneliğinizin süresi yakında dolacak.</val>
		</str>
		<str name="infoGrace" translate="yes">
			<val>{0} aboneliğinizin süresi dolmuş.</val>
		</str>
		<str name="offline" translate="yes">
			<val>İnternete bağlanılamadı. Bağlantı ayarlarınızı kontrol edin ve Yeniden Dene'yi seçin.</val>
		</str>
		<str name="reminderPeriod" translate="yes">
			<val>Kayıtlarımız bu abonelik hesabıyla bir kredi kartının ilişkilendirilmediğini gösteriyor. Bir kredi kartı sağlamak ve aboneliğinizi yenilemek için Yenile öğesini seçin.</val>
		</str>
		<str name="reminderPeriodOffline" translate="yes">
			<val>Kayıtlarımız bu abonelik hesabıyla bir kredi kartının ilişkilendirilmediğini gösteriyor. Bir kredi kartı sağlamak ve aboneliğinizi yenilemek için Yenile öğesini seçin.</val>
		</str>
		<str name="gracePeriod" translate="yes">
			<val>Ürününüzü kesintisiz kullanmaya devam etmek için Yenile öğesini seçin. Aboneliğinizi yenilemek için tanınan kısa bir süre vardır. Bu süre bittikten sonra ürüne erişemezsiniz.</val>
		</str>
		<str name="gracePeriodOffline" translate="yes">
			<val>Bu ürünü kullanabilmek için çalışan bir İnternet bağlantınızın olması gerekir. Aboneliğinizi yenilemek için tanınan kısa bir süre vardır. Bu süre bittikten sonra ürüne erişemezsiniz.</val>
		</str>
		<str name="bonusPeriod" translate="yes">
			<val>Ürününüzü kesintisiz kullanmaya devam etmek için Yenile öğesini seçin. Aboneliğinizi yenilemezseniz ürününüze erişemezsiniz. Aboneliğinizi yakın zamanda yenilediyseniz en az 15 dakika bekleyin ve ürünü yeniden başlatın.</val>
		</str>
		<str name="viewPolicy" translate="yes">
			<val>Abonelik İlkesi'ni Görüntüle</val>
		</str>
		<str name="subPolicyLink" translate="yes">
			<val>http://www.adobe.com/go/subscription_policy_tr</val>
		</str>
		<str name="subscriptionLink" translate="no">
			<val>http://www.adobe.com/go/subscriptionedition</val>
		</str>
		<str name="daysRemain" translate="yes">
			<val>GÜN KALDI</val>
		</str>
		<str name="daysRemainAlternate" translate="yes">
			<val>KALAN GÜN</val>
		</str>
		<str name="later" translate="yes">
			<val>DAHA SONRA ANIMSAT</val>
		</str>
		<str name="continue" translate="yes">
			<val>DEVAM</val>
		</str>
		<str name="tryAgain" translate="yes">
			<val>YENİDEN DENE</val>
		</str>
		<str name="renew" translate="yes">
			<val>YENİLE</val>
		</str>
	</set>
	
	<set name="dspExpired">
		<str name="title" translate="yes">
			<val>Aboneliğin Süresi Doldu</val>
		</str>
		<str name="renewOption" translate="yes">
			<val>{0} aboneliğimi yenile</val>
		</str>
		<str name="renewMsg" translate="yes">
			<val>Ürününüzü kesintisiz kullanmak için Yenile öğesini seçin. Aboneliğinizi yakın zamanda yenilediyseniz 15 dakika bekleyin ve ardından tekrar deneyin.</val>
		</str>
		<str name="renewLinkText" translate="yes">
			<val>Yenile</val>
		</str>
		<str name="renewLink" translate="no">
			<val>http://www.adobe.com/go/subscriptionedition</val>
		</str>
		<str name="serialOption" translate="yes">
			<val>Yeni bir seri numarası girin</val>
		</str>
		<str name="purchaseLinkText" translate="yes">
			<val>Adobe Yazılımını Satın Alın</val>
		</str>
		<str name="serialError" translate="yes">
			<val>Bu seri numarası bu ürün için geçerli değil.</val>
		</str>
		<str name="locateTT" translate="yes">
			<val>Seri numaranız DVD kapağının arkasında, Adobe Open Options lisans sertifikasının üzerinde veya Adobe.com Store’dan e-posta ile gelen faturanızdadır (yalnızca indirerek satın almalarda geçerlidir).</val>
		</str>
		<str name="used" translate="yes">
			<val>Bu seri numarası şunun için kullanılacaktır: {0}</val>
		</str>			
		<str name="agree" translate="yes">
			<val>Yazılım Lisans Sözleşmesi uyarınca yazılım, otomatik olarak İnternet üzerinden etkinleştirmeyi deneyecek. Ayrıntılar için bkz. {0}www.adobe.com/tr/activation/{1}.</val>
		</str>
		<str name="activationLink" translate="yes">
			<val>http://www.adobe.com/go/activation_tr</val>
		</str>
		<str name="continue" translate="yes">
			<val>DEVAM</val>
		</str>
		<str name="tryAgain" translate="yes">
			<val>YENİDEN DENE</val>
		</str>
		<str name="quit" translate="yes">
			<val>ÇIK</val>
		</str>
	</set>
	
	<set name="dspOverActivation">
		<str name="title" translate="yes">
			<val>Etkinleştirme</val>
		</str>
		<str name="limit" translate="yes">
			<val>{0} başka bir makinede zaten etkin</val>
		</str>
		<str name="alreadyActivated" translate="yes">
			<val>Kayıtlarımız bu ürünün başka bir bilgisayarda zaten etkinleştirildiğini gösteriyor. Bu makinede aboneliğinizi etkinleştirmek ve diğer bilgisayarda devre dışı bırakmak için İleri öğesini seçin.</val>
		</str>
		<str name="actPolicyLinkText" translate="yes">
			<val>Etkinleştirme İlkesi'ni Görüntüleyin</val>
		</str>
		<str name="actPolicyLink" translate="yes">
			<val>http://www.adobe.com/go/activation_tr</val>
		</str>
		<str name="quit" translate="yes">
			<val>ÇIK</val>
		</str>
		<str name="next" translate="yes">
			<val>İLERİ</val>
		</str>
	</set>
	
	<set name="dspUnableToActivate">
		<str name="title" translate="yes">
			<val>Etkinleştirme</val>
		</str>
		<str name="failureMessage" translate="yes">
			<val>{0} ürününü etkinleştiremiyoruz</val>
		</str>
		<str name="labelHead" translate="yes">
			<val>Bu ürünü kullanmak için ürün etkinleştirmesi gerekir.</val>
		</str>
		<str name="message" translate="yes">
			<val>Bu ürünü etkinleştirmek için çalışan bir İnternet bağlantınız olması gerekir. Bağlantı ayarlarınızı kontrol edin ve Yeniden Dene'yi seçin.</val>
		</str>
		<str name="activationMessage" translate="yes">
			<val>Etkinleştirme hakkında daha fazla bilgi edinmek için {0}Adobe Etkinleştirme İlkesi{1}’ne bakın.</val>
		</str>
		<str name="activationLink" translate="yes">
			<val>http://www.adobe.com/go/activation_tr</val>
		</str>
		<str name="quit" translate="yes">
			<val>ÇIK</val>
		</str>
		<str name="tryAgain" translate="yes">
			<val>YENİDEN DENE</val>
		</str>
	</set>
	
	<set name="dspErrorTryAgain">
		<str name="title" translate="yes">
			<val>Yeniden Dene</val>
		</str>
		<str name="header" translate="yes">
			<val>{0} aboneliğinizi başlatamıyoruz</val>
		</str>
		
		<str name="checkEntitlementGenericError_Title" translate="yes">
			<val>{0} aboneliği başlatılamıyor</val>
		</str>
		<str name="checkEntitlementGenericError_Message" translate="yes">
			<val>Birkaç dakika bekleyin ve tekrar deneyin.</val>
		</str>
		<str name="checkEntitlementGenericError_LinkText" translate="yes">
			<val>Müşteri Desteği ile iletişim kurun</val>
		</str>
		<str name="checkEntitlementGenericError_Link" translate="yes">
			<val>http://www.adobe.com/go/support_tr</val>
		</str>
		<str name="checkEntitlementGenericError_Next" translate="yes">
			<val>YENİDEN DENE</val>
		</str>
		<str name="checkEntitlementGenericError_Back" translate="yes">
			<val>KAPAT</val>
		</str>
		
		<str name="checkEntitlementOfflineError_Title" translate="yes">
			<val>Şu anda İnternete bağlı değilsiniz</val>
		</str>
		<str name="checkEntitlementOfflineError_Message" translate="yes">
			<val>Bu ürünü kullanmak için İnternete bağlı olmanız gerekir. Ağ bağlantınızın etkin olduğundan emin olun ve tekrar denemek için düğmeyi tıklatın. Bu hatayla karşılaşmaya devam ederseniz müşteri desteği ile iletişime geçin.</val>
		</str>
		<str name="checkEntitlementOfflineError_LinkText" translate="yes">
			<val>Müşteri Desteği ile iletişim kurun</val>
		</str>
		<str name="checkEntitlementOfflineError_Link" translate="yes">
			<val>http://www.adobe.com/go/support_tr</val>
		</str>
		<str name="checkEntitlementOfflineError_Next" translate="yes">
			<val>YENİDEN DENE</val>
		</str>
		<str name="checkEntitlementOfflineError_Back" translate="yes">
			<val>GERİ</val>
		</str>
		
		<str name="tryAgain" translate="yes">
			<val>YENİDEN DENE</val>
		</str>
		<str name="close" translate="yes">
			<val>KAPAT</val>
		</str>
	</set>
	
	<set name="dspVerified">
		<str name="title" translate="yes">
			<val>Teşekkür Ederiz</val>
		</str>
		<str name="verified" translate="yes">
			<val>{0} aboneliğiniz artık etkin. Ürününüzü kullanmak için Devam öğesini seçin.</val>
		</str>
		<str name="continue" translate="yes">
			<val>DEVAM</val>
		</str>
	</set>
	
	<set name="calendar">
		<str name="remaining" translate="yes">
			<val>{0} gün kaldı</val>
		</str>
		<str name="remainingAlternate" translate="yes">
			<val>{0} gün kaldı</val>
		</str>
	</set>
	
	<set name="dspPrescreenResponse">
		<str name="header_NOT_ENABLED" translate="yes">
			<val>{0} aboneliğinizin süresi dolmuş</val>
		</str>
		<str name="body_NOT_ENABLED" translate="yes">
			<val>Aboneliğinizi yenileyin veya farklı bir seri numarası girmek için Geri öğesini seçin.</val>
		</str>
		<str name="linkText_NOT_ENABLED" translate="yes">
			<val>Aboneliğimi yenile</val>
		</str>
		<str name="link_NOT_ENABLED" translate="no">
			<val>http://www.adobe.com/go/subscriptionedition</val>
		</str>
		<str name="header_OFFLINE" translate="yes">
			<val>İnternete bağlanılamıyor.</val>
		</str>
		<str name="body_OFFLINE" translate="yes">
			<val>Bu ürünü kullanmak için çalışan bir İnternet bağlantınız olması gerekir. Bağlantı ayarlarınızı kontrol edin ve Yeniden Dene'yi seçin. Sorun yaşamaya devam ederseniz müşteri desteği ile iletişime geçin.</val>
		</str>
		<str name="linkText_OFFLINE" translate="yes">
			<val>Müşteri Desteği ile iletişim kurun</val>
		</str>
		<str name="link_OFFLINE" translate="yes">
			<val>http://www.adobe.com/go/support_tr</val>
		</str>
		<str name="header_GENERIC_ERROR" translate="yes">
			<val>{0} aboneliğinizi başlatamıyoruz</val>
		</str>
		<str name="body_GENERIC_ERROR" translate="yes">
			<val>Birkaç dakika bekleyin ve tekrar deneyin.</val>
		</str>
		<str name="linkText_GENERIC_ERROR" translate="yes">
			<val>Müşteri Desteği ile iletişim kurun</val>
		</str>
		<str name="link_GENERIC_ERROR" translate="yes">
			<val>http://www.adobe.com/go/support_tr</val>
		</str>
		<str name="back" translate="yes">
			<val>GERİ</val>
		</str>
		<str name="tryAgain" translate="yes">
			<val>YENİDEN DENE</val>
		</str>
	</set>
	
	<set name="dspSuspended">
		<str name="title_actSuspended" translate="yes">
			<val>Etkinleştirme</val>
		</str>
		<str name="header_actSuspended" translate="yes">
			<val>{0} ürününü etkinleştiremiyoruz</val>
		</str>
		<str name="msg1_actSuspended" translate="yes">
			<val>Sisteminizdeki tarih sunucumuzdaki tarihle eşleşmiyor.</val>
		</str>
		<str name="msg2_actSuspended" translate="yes">
			<val>Adobe Sunucu Tarihi: {0}</val>
		</str>
		<str name="msg3_actSuspended" translate="yes">
			<val>Sistem tarihiniz Adobe sunucu tarihinin üç gün önünde olabilir. Bilgisayarınızdaki tarih ayarlarını kontrol edin ve Yeniden Dene'yi seçin. Hala sorun yaşıyorsanız müşteri desteği ile iletişime geçin.</val>
		</str>

		<str name="title_subSuspended" translate="yes">
			<val>Abonelik Askıya Alındı</val>
		</str>
		<str name="header_subSuspended" translate="yes">
			<val>{0} aboneliği askıya alındı</val>
		</str>
		<str name="msg1_subSuspended" translate="yes">
			<val>Sisteminizdeki tarih sunucumuzdaki tarihle eşleşmiyor.</val>
		</str>
		<str name="msg2_subSuspended" translate="yes">
			<val>Adobe Sunucu Tarihi: {0}</val>
		</str>
		<str name="msg3_subSuspended" translate="yes">
			<val>Sistem tarihiniz Adobe sunucu tarihinin üç gün önünde veya gerisinde olabilir. Bilgisayarınızdaki tarih ayarlarını kontrol edin ve Yeniden Dene'yi seçin. Sorun yaşamaya devam ederseniz müşteri desteği ile iletişime geçin.</val>
		</str>
		
		<str name="title_subWindback" translate="yes">
			<val>Abonelik Askıya Alındı</val>
		</str>
		<str name="header_subWindback" translate="yes">
			<val>{0} aboneliği askıya alındı</val>
		</str>
		<str name="msg1_subWindback" translate="yes">
			<val>Sisteminizdeki tarih ve saat değişmiş olabilir.</val>
		</str>
		<str name="msg3_subWindback" translate="yes">
			<val>Bilgisayarınızdaki tarih ve saat ayarlarını kontrol edin ve Yeniden Dene'yi seçin. Sorun yaşamaya devam ederseniz müşteri desteği ile iletişime geçin.</val>
		</str>

		<str name="custSuppAsst" translate="yes">
			<val>Müşteri Desteği ile iletişim kurun</val>
		</str>
		<str name="supportlink" translate="yes">
			<val>http://www.adobe.com/go/support_tr</val>
		</str>
		<str name="actPolicyLinkText" translate="yes">
			<val>Etkinleştirme İlkesi'ni Görüntüle</val>
		</str>
		<str name="actPolicyLink" translate="yes">
			<val>http://www.adobe.com/go/activation_tr</val>
		</str>
		<str name="quit" translate="yes">
			<val>ÇIK</val>
		</str>
		<str name="tryAgain" translate="yes">
			<val>YENİDEN DENE</val>
		</str>
	</set>
	
	<set name="dateTimeFormats">
		<str name="dateFormat_Long" translate="yes">
			<val>{1} {0} {2}</val>
		</str>
	</set>

	<set name="monthsFull">
		<str name="1" translate="yes">
			<val>Oca</val>
		</str>
		<str name="2" translate="yes">
			<val>Şub</val>
		</str>
		<str name="3" translate="yes">
			<val>Mar</val>
		</str>
		<str name="4" translate="yes">
			<val>Nis</val>
		</str>
		<str name="5" translate="yes">
			<val>May</val>
		</str>
		<str name="6" translate="yes">
			<val>Haz</val>
		</str>
		<str name="7" translate="yes">
			<val>Tem</val>
		</str>
		<str name="8" translate="yes">
			<val>Ağu</val>
		</str>
		<str name="9" translate="yes">
			<val>Eyl</val>
		</str>
		<str name="10" translate="yes">
			<val>Eki</val>
		</str>
		<str name="11" translate="yes">
			<val>Kas</val>
		</str>
		<str name="12" translate="yes">
			<val>Ara</val>
		</str>
	</set>
	
	<set name="authProxy">
		<str name="instruct" translate="yes">
			<val>Proxy sunucusu kullanıcı adınızı ve şifrenizi girin:</val>
		</str>
		<str name="username" translate="yes">
			<val>Kullanıcı adı:</val>
		</str>
		<str name="password" translate="yes">
			<val>Şifre:</val>
		</str>
		<str name="remember" translate="yes">
			<val>Şifremi hatırla</val>
		</str>
		<str name="fail" translate="yes">
			<val>Kullanıcının kimliği doğrulanamıyor. Lütfen kullanıcı adını ve şifreyi kontrol edip tekrar deneyin.</val>
		</str>
		<str name="ok" translate="yes">
			<val>TAMAM</val>
		</str>
		<str name="cancel" translate="yes">
			<val>İPTAL</val>
		</str>
	</set>

	<set name="isoToLanguage">
								<str name="ar_AE" translate="no"><val>العربية</val></str>
		<str name="en_GB" translate="no"><val>English (International)</val></str> 
		<str name="fr_CA" translate="no"><val>Français canadien</val></str>
		<str name="es_QM" translate="no"><val>Español (Middle East)</val></str>
		<str name="es_LA" translate="no"><val>Español de América Latina</val></str>
		<str name="es_NA" translate="no"><val>Español Norteamericano</val></str>
		<str name="bg_BG" translate="no"><val>Български</val></str>
		<str name="lv_LV" translate="no"><val>Latviešu</val></str>
		<str name="et_EE" translate="no"><val>Eesti</val></str>
		<str name="hr_HR" translate="no"><val>hrvatski</val></str>
		<str name="sl_SI" translate="no"><val>slovenščina</val></str>
		<str name="sk_SK" translate="no"><val>slovenčina</val></str>
		<str name="th_TH" translate="no"><val>ภาษาไทย</val></str> 
		<str name="vi_VN" translate="no"><val>Việt</val></str>
		<str name="en_XC" translate="no"><val>English (Central Europe)</val></str> 
		<str name="en_XM" translate="no"><val>English (Middle East)</val></str>
		<str name="fr_XM" translate="no"><val>Français Oriental Moyen</val></str>
		<str name="sq_AL" translate="no"><val>Shqip</val></str> 
								<str name="ar_SA" translate="no"><val>العربية</val></str>
		<str name="be_BY" translate="no"><val>Беларуская</val></str> 
		<str name="ca_ES" translate="no"><val>Català</val></str> 
								<str name="hi_IN" translate="no"><val>हिन्दी</val></str>
		<str name="is_IS" translate="no"><val>Íslenska</val></str> 
		<str name="lt_LT" translate="no"><val>Lietuvių</val></str>
		<str name="mk_MK" translate="no"><val>македонски</val></str>
		<str name="nn_NO" translate="no"><val>Norsk (Nynorsk)</val></str>
		<str name="pt_PT" translate="no"><val>Português de Portugal</val></str> 
		<str name="sh_YU" translate="no"><val>Srpsko-Hrvatski</val></str> 
		<str name="sr_YU" translate="no"><val>Cрпски</val></str> 
		<str name="kk_KZ" translate="no"><val>Қазақ</val></str>
		<str name="az_AZ" translate="no"><val>Azərbaycan dili</val></str> 
		<str name="es_MX" translate="no"><val>Español (América Latina)</val></str>
		<str name="no_NO" translate="no"><val>Norwegian</val></str> 
		<str name="cs_CZ" translate="no"><val>Česky</val></str>
		<str name="de_DE" translate="no"><val>Deutsch</val></str>
		<str name="el_GR" translate="no"><val>Ελληνικά</val></str>
		<str name="en_US" translate="no"><val>English (North America)</val></str> 
		<str name="es_ES" translate="no"><val>Español</val></str> 
		<str name="fr_FR" translate="no"><val>Français</val></str>
								<str name="he_IL" translate="no"><val>עברית</val></str> 
		<str name="hu_HU" translate="no"><val>Magyar</val></str> 
		<str name="it_IT" translate="no"><val>Italiano</val></str>
		<str name="ja_JP" translate="no"><val>日本語</val></str>
		<str name="ko_KR" translate="no"><val>한국어</val></str>
		<str name="nl_NL" translate="no"><val>Nederlands</val></str>
		<str name="pl_PL" translate="no"><val>Polski</val></str>
		<str name="ro_RO" translate="no"><val>Română</val></str>
		<str name="ru_RU" translate="no"><val>Pусский</val></str>
		<str name="sv_SE" translate="no"><val>Svenska</val></str>
		<str name="tr_TR" translate="no"><val>Türkçe</val></str>
		<str name="uk_UA" translate="no"><val>Українська</val></str>
		<str name="zh_CN" translate="no"><val>简体中文</val></str>
		<str name="zh_TW" translate="no"><val>繁體中文</val></str>
		<str name="da_DK" translate="no"><val>Dansk</val></str>
		<str name="fi_FI" translate="no"><val>Suomi</val></str>
		<str name="nb_NO" translate="no"><val>Norsk (Bokmål)</val></str> 
		<str name="pt_BR" translate="no"><val>Português do Brasil</val></str>
	</set>
		
</asf>
