<?xml version='1.0' encoding='utf-8'?>
<!DOCTYPE asf SYSTEM "http://ns.adobe.com/asf/asf_1_0.dtd" >
<asf xmlns="http://ns.adobe.com/asf" locale="zh_TW" version="1.0">

	<set name="ButtonLabel">
		<str name="Yes" translate="yes">
			<val>是</val>
		</str>
		<str name="No" translate="yes">
			<val>否</val>
		</str>
		<str name="Accept" translate="yes">
			<val>接受</val>
		</str>
		<str name="Install" translate="yes">
			<val>安裝</val>
		</str>
		<str name="Uninstall" translate="yes">
			<val>解除安裝</val>
		</str>
		<str name="OK" translate="yes">
			<val>確定</val>
		</str>
		<str name="Continue" translate="yes">
			<val>繼續</val>
		</str>
		<str name="Back" translate="yes">
			<val>上一步</val>
		</str>
		<str name="Cancel" translate="yes">
			<val>取消</val>
		</str>
        <str name="Close" translate="yes">
            <val>關閉</val>
        </str>
		<str name="Quit" translate="yes">
			<val>結束</val>
		</str>
		<str name="SignIn" translate="yes">
			<val>登入</val>
		</str>
		<str name="SignInNow" translate="yes">
			<val>立即登入</val>
		</str>
		<str name="SignInLater" translate="yes">
			<val>稍後登入</val>
		</str>
		<str name="StartAgain" translate="yes">
			<val>再次啟動</val>
		</str>
		<str name="Retry" translate="yes">
			<val>重試</val>
		</str>
		<str name="Verify" translate="yes">
			<val>驗證</val>
		</str>
		<str name="ConnectLater" translate="yes">
			<val>稍後連線</val>
		</str>
	</set>
	
	<set name="DialogueTitle">
		<str name="Quit" translate="yes">
			<val>結束</val>
		</str>
	</set>

	<set name="Welcome">
		<str name="Title" translate="yes">
			<val>歡迎</val>
		</str>
		<str name="OptionOne" translate="yes">
			<val>使用序號進行安裝</val>
		</str>
		<str name="OptionOneInfo" translate="yes">
			<val>我有序號。</val>
		</str>
		<str name="OptionTwo" translate="yes">
			<val>啟動我的訂閱</val>
		</str>
		<str name="OptionTwoInfo" translate="yes">
			<val>我有訂閱。</val>
		</str>
		<str name="OptionThree" translate="yes">
			<val>安裝試用版</val>
		</str>
		<str name="OptionThreeInfo" translate="yes">
			<val>我想要試用 {0} 一段時間。</val>
		</str>
		<set name="MBLS">
			<str name="OptionOne" translate="yes">
				<val>安裝</val>
			</str>
			<str name="OptionOneInfo" translate="yes">
				<val>我已購買</val>
			</str>
			<str name="OptionTwo" translate="yes">
				<val>試用</val>
			</str>
			<str name="OptionTwoInfo" translate="yes">
				<val>我想在一段時間內試用 {0}</val>
			</str>
		</set>
	</set>
	
	<set name="EULA">
		<str name="Title" translate="yes">
			<val>Adobe 軟體授權合約</val>
		</str>
		<str name="Para1" translate="yes">
			<val>此合約將規範您安裝與使用 {0} 產品 (包括此軟體) 的情形。您可以在 www.adobe.com/go/myaccount_tw 檢視您目前已經接受的合約。</val>
		</str>
	</set>

	<set name="Register">
		<str name="Title" translate="yes">
			<val>需要登入</val>
		</str>
		<set name="Trial">
			<str name="FirstTime" translate="yes">
				<val>請使用您的 Adobe ID 登入以啟動 {0} 的試用版。</val>
			</str>
			<str name="Subsequent" translate="yes">
				<val>我們現在會使用您的 Adobe ID: {0} 註冊試用版。</val>
			</str>
			<set name="TnC">
				<str name="Title" translate="yes">
					<val>試用版軟體的條款及條件。</val>
				</str>
				<str name="Paragraph1" translate="yes">
					<val>我們會要求您提供選擇性資訊，以便為您提供量身打造的內容。您可以前往位於試用體驗畫面中的「隱私設定」，隨時關閉此自訂內容。</val>
				</str>
				<str name="Paragraph2" translate="yes">
					<val>如需有關我們針對您使用產品方式所收集的資料，以及 Adobe 如何使用該資料銷售所需產品的詳細資訊，請按一下{0}這裡{1}並參閱 {2}Adobe 線上隱私權原則{3}。</val>
				</str>
			</set>
			<set name="EntitlementInTrial">
				<str name="Title" translate="yes">
					<val>找到有效授權</val>
				</str>
				<str name="Para1" translate="yes">
					<val>您已選擇試用版，但您可以使用您的 Adobe ID {0} 存取此軟體的完整版。安裝完成後，請盡情享用您的軟體授權版本。</val>
				</str>
				<str name="Para2" translate="yes">
					<val>按下「繼續」以安裝產品。</val>
				</str>
				<str name="DiffAdobeID" translate="yes">
					<val>要用其他 Adobe ID 登入嗎?</val>
				</str>
			</set>						
		</set>
		<set name="Serial">
			<str name="Paragraph1" translate="yes">
				<val>您的 {0} 序號已驗證。</val>
			</str>
			<str name="Paragraph2" translate="yes">
				<val>安裝此產品需要登入，並使用您的 Adobe ID 註冊該產品。您的 Adobe ID 提供一種簡單的方式，存取序號、Adobe Creative Cloud 和 Adobe.com/tw 社群。</val>
			</str>
			<str name="SubsequentParagraph3" translate="yes">
				<val>您會使用 Adobe ID: {0} 登入。</val>
			</str>
		</set>
		<set name="MBLS">
			<str name="Paragraph1" translate="yes">
				<val>您需要使用 Adobe ID 登入，才能安裝此軟體。您也可以透過 Adobe ID 輕鬆存取眾多的 Adobe 線上服務和 Adobe.com 社群。</val>
			</str>
			<set name="Offline">
				<str name="Title" translate="yes">
					<val>請連線至網際網路，然後再試一次</val>
				</str>
				<set name="Install">
					<str name="Paragraph1" translate="yes">
						<val>您需要網際網路連線才能啟動訂閱。如果您擁有訂閱，請連線至網際網路並選擇「重試」。</val>
					</str>
					<str name="Paragraph2" translate="yes">
						<val>如果您有序號，但目前無法連線至網際網路，請選擇「稍後連線」。您將需要在 7 天內驗證您的序號，否則軟體將停止運作。如果這台電腦無法存取網際網路，請使用可連線至網際網路的裝置前往 {0} 取得更多資訊。</val>
					</str>
				</set>
				<set name="Trial">
					<str name="Paragraph1" translate="yes">
						<val>您的電腦似乎處於離線狀態，導致連線錯誤。您需要網際網路連線。請連線至網際網路並重試。如果問題仍未解決，請連絡{0}客戶支援{1}。</val>
					</str>
				</set>
			</set>
		</set>
		<str name="NotYou" translate="yes">
			<val>(不是您的 Adobe ID?)</val>
		</str>
		<set name="Subscription">
			<set name="FirstTime">
				<str name="Paragraph" translate="yes">
					<val>我們現在會將您登入為 Adobe ID，以便存取您的訂閱。</val>
				</str>
			</set>
			<set name="Subsequent">
				<str name="Title" translate="yes">
					<val>驗證您的訂閱</val>
				</str>
				<str name="Paragraph" translate="yes">
					<val>我們需要您使用 Adobe ID: {0} 驗證訂閱。</val>
				</str>
				<str name="Paragraph2" translate="yes">
					<val>我們想要確保您取得所有正確的應用程式。</val>
				</str>
			</set>
			<set name="EntitlementCallScrim">
				<str name="WaitAMoment" translate="yes">
					<val>請稍候...</val>
				</str>
			</set>
			
			<set name="OfflineScrim">
				<str name="Title" translate="yes">
					<val>您需要網際網路連線才能啟動訂閱。</val>
				</str>
				<str name="Message" translate="yes">
					<val>請確定您已連線至網際網路，然後按一下「重試」。如果問題仍然持續存在，請聯絡 {0}Adobe 客戶服務{1}。</val>
				</str>
			</set>
			
			<set name="NoSubscriptionFound">
	        	<str name="Title" translate="yes">
	        		<val>找不到訂閱</val>
	        	</str>
	        	<str name="ParagraphOneText" translate="yes">
	        		<val>我們找不到與這個 Adobe ID 相關的 {0}{1}{2} 訂閱，您可以購買{3}新訂閱{4}或按一下「上一步」輸入其他 Adobe ID。如果您有訂閱但無法存取，請聯絡{5}客戶支援{6}。</val>
	        	</str>
	        	<str name="ParagraphTwoText" translate="yes">
	        		<val>您也可以選擇按一下「再次啟動」{0}{1}安裝試用版，或使用有效的序號進行安裝。</val>	
	        	</str>
	        </set>
		</set>
	</set>
	
	<set name="InstallOptions">
		<str name="Title" translate="yes">
			<val>選項</val>
		</str>
		<str name="SelectAppInfo" translate="yes">
			<val>按一下產品名稱可自訂選項</val>
		</str>
		<str name="NoComponentInfo" translate="yes">
			<val>沒有組件可自訂。</val>
		</str>
		<str name="Components" translate="yes">
			<val>{0} 元件</val>
		</str>
		<str name="TotalInstall" translate="yes">
			<val>總計安裝: {0}</val>
		</str>
		<str name="Language" translate="yes">
			<val>語言:</val>
		</str>
		<str name="Location" translate="yes">
			<val>位置:</val>
		</str>
		<str name="Available" translate="yes">
			<val>{0} 可供使用</val>
		</str>
		<str name="SpaceRequired" translate="yes">
			<val>所需空間: {0}</val>
		</str>
		<str name="SpaceWarning" translate="yes">
			<val>所需空間: {0}，可用空間: {1}</val>
		</str>
        <str name="InsufficientDiskSpace" translate="yes">
			<val>磁碟空間不足以完成安裝。</val>
        </str>
		<str name="DefaultDriveWarning" translate="yes">
			<val>有些檔案也會安裝在您的 {0} 中</val>
		</str>
		
		<set name="PayloadError">
			<str name="TrialInstall" translate="yes">
				<val>本產品將安裝試用版。</val>
			</str>
			<str name="LicensedInstall" translate="yes">
				<val>系統將會安裝一份此軟體的授權版本。</val>
			</str>
			<str name="AlreadyInstalled" translate="yes">
				<val>找到此產品先前的安裝。此產品將安裝在它原來的位置。</val>
			</str>
			<set name="SystemRequirements">
				<set name="OS">
					<str name="Header" translate="yes">
						<val>不符合作業系統需求。</val>
					</str>
					<str name="CurrentOS" translate="yes">
						<val>- 目前的作業系統: {0} {1}</val>
					</str>
					<str name="MacRecommended" translate="yes">
						<val>- 建議使用 Mac OS {0} 或更高版本。</val>
					</str>
					<str name="MacServer" translate="yes">
						<val>- 建議使用 Mac Server。</val>
					</str>
					<str name="WinNotRecommended" translate="yes">
						<val>- 不建議使用 {0}。</val>
					</str>
					<str name="SPRecommended" translate="yes">
						<val>- 建議使用 Service Pack {0}。</val>
					</str>
					<str name="64BitRecommended" translate="yes">
						<val>- 建議使用 64 位元作業系統。</val>
					</str>
					<str name="32BitRecommended" translate="yes">
						<val>- 建議使用 32 位元作業系統。</val>
					</str>
					<str name="MacRequired" translate="yes">
						<val>- 需要 Mac OS {0} 或更高版本。</val>
					</str>
					<str name="MacServerRequired" translate="yes">
						<val>- 需要 Mac Server。</val>
					</str>
					<str name="WinNotRequired" translate="yes">
						<val>- 不支援 {0}。</val>
					</str>
					<str name="SPRequired" translate="yes">
						<val>- 需要 Service Pack {0}。</val>
					</str>
					<str name="64BitRequired" translate="yes">
						<val>- 需要 64 位元作業系統。</val>
					</str>
					<str name="32BitRequired" translate="yes">
						<val>- 需要 32 位元作業系統。</val>
					</str>
				</set>
				<str name="RAM" translate="yes">
					<val>建議使用 {0} RAM。</val>
				</str>
				<str name="CPU" translate="yes">
					<val>不符合 CPU 需求。</val>
				</str>
				<str name="ScreenResolution" translate="yes">
					<val>建議使用至少 {0}x{1} 螢幕解析度。</val>
				</str>
				<str name="Footer" translate="yes">
					<val>按一下警告圖示以取得詳細資訊。</val>
				</str>
			</set>
			<str name="Conflicting" translate="yes">
				<val>這部電腦上已存在與 {0} 衝突的版本或預先發佈版本。必須先移除衝突的版本，才能從目前的媒體進行安裝。</val>
			</str>
			<str name="AlreadyUpgraded" translate="yes">
				<val>已安裝此產品的較新版本</val>
			</str>
			<str name="Language" translate="yes">
				<val>不適用於選取的語言</val>
			</str>
			<str name="RequiredDisabled" translate="yes">
				<val>必要組件已停用</val>
			</str>
		</set>
		
		<set name="InstallPathError">
			<str name="LongPath" translate="yes">
				<val>選擇的安裝路徑太長。</val>
			</str>
			<str name="RootDrive" translate="yes">
				<val>不支援安裝至根磁碟機位置。</val>
			</str>
			<str name="RemovableDrive" translate="yes">
				<val>不支援安裝至可移除的快閃磁碟機。</val>
			</str>
			<str name="MappedDrive" translate="yes">
				<val>不支援安裝至連線的網路磁碟機。</val>
			</str>
			<str name="CaseSensitive" translate="yes">
				<val>不支援安裝至區分大小寫的磁碟區。</val>
			</str>
			<str name="LockedPath" translate="yes">
				<val>不支援安裝至遭到鎖定的位置。</val>
			</str>
			<str name="Generic" translate="yes">
				<val>無法安裝至選擇的位置。</val>
			</str>
		</set>
		
		<set name="WorkflowNeedClose">
			<str name="Title" translate="yes">
				<val>警告</val>
			</str>
			<str name="Message" translate="yes">
				<val>必須關閉正在執行的其他 Adobe Application Manager 實體。請關閉以繼續。</val>
			</str>
		</set>
	</set>
	
	<set name="UninstallOptions">
		<str name="Title" translate="yes">
			<val>解除安裝選項</val>
		</str>
		<str name="RemovePreferences" translate="yes">
			<val>移除偏好設定</val>
		</str>
		<str name="ToolTipInfo" translate="yes">
			<val>移除選取產品的通知、警示、報告或任何其他偏好設定。</val>
		</str>
	</set>
	
	<set name="Progress">
		<str name="MinutesRemaining" translate="yes">
			<val>大約還剩 {0} 分鐘</val>
		</str>
		<str name="MinuteRemaining" translate="yes">
			<val>大約還剩 {0} 分鐘</val>
		</str>
		<str name="LTMinuteRemaining" translate="yes">
			<val>剩下不到一分鐘</val>
		</str>
		<str name="PctComplete" translate="yes">
			<val>({0}% 完成)</val>
		</str>
		
		<set name="ConflictingProcess">
			<str name="Title" translate="yes">
				<val>請關閉這些應用程式以繼續:</val>
			</str>
			<str name="SubText1" translate="yes">
				<val>(您關閉應用程式後，如果此訊息持續顯示，該應用程式的某些程序可能尚在背景執行。{0}進一步了解{1}終止背景程序的相關事項。)</val>
			</str>
			<str name="BackgroundProcessesLink" translate="yes">
				<val>http://www.adobe.com/go/learn_bgprocesses_tw</val>
			</str>
			<str name="SubText2" translate="yes">
				<val>要關閉的應用程式清單:</val>
			</str>
		</set>
		
		<set name="DiskPrompt">
			<str name="Title" translate="yes">
				<val>請插入光碟 {0} 以繼續。</val>
			</str>
		</set>
		
		<set name="Install">
			<str name="Title" translate="yes">
				<val>安裝</val>
			</str>
			<str name="Preparing" translate="yes">
				<val>正在準備安裝...</val>
			</str>
			<str name="Currently" translate="yes">
				<val>目前正在安裝 {0}</val>
			</str>
			<str name="Confirmation" translate="yes">
				<val>您確定要取消安裝嗎?</val>
			</str>
			
			<str name="AdministratorPrivileges" translate="yes">
				<val>需要有系統管理員權限才能安裝。請以系統管理員身分登入。</val>
			</str>
		</set>
		<set name="Uninstall">
			<str name="Title" translate="yes">
				<val>解除安裝</val>
			</str>
			<str name="Preparing" translate="yes">
				<val>正在準備解除安裝...</val>
			</str>
			<str name="Currently" translate="yes">
				<val>目前正在解除安裝 {0}</val>
			</str>
			<str name="Confirmation" translate="yes">
				<val>您確定要取消解除安裝嗎?</val>
			</str>
			
			<str name="AdministratorPrivileges" translate="yes">
				<val>需要有系統管理員權限才能解除安裝。請以系統管理員身分登入。</val>
			</str>
		</set>
	</set>
	
	<set name="Success">
		<set name="Install">
			<str name="Title" translate="yes">
				<val>安裝完成</val>
			</str>
			<str name="MyAdobeLink" translate="yes">
				<val>http://www.adobe.com/go/adobemembership_tw</val>
			</str>
			<str name="Link1Text" translate="yes">
				<val>我的 Adobe</val>
			</str>
			<str name="Link1" translate="yes">
				<val>http://www.adobe.com/go/adobemembership_tw</val>
			</str>
			<str name="Link2Text" translate="yes">
				<val>教學課程視訊</val>
			</str>
			<str name="Link2" translate="yes">
				<val>http://www.adobe.com/go/adobetv_howto_tw</val>
			</str>
			<str name="AdditionalInfo" translate="yes">
				<val>若要管理本軟體或您的其他正版 Adobe 軟體，請前往 {0}</val>
			</str>
			<str name="BtnLblLaunchNow" translate="yes">
				<val>立即啟動</val>
			</str>
			<str name="BtnLblClose" translate="yes">
				<val>關閉</val>
			</str>
			<set name="PP">
				<str name="CompletedText" translate="yes">
					<val>{0} 已成功安裝且可供使用。</val>
				</str>
				<str name="RestartText" translate="yes">
				<val>建議您在使用之前先重新啟動系統。</val>
				</str>
			</set>
			<set name="Suite">
				<str name="CompletedText" translate="yes">
					<val>這些應用程式現在可供使用。</val>
				</str>
				<str name="RestartText" translate="yes">
				<val>有些軟體會建議在使用之前先重新啟動系統。</val>
				</str>
			</set>
		</set>
		
		<set name="Uninstall">
			<str name="Title" translate="yes">
				<val>解除安裝完成</val>
			</str>
			<str name="RestartText" translate="yes">
				<val>請重新啟動您的系統。</val>
			</str>
			<set name="PP">
				<str name="CompletedText" translate="yes">
					<val>{0} 已成功解除安裝。</val>
				</str>
			</set>
			<set name="Suite">
				<str name="CompletedText" translate="yes">
					<val>下列應用程式已成功解除安裝。</val>
				</str>
			</set>
		</set>
	</set>
	
    <set name="DoneWithError">
	    <set name="Install">
	        <str name="Title" translate="yes">
	            <val>安裝完成</val>
	        </str>
	        <str name="CompleteText" translate="yes">
	            <val>您的安裝已完成，這些應用程式現在可供使用。</val>
	        </str>
	        <str name="IncompleteWarning" translate="yes">
	            <val>下列產品的部分項目無法成功安裝。</val>
	        </str>
			<set name="PP">
				<str name="RestartText" translate="yes">
					<val>建議您在使用之前先重新啟動系統。</val>
				</str>
			</set>
			<set name="Suite">
				<str name="RestartText" translate="yes">
					<val>有些軟體會建議在使用之前先重新啟動系統。</val>
				</str>
			</set>
			<set name="Cancelled">
		        <str name="Title" translate="yes">
		            <val>安裝已取消</val>
		        </str>
		        <str name="CompleteText" translate="yes">
	            	<val>不過，在按下取消按鈕之前，已安裝了下列應用程式。您可以選擇手動解除安裝這些應用程式。</val>
		        </str>
	        </set>
            <str name="DiskSpaceText" translate="yes">
                <val>磁碟空間不足。請清除部分空間，並再試著安裝一次。</val>
            </str>
		</set>
	    <set name="Uninstall">
	        <str name="Title" translate="yes">
	            <val>解除安裝完成</val>
	        </str>
	        <str name="CompleteText" translate="yes">
	            <val>下列應用程式已成功解除安裝</val>
	        </str>
	        <str name="IncompleteWarning" translate="yes">
	            <val>有些組件無法解除安裝。</val>
	        </str>
	        <str name="CleanerToolText" translate="yes">
            	<val>您可以下載並執行{0}清除工具{1}，以進行完整清理。</val>
        </str>
	    </set>
    </set>

    <set name="Failure">
	    <set name="Install">
	        <str name="Title" translate="yes">
	            <val>安裝失敗</val>
	        </str>
	        <str name="WarningText" translate="yes">
	            <val>您的安裝發生錯誤。</val>
	        </str>
			<str name="InitializeTroubleshootingTips" translate="yes">
			    <val>更多疑難排解提示:{0}1. 重新啟動您的電腦。{0}2. 退出所有應用程式，包括啟動項目、病毒檢查及防火牆軟體。{0}3. 啟動安裝程式並重新安裝您的應用程式。</val>
            </str>
			<str name="TroubleshootingTips" translate="yes">
			    <val>更多疑難排解提示: {0}1. 重新啟動您的電腦。{0}2. 退出所有應用程式，包括啟動項目、病毒檢查及防火牆軟體。{0}3. 關閉此視窗並再次啟動安裝程式，以重新安裝您的應用程式。</val>
            </str>
	        
	        <set name="Cancelled">
		        <str name="Title" translate="yes">
		            <val>安裝已取消</val>
		        </str>
		        <str name="WarningText" translate="yes">
		            <val>安裝已取消。請稍後再試。</val>
		        </str>
	        </set>
	        
	        <set name="AGVFailure">
		        <str name="WarningText" translate="yes">
		            <val>Adobe 正版軟體驗證失敗</val>
		        </str>
		        <str name="ParagraphOneText" translate="yes">
					<val>您嘗試安裝的產品不是 Adobe 正版軟體，似乎是偽造的。請{0}回報盜版{1}或聯絡{2}客戶支援{3}以取得協助。</val>
		        </str>
		        <str name="ReportPiracyLink" translate="yes">
		            <val>http://www.adobe.com/go/reportpiracy_tw</val>
		        </str>
	        </set>
	        
	        <set name="SyncFail">
	            <str name="WarningText" translate="yes">
	                <val>安裝程式資料庫存在不一致的情形。請重新啟動您的電腦，然後再安裝一次。</val>
	            </str>
	        </set>
	        
	        <set name="MSIRunning">
	            <str name="ParagraphOneText" translate="yes">
	                <val>另一個安裝程式目前正在執行，必須加以關閉才能安裝本產品。請關閉其他安裝程式。</val>
	            </str>
	        </set>
	        
	        <set name="DiskSpace">
	            <str name="ParagraphOneText" translate="yes">
	                <val>磁碟空間不足。請清除部分空間，並再試著安裝一次。</val>
	            </str>
	        </set>
	    </set>
	    
	    <set name="Uninstall">
	        <str name="Title" translate="yes">
	            <val>解除安裝失敗</val>
	        </str>
	        <str name="WarningText" translate="yes">
	            <val>您的解除安裝發生錯誤。</val>
	        </str>
			<str name="InitializeTroubleshootingTips" translate="yes">
			    <val>疑難排解提示:{0}1. 重新啟動您的電腦。{0}2. 退出所有應用程式，包括啟動項目、病毒檢查及防火牆軟體。{0}3. 再次解除安裝。</val>
            </str>
	        <str name="TroubleshootingTips" translate="yes">
			    <val>更多疑難排解提示:{0}1. 重新啟動您的電腦。{0}2. 退出所有應用程式，包括啟動項目、病毒檢查及防火牆軟體。{0}3. 再次解除安裝。</val>
            </str>
            <str name="CleanerToolText" translate="yes">
            	<val>您也可以下載並執行{0}清除工具{1}。</val>
        	</str>
        	<str name="MSIRunning" translate="yes">
	            <val>另一個安裝程式目前正在執行，必須加以關閉才能解除安裝本產品。請關閉其他安裝程式。</val>
	        </str> 	        
	    </set>
	    
        <set name="InitializationFailed">
            <str name="Paragraph1" translate="yes">
                <val>安裝程式無法初始化。這可能是遺失某個檔案所造成。</val>
            </str>
        </set>
        
        <set name="ConflictingPayload">
            <str name="Paragraph1" translate="yes">
                <val>這部電腦上已存在與 {0} 衝突的版本或預先發佈版本。必須先移除衝突的版本，才能從目前的媒體進行安裝。</val>
            </str>
        </set>
        
        <set name="x64BitOn32Bit">
            <str name="Paragraph1" translate="yes">
                <val>本產品只能安裝在 64 位元系統上。</val>
            </str>
        </set>
    </set>
    
	<set name="Common">
		<str name="DefaultProductName" translate="yes">
			<val>Adobe 產品</val>
		</str>
		<str name="QuitConfirmation" translate="yes">
            <val>您確定要結束嗎?</val>
        </str>
		
        <str name="ErrorSummaryText" translate="yes">
            <val>{0}錯誤摘要{1}檔案可協助您識別問題。</val>
        </str>
        <str name="CustomerSupportText" translate="yes">
            <val>如果問題仍然持續存在，請聯絡{0}客戶支援{1}以取得進一步協助。</val>
        </str>
        <str name="CustomerSupportLink" translate="yes">
            <val>http://www.adobe.com/go/customer_support_tw</val>
        </str>
        <str name="NewSubscriptionLink" translate="yes">
        	<val>http://www.adobe.com/go/products_tw</val>
        </str>
        <str name="CleanerToolLink" translate="yes">
            <val>http://www.adobe.com/go/cscleanertool_tw</val>
        </str>
        
        <str name="SystemRequirementsLink" translate="yes">
            <val>http://www.adobe.com/go/cs_systemreqs_tw</val>
        </str>

		<str name="PrivacyPortalLink" translate="yes">
			<val>http://www.adobe.com/go/adobe_privacy_portal_tw</val>
		</str>
		
		<str name="PrivacyPolicyLink" translate="yes">
			<val>http://www.adobe.com/go/privacy_tw</val>
		</str>
		<str name="GetActivated" translate="yes">
			<val>http://www.adobe.com/go/getactivated_tw</val>
		</str>
		<str name="GB" translate="yes">
			<val>GB</val>
		</str>
		<str name="MB" translate="yes">
			<val>MB</val>
		</str>
		<str name="KB" translate="yes">
			<val>KB</val>
		</str>
		<str name="decimalSeparator" translate="yes">
			<val>.</val>
		</str>
		<str name="commaSeparator" translate="yes">
			<val>,</val>
		</str>
	</set>
	
	<set name="OSName">
		<str name="6.2.1" translate="no"><val>Windows Server 2012</val></str>
		<str name="6.2.0" translate="no"><val>Windows 8</val></str>
		<str name="Win8" translate="no"><val>Windows 8</val></str>
		<str name="Win7" translate="no"><val>Windows 7</val></str>
		<str name="Server2008R2" translate="no"><val>Windows Server 2008 R2</val></str>
		<str name="Vista" translate="no"><val>Windows Vista</val></str>
		<str name="Server2008" translate="no"><val>Windows Server 2008</val></str>
		<str name="Server2003" translate="no"><val>Windows Server 2003</val></str>
		<str name="XP" translate="no"><val>Windows XP</val></str>
		<str name="2000" translate="no"><val>Windows 2000</val></str>
		<str name="ME" translate="no"><val>Windows ME</val></str>
		<str name="98" translate="no"><val>Windows 98</val></str>
		<str name="NT4.0" translate="no"><val>Windows NT 4.0</val></str>
		<str name="95" translate="no"><val>Windows 95</val></str>
		<str name="UNKNOWN" translate="no"><val>Windows</val></str>
	</set>
	
	<set name="isoToLanguage">
		<str name="en_US" translate="no"><val>English (North America)</val></str>
		<str name="en_GB" translate="no"><val>English (International)</val></str>
		<str name="en_INT" translate="no"><val>English (International)</val></str>
		<str name="en_AE" translate="no"><val>English يدعم العربية</val></str>
		<str name="en_IL" translate="no"><val>English תומך עברית</val></str>
		<str name="en_XC" translate="no"><val>English (Central Europe)</val></str>
		<str name="en_XM" translate="no"><val>English (Middle East)</val></str>
		
		<str name="fr_FR" translate="no"><val>Français</val></str>
		<str name="fr_CA" translate="no"><val>Français (Canada)</val></str>
		<str name="fr_MA" translate="no"><val>Français (Maroc)</val></str>
		<str name="fr_XM" translate="no"><val>Français (Moyen-Orient)</val></str>
		
		<str name="es_ES" translate="no"><val>Español</val></str>
		<str name="es_MX" translate="no"><val>Español (América Latina)</val></str>
		<str name="es_LA" translate="no"><val>Español de América Latina</val></str>
		<str name="es_NA" translate="no"><val>Español Norteamericano</val></str>
		<str name="es_QM" translate="no"><val>Español (Middle East)</val></str>
		
		<str name="ar_AE" translate="no"><val>العربية</val></str>
		<str name="bg_BG" translate="no"><val>Български</val></str>
		<str name="lv_LV" translate="no"><val>Latviešu</val></str>
		<str name="et_EE" translate="no"><val>Eesti</val></str>
		<str name="hr_HR" translate="no"><val>hrvatski</val></str>
		<str name="sl_SI" translate="no"><val>slovenščina</val></str>
		<str name="sk_SK" translate="no"><val>slovenčina</val></str>
		<str name="th_TH" translate="no"><val>ภาษาไทย</val></str>
		<str name="vi_VN" translate="no"><val>Việt</val></str>
		<str name="sq_AL" translate="no"><val>Shqip</val></str>
		<str name="ar_SA" translate="no"><val>العربية</val></str>
		<str name="be_BY" translate="no"><val>Беларуская</val></str>
		<str name="ca_ES" translate="no"><val>Català</val></str>
		<str name="hi_IN" translate="no"><val>हिन्दी</val></str>
		<str name="is_IS" translate="no"><val>Íslenska</val></str>
		<str name="lt_LT" translate="no"><val>Lietuvių</val></str>
		<str name="mk_MK" translate="no"><val>македонски</val></str>
		<str name="nn_NO" translate="no"><val>Norsk (Nynorsk)</val></str>
		<str name="pt_PT" translate="no"><val>Português de Portugal</val></str>
		<str name="sh_YU" translate="no"><val>Srpsko-Hrvatski</val></str>
		<str name="sr_YU" translate="no"><val>Cрпски</val></str>
		<str name="kk_KZ" translate="no"><val>Қазақ</val></str>
		<str name="az_AZ" translate="no"><val>Azərbaycan dili</val></str>
		<str name="no_NO" translate="no"><val>Norwegian</val></str>
		<str name="cs_CZ" translate="no"><val>česky</val></str>
		<str name="de_DE" translate="no"><val>Deutsch</val></str>
		<str name="el_GR" translate="no"><val>Ελληνικά</val></str>
		<str name="he_IL" translate="no"><val>עברית</val></str>
		<str name="hu_HU" translate="no"><val>magyar</val></str>
		<str name="it_IT" translate="no"><val>Italiano</val></str>
		<str name="ja_JP" translate="no"><val>日本語</val></str>
		<str name="ko_KR" translate="no"><val>한국어</val></str>
		<str name="nl_NL" translate="no"><val>Nederlands</val></str>
		<str name="pl_PL" translate="no"><val>polski</val></str>
		<str name="ro_RO" translate="no"><val>Română</val></str>
		<str name="ru_RU" translate="no"><val>русский</val></str>
		<str name="sv_SE" translate="no"><val>Svenska</val></str>
		<str name="tr_TR" translate="no"><val>Türkçe</val></str>
		<str name="uk_UA" translate="no"><val>українська</val></str>
		<str name="zh_CN" translate="no"><val>简体中文</val></str>
		<str name="zh_TW" translate="no"><val>繁體中文</val></str>
		<str name="da_DK" translate="no"><val>Dansk</val></str>
		<str name="fi_FI" translate="no"><val>suomi</val></str>
		<str name="nb_NO" translate="no"><val>Norsk (Bokmål)</val></str>
		<str name="pt_BR" translate="no"><val>Português do Brasil</val></str>
	</set>

</asf>
