<?xml version='1.0' encoding='utf-8'?>
<!DOCTYPE asf SYSTEM "http://ns.adobe.com/asf/asf_1_0.dtd" >
<asf xmlns="http://ns.adobe.com/asf" locale="pl_PL" version="1.0">

	<set name="ButtonLabel">
		<str name="Yes" translate="yes">
			<val>Tak</val>
		</str>
		<str name="No" translate="yes">
			<val>Nie</val>
		</str>
		<str name="Accept" translate="yes">
			<val>Zaakceptuj</val>
		</str>
		<str name="Install" translate="yes">
			<val>Zainstaluj</val>
		</str>
		<str name="Uninstall" translate="yes">
			<val>Odinstaluj</val>
		</str>
		<str name="OK" translate="yes">
			<val>OK</val>
		</str>
		<str name="Continue" translate="yes">
			<val>Kontynuuj</val>
		</str>
		<str name="Back" translate="yes">
			<val>Wstecz</val>
		</str>
		<str name="Cancel" translate="yes">
			<val>Anuluj</val>
		</str>
        <str name="Close" translate="yes">
            <val>Zamknij</val>
        </str>
		<str name="Quit" translate="yes">
			<val>Zakończ</val>
		</str>
		<str name="SignIn" translate="yes">
			<val>Zaloguj się</val>
		</str>
		<str name="SignInNow" translate="yes">
			<val>Zaloguj się teraz</val>
		</str>
		<str name="SignInLater" translate="yes">
			<val>Zaloguj się później</val>
		</str>
		<str name="StartAgain" translate="yes">
			<val>Rozpocznij ponownie</val>
		</str>
		<str name="Retry" translate="yes">
			<val>Ponów próbę</val>
		</str>
		<str name="Verify" translate="yes">
			<val>Weryfikuj</val>
		</str>
		<str name="ConnectLater" translate="yes">
			<val>Nawiąż połączenie później</val>
		</str>
	</set>
	
	<set name="DialogueTitle">
		<str name="Quit" translate="yes">
			<val>Zakończ</val>
		</str>
	</set>

	<set name="Welcome">
		<str name="Title" translate="yes">
			<val>Witamy</val>
		</str>
		<str name="OptionOne" translate="yes">
			<val>Zainstaluj za pomocą numeru seryjnego</val>
		</str>
		<str name="OptionOneInfo" translate="yes">
			<val>Mam numer seryjny.</val>
		</str>
		<str name="OptionTwo" translate="yes">
			<val>Rozpocznij subskrypcję</val>
		</str>
		<str name="OptionTwoInfo" translate="yes">
			<val>Mam subskrypcję.</val>
		</str>
		<str name="OptionThree" translate="yes">
			<val>Zainstaluj wersję próbną</val>
		</str>
		<str name="OptionThreeInfo" translate="yes">
			<val>Chcę testować produkt {0} przez ograniczony czas.</val>
		</str>
		<set name="MBLS">
			<str name="OptionOne" translate="yes">
				<val>Zainstaluj</val>
			</str>
			<str name="OptionOneInfo" translate="yes">
				<val>Mam zakupiony produkt</val>
			</str>
			<str name="OptionTwo" translate="yes">
				<val>Wypróbuj</val>
			</str>
			<str name="OptionTwoInfo" translate="yes">
				<val>Chcę testować produkt {0} przez ograniczony czas</val>
			</str>
		</set>
	</set>
	
	<set name="EULA">
		<str name="Title" translate="yes">
			<val>Umowa licencyjna na oprogramowanie Adobe</val>
		</str>
		<str name="Para1" translate="yes">
			<val>Umowa ma zastosowanie do instalacji oraz określa warunki użytkowania produktów {0}, w tym niniejszego oprogramowania. Umowy zawarte wcześniej są dostępne na stronie www.adobe.com/go/myaccount_pl.</val>
		</str>
	</set>

	<set name="Register">
		<str name="Title" translate="yes">
			<val>Wymagane zalogowanie</val>
		</str>
		<set name="Trial">
			<str name="FirstTime" translate="yes">
				<val>Zaloguj się za pomocą identyfikatora Adobe ID, aby zacząć korzystać z wersji próbnej produktu {0}.</val>
			</str>
			<str name="Subsequent" translate="yes">
				<val>Zarejestrujemy teraz wersję próbną za pomocą Twojego identyfikatora Adobe ID: {0}.</val>
			</str>
			<set name="TnC">
				<str name="Title" translate="yes">
					<val>Warunki korzystania z oprogramowania w wersji próbnej</val>
				</str>
				<str name="Paragraph1" translate="yes">
					<val>Możemy poprosić Cię o podanie dodatkowych informacji, tak abyśmy mogli dostosować zawartość do Twoich potrzeb. Możesz w dowolnej chwili wyłączyć zawartość niestandardową, przechodząc do opcji Ustawienia prywatności znajdującej się na ekranie produktu w wersji próbnej.</val>
				</str>
				<str name="Paragraph2" translate="yes">
					<val>Aby uzyskać informacje na temat zbieranych przez nas danych dotyczących używania produktu oraz tego, w jaki sposób firma Adobe wykorzystuje te dane, w tym jak wychodzimy naprzeciw Twoim oczekiwaniom, kliknij {0}tutaj{1} i zobacz {2}Zasady ochrony prywatności online firmy Adobe{3}.</val>
				</str>
			</set>
			<set name="EntitlementInTrial">
				<str name="Title" translate="yes">
					<val>Znaleziono ważną licencję</val>
				</str>
				<str name="Para1" translate="yes">
					<val>Wybrano wersję testową, ale Twój identyfikator Adobe ID {0} daje Ci prawo do pełnej wersji. Korzystaj bez ograniczeń z licencjonowanego oprogramowania po zakończeniu tej instalacji.</val>
				</str>
				<str name="Para2" translate="yes">
					<val>Naciśnij przycisk Kontynuuj, aby zainstalować.</val>
				</str>
				<str name="DiffAdobeID" translate="yes">
					<val>Masz inny identyfikator Adobe ID?</val>
				</str>
			</set>						
		</set>
		<set name="Serial">
			<str name="Paragraph1" translate="yes">
				<val>Numer seryjny dla produktu {0} został zweryfikowany.</val>
			</str>
			<str name="Paragraph2" translate="yes">
				<val>Wymagane jest zalogowanie się, aby zainstalować produkt i zarejestrować go za pomocą identyfikatora Adobe ID. Identyfikator Adobe ID zapewnia łatwy dostęp do numerów seryjnych, jak również do usługi Adobe Creative Cloud i społeczności na stronie Adobe.com/pl.</val>
			</str>
			<str name="SubsequentParagraph3" translate="yes">
				<val>Zalogujemy Cię za pomocą identyfikatora Adobe ID: {0}.</val>
			</str>
		</set>
		<set name="MBLS">
			<str name="Paragraph1" translate="yes">
				<val>Zaloguj się przy użyciu identyfikatora Adobe ID, aby zainstalować ten produkt. Identyfikator Adobe ID umożliwia łatwy dostęp do usług online Adobe i społeczności Adobe.com.</val>
			</str>
			<set name="Offline">
				<str name="Title" translate="yes">
					<val>Nawiąż połączenie z Internetem i ponów próbę</val>
				</str>
				<set name="Install">
					<str name="Paragraph1" translate="yes">
						<val>Aby rozpocząć subskrypcję, musisz mieć połączenie z Internetem. Jeśli masz subskrypcję, nawiąż połączenie z Internetem i kliknij przycisk Ponów próbę.</val>
					</str>
					<str name="Paragraph2" translate="yes">
						<val>Jeśli masz już numer seryjny, ale nie możesz połączyć się teraz z Internetem, kliknij przycisk Nawiąż połączenie później. Będziesz mieć 7 dni na weryfikację numeru seryjnego. Po tym terminie oprogramowanie przestanie działać. Jeśli ten komputer nie może nawiązać połączenia z Internetem, przejdź do strony {0}, aby uzyskać więcej informacji. W tym celu będziesz potrzebować urządzenia z połączeniem internetowym.</val>
					</str>
				</set>
				<set name="Trial">
					<str name="Paragraph1" translate="yes">
						<val>Twój komputer jest w trybie offline, co powoduje błąd połączenia. Wymagane jest połączenie z Internetem. Nawiąż połączenie z Internetem i ponów próbę. Jeśli problem będzie nadal występował, skontaktuj się z {0}działem obsługi klienta{1}.</val>
					</str>
				</set>
			</set>
		</set>
		<str name="NotYou" translate="yes">
			<val>(To nie Twój identyfikator Adobe ID?)</val>
		</str>
		<set name="Subscription">
			<set name="FirstTime">
				<str name="Paragraph" translate="yes">
					<val>Zalogujemy Cię teraz za pomocą identyfikatora Adobe ID, aby uzyskać dostęp do Twojej subskrypcji.</val>
				</str>
			</set>
			<set name="Subsequent">
				<str name="Title" translate="yes">
					<val>Weryfikacja subskrypcji</val>
				</str>
				<str name="Paragraph" translate="yes">
					<val>Musimy zweryfikować Twoją subskrypcję za pomocą identyfikatora Adobe ID: {0}.</val>
				</str>
				<str name="Paragraph2" translate="yes">
					<val>Chcemy mieć pewność, że otrzymujesz wszystkie potrzebne Ci aplikacje.</val>
				</str>
			</set>
			<set name="EntitlementCallScrim">
				<str name="WaitAMoment" translate="yes">
					<val>Prosimy chwilę zaczekać...</val>
				</str>
			</set>
			
			<set name="OfflineScrim">
				<str name="Title" translate="yes">
					<val>Wymagane połączenie internetowe w celu rozpoczęcia subskrypcji</val>
				</str>
				<str name="Message" translate="yes">
					<val>Upewnij się, że masz połączenie z Internetem i kliknij przycisk Ponów próbę. Jeśli problem będzie nadal występował, skontaktuj się z {0}Obsługą klienta Adobe{1}.</val>
				</str>
			</set>
			
			<set name="NoSubscriptionFound">
	        	<str name="Title" translate="yes">
	        		<val>Nie znaleziono subskrypcji</val>
	        	</str>
	        	<str name="ParagraphOneText" translate="yes">
	        		<val>Nie udało się znaleźć subskrypcji na produkt {0}{1}{2} powiązanej z tym identyfikatorem Adobe ID. Kup {3}nową subskrypcję{4} albo kliknij przycisk Wstecz, aby wprowadzić inny identyfikator Adobe ID. Jeśli masz subskrypcję, ale nie możesz uzyskać do niej dostępu, skontaktuj się z {5}Obsługą klienta{6}.</val>
	        	</str>
	        	<str name="ParagraphTwoText" translate="yes">
	        		<val>Można również zainstalować program w wersji próbnej albo za pomocą prawidłowego numeru seryjnego, klikając przycisk {0}Rozpocznij ponownie{1}.</val>	
	        	</str>
	        </set>
		</set>
	</set>
	
	<set name="InstallOptions">
		<str name="Title" translate="yes">
			<val>Opcje</val>
		</str>
		<str name="SelectAppInfo" translate="yes">
			<val>Kliknij nazwę produktu, aby dostosować opcje</val>
		</str>
		<str name="NoComponentInfo" translate="yes">
			<val>Brak składników do dostosowania.</val>
		</str>
		<str name="Components" translate="yes">
			<val>Składniki: {0}</val>
		</str>
		<str name="TotalInstall" translate="yes">
			<val>Łączny rozmiar zainstalowanych składników: {0}</val>
		</str>
		<str name="Language" translate="yes">
			<val>Język:</val>
		</str>
		<str name="Location" translate="yes">
			<val>Lokalizacja:</val>
		</str>
		<str name="Available" translate="yes">
			<val>Dostępne miejsce: {0}</val>
		</str>
		<str name="SpaceRequired" translate="yes">
			<val>Wymagane wolne miejsce: {0}</val>
		</str>
		<str name="SpaceWarning" translate="yes">
			<val>Wymagane wolne miejsce: {0}, dostępne: {1}</val>
		</str>
        <str name="InsufficientDiskSpace" translate="yes">
			<val>Za mało miejsca na dysku do ukończenia instalacji.</val>
        </str>
		<str name="DefaultDriveWarning" translate="yes">
			<val>Niektóre pliki zostaną zainstalowane również w lokalizacji: {0}</val>
		</str>
		
		<set name="PayloadError">
			<str name="TrialInstall" translate="yes">
				<val>Ten produkt zostanie zainstalowany w wersji próbnej.</val>
			</str>
			<str name="LicensedInstall" translate="yes">
				<val>Zostanie zainstalowana licencjonowana kopia tego oprogramowania.</val>
			</str>
			<str name="AlreadyInstalled" translate="yes">
				<val>Znaleziono wcześniejszą instalację tego produktu. Ten produkt zostanie zainstalowany w jego pierwotnej lokalizacji.</val>
			</str>
			<set name="SystemRequirements">
				<set name="OS">
					<str name="Header" translate="yes">
						<val>System operacyjny niezgodny z wymaganym.</val>
					</str>
					<str name="CurrentOS" translate="yes">
						<val>– Obecny system operacyjny: {0} {1}</val>
					</str>
					<str name="MacRecommended" translate="yes">
						<val>- Zalecany system: Mac OS {0} lub nowszy.</val>
					</str>
					<str name="MacServer" translate="yes">
						<val>- Zalecany system Mac Server.</val>
					</str>
					<str name="WinNotRecommended" translate="yes">
						<val>- System niezalecany: {0}.</val>
					</str>
					<str name="SPRecommended" translate="yes">
						<val>– Zalecany jest dodatek Service Pack {0}.</val>
					</str>
					<str name="64BitRecommended" translate="yes">
						<val>- Zalecana architektura systemu: 64-bitowa.</val>
					</str>
					<str name="32BitRecommended" translate="yes">
						<val>- Zalecana architektura systemu: 32-bitowa.</val>
					</str>
					<str name="MacRequired" translate="yes">
						<val>– Wymagany jest system operacyjny Mac {0} lub nowszy.</val>
					</str>
					<str name="MacServerRequired" translate="yes">
						<val>– Wymagany jest system operacyjny Mac Server.</val>
					</str>
					<str name="WinNotRequired" translate="yes">
						<val>– Nieobsługiwane: {0}.</val>
					</str>
					<str name="SPRequired" translate="yes">
						<val>– Wymagany jest dodatek Service Pack {0}.</val>
					</str>
					<str name="64BitRequired" translate="yes">
						<val>– Wymagany jest 64-bitowy system operacyjny.</val>
					</str>
					<str name="32BitRequired" translate="yes">
						<val>– Wymagany jest 32-bitowy system operacyjny.</val>
					</str>
				</set>
				<str name="RAM" translate="yes">
					<val>Zalecana ilość pamięci RAM: {0}.</val>
				</str>
				<str name="CPU" translate="yes">
					<val>Procesor niezgodny z wymaganym.</val>
				</str>
				<str name="ScreenResolution" translate="yes">
					<val>Zalecana rozdzielczość ekranu: co najmniej {0} x {1}.</val>
				</str>
				<str name="Footer" translate="yes">
					<val>Kliknij ikonę ostrzeżenia, aby uzyskać więcej szczegółów.</val>
				</str>
			</set>
			<str name="Conflicting" translate="yes">
				<val>Na komputerze jest zainstalowana wersja produktu {0} powodująca konflikt lub wersja wstępna tego produktu. Przed rozpoczęciem instalacji z bieżącego nośnika należy usunąć wersję powodującą konflikt.</val>
			</str>
			<str name="AlreadyUpgraded" translate="yes">
				<val>Zainstalowana jest już nowsza wersja tego produktu</val>
			</str>
			<str name="Language" translate="yes">
				<val>Niedostępne dla wybranego języka</val>
			</str>
			<str name="RequiredDisabled" translate="yes">
				<val>Wymagane składniki są wyłączone</val>
			</str>
		</set>
		
		<set name="InstallPathError">
			<str name="LongPath" translate="yes">
				<val>Wybrana ścieżka instalacji jest zbyt długa.</val>
			</str>
			<str name="RootDrive" translate="yes">
				<val>Instalacja w katalogu głównym dysku nie jest obsługiwana.</val>
			</str>
			<str name="RemovableDrive" translate="yes">
				<val>Instalacja na wymiennym napędzie Flash nie jest obsługiwana.</val>
			</str>
			<str name="MappedDrive" translate="yes">
				<val>Instalacja w zmapowanym dysku sieciowym nie jest obsługiwana.</val>
			</str>
			<str name="CaseSensitive" translate="yes">
				<val>Instalacja w woluminach uwzględniających wielkość liter nie jest obsługiwana.</val>
			</str>
			<str name="LockedPath" translate="yes">
				<val>Instalacja w zablokowanej lokalizacji nie jest obsługiwana.</val>
			</str>
			<str name="Generic" translate="yes">
				<val>Nie można zainstalować w wybranej lokalizacji.</val>
			</str>
		</set>
		
		<set name="WorkflowNeedClose">
			<str name="Title" translate="yes">
				<val>Alert</val>
			</str>
			<str name="Message" translate="yes">
				<val>Uruchomione są inne instancje programu Adobe Application Manager, które należy zamknąć. Zamknij je, aby kontynuować.</val>
			</str>
		</set>
	</set>
	
	<set name="UninstallOptions">
		<str name="Title" translate="yes">
			<val>Opcje odinstalowywania</val>
		</str>
		<str name="RemovePreferences" translate="yes">
			<val>Usuń preferencje</val>
		</str>
		<str name="ToolTipInfo" translate="yes">
			<val>Usuń powiadomienia, alerty, raportowanie lub inne preferencje dla wybranych produktów.</val>
		</str>
	</set>
	
	<set name="Progress">
		<str name="MinutesRemaining" translate="yes">
			<val>Pozostało około {0} minut</val>
		</str>
		<str name="MinuteRemaining" translate="yes">
			<val>Pozostało około {0} minuty</val>
		</str>
		<str name="LTMinuteRemaining" translate="yes">
			<val>Pozostało mniej niż minuta</val>
		</str>
		<str name="PctComplete" translate="yes">
			<val>(ukończono {0}%)</val>
		</str>
		
		<set name="ConflictingProcess">
			<str name="Title" translate="yes">
				<val>Aby kontynuować, zamknij następujące aplikacje:</val>
			</str>
			<str name="SubText1" translate="yes">
				<val>(Jeśli ten komunikat pojawi się również po zamknięciu aplikacji, niektóre jej procesy mogą być nadal uruchomione w tle. {0}Dowiedz się więcej{1} o kończeniu procesów w tle).</val>
			</str>
			<str name="BackgroundProcessesLink" translate="yes">
				<val>http://www.adobe.com/go/learn_bgprocesses_pl</val>
			</str>
			<str name="SubText2" translate="yes">
				<val>Lista aplikacji do zamknięcia:</val>
			</str>
		</set>
		
		<set name="DiskPrompt">
			<str name="Title" translate="yes">
				<val>Aby kontynuować, włóż dysk {0}.</val>
			</str>
		</set>
		
		<set name="Install">
			<str name="Title" translate="yes">
				<val>Instalacja</val>
			</str>
			<str name="Preparing" translate="yes">
				<val>Trwa przygotowywanie do instalacji...</val>
			</str>
			<str name="Currently" translate="yes">
				<val>Obecnie trwa instalowanie produktu {0}</val>
			</str>
			<str name="Confirmation" translate="yes">
				<val>Czy na pewno chcesz anulować instalację?</val>
			</str>
			
			<str name="AdministratorPrivileges" translate="yes">
				<val>Do instalacji wymagane są uprawnienia administratora. Zaloguj się jako administrator.</val>
			</str>
		</set>
		<set name="Uninstall">
			<str name="Title" translate="yes">
				<val>Odinstalowywanie</val>
			</str>
			<str name="Preparing" translate="yes">
				<val>Trwa przygotowywanie do odinstalowania...</val>
			</str>
			<str name="Currently" translate="yes">
				<val>Trwa odinstalowywanie produktu {0}</val>
			</str>
			<str name="Confirmation" translate="yes">
				<val>Czy na pewno chcesz anulować odinstalowywanie?</val>
			</str>
			
			<str name="AdministratorPrivileges" translate="yes">
				<val>Do odinstalowania wymagane są uprawnienia administratora. Zaloguj się jako administrator.</val>
			</str>
		</set>
	</set>
	
	<set name="Success">
		<set name="Install">
			<str name="Title" translate="yes">
				<val>Instalacja zakończona</val>
			</str>
			<str name="MyAdobeLink" translate="yes">
				<val>http://www.adobe.com/go/adobemembership_pl</val>
			</str>
			<str name="Link1Text" translate="yes">
				<val>Moje Adobe</val>
			</str>
			<str name="Link1" translate="yes">
				<val>http://www.adobe.com/go/adobemembership_pl</val>
			</str>
			<str name="Link2Text" translate="yes">
				<val>Samouczki wideo</val>
			</str>
			<str name="Link2" translate="yes">
				<val>http://www.adobe.com/go/adobetv_howto_pl</val>
			</str>
			<str name="AdditionalInfo" translate="yes">
				<val>Aby zarządzać tym lub innym oryginalnym oprogramowaniem Adobe, przejdź do strony {0}.</val>
			</str>
			<str name="BtnLblLaunchNow" translate="yes">
				<val>Uruchom teraz</val>
			</str>
			<str name="BtnLblClose" translate="yes">
				<val>Zamknij</val>
			</str>
			<set name="PP">
				<str name="CompletedText" translate="yes">
					<val>Produkt {0} został pomyślnie zainstalowany i jest gotowy do użycia.</val>
				</str>
				<str name="RestartText" translate="yes">
				<val>Zalecane jest ponowne uruchomienie komputera przed użyciem oprogramowania.</val>
				</str>
			</set>
			<set name="Suite">
				<str name="CompletedText" translate="yes">
					<val>Te aplikacje są gotowe do użycia.</val>
				</str>
				<str name="RestartText" translate="yes">
				<val>W niektórych przypadkach przed użyciem zaleca się ponowne uruchomienie komputera.</val>
				</str>
			</set>
		</set>
		
		<set name="Uninstall">
			<str name="Title" translate="yes">
				<val>Odinstalowywanie zakończone</val>
			</str>
			<str name="RestartText" translate="yes">
				<val>Uruchom ponownie komputer.</val>
			</str>
			<set name="PP">
				<str name="CompletedText" translate="yes">
					<val>Produkt {0} został pomyślnie odinstalowany.</val>
				</str>
			</set>
			<set name="Suite">
				<str name="CompletedText" translate="yes">
					<val>Pomyślnie odinstalowano następujące aplikacje.</val>
				</str>
			</set>
		</set>
	</set>
	
    <set name="DoneWithError">
	    <set name="Install">
	        <str name="Title" translate="yes">
	            <val>Instalacja zakończona</val>
	        </str>
	        <str name="CompleteText" translate="yes">
	            <val>Instalacja jest zakończona i poniższe aplikacje są gotowe do użycia.</val>
	        </str>
	        <str name="IncompleteWarning" translate="yes">
	            <val>Nie udało się pomyślnie zainstalować niektórych elementów dla następujących produktów.</val>
	        </str>
			<set name="PP">
				<str name="RestartText" translate="yes">
					<val>Zalecane jest ponowne uruchomienie komputera przed użyciem oprogramowania.</val>
				</str>
			</set>
			<set name="Suite">
				<str name="RestartText" translate="yes">
					<val>W niektórych przypadkach przed użyciem zaleca się ponowne uruchomienie komputera.</val>
				</str>
			</set>
			<set name="Cancelled">
		        <str name="Title" translate="yes">
		            <val>Instalacja anulowana</val>
		        </str>
		        <str name="CompleteText" translate="yes">
	            	<val>Mimo to następujące aplikacje zostały zainstalowane przed naciśnięciem przycisku Anuluj. Możesz ręcznie odinstalować te aplikacje.</val>
		        </str>
	        </set>
            <str name="DiskSpaceText" translate="yes">
                <val>Niewystarczająca ilość wolnego miejsca na dysku; zwolnij trochę miejsca na dysku i spróbuj zainstalować ponownie.</val>
            </str>
		</set>
	    <set name="Uninstall">
	        <str name="Title" translate="yes">
	            <val>Odinstalowywanie zakończone</val>
	        </str>
	        <str name="CompleteText" translate="yes">
	            <val>Pomyślnie odinstalowano następujące aplikacje</val>
	        </str>
	        <str name="IncompleteWarning" translate="yes">
	            <val>Nie udało się odinstalować niektórych komponentów.</val>
	        </str>
	        <str name="CleanerToolText" translate="yes">
            	<val>Możesz pobrać i uruchomić narzędzie {0}Cleaner Tool{1} w celu przeprowadzenia operacji czyszczenia.</val>
        </str>
	    </set>
    </set>

    <set name="Failure">
	    <set name="Install">
	        <str name="Title" translate="yes">
	            <val>Niepowodzenie instalacji</val>
	        </str>
	        <str name="WarningText" translate="yes">
	            <val>Podczas instalacji wystąpiły błędy.</val>
	        </str>
			<str name="InitializeTroubleshootingTips" translate="yes">
			    <val>Więcej wskazówek dotyczących rozwiązywania problemów: {0}1. Uruchom ponownie komputer.{0}2. Zakończ wszystkie aplikacje łącznie z elementami startowymi oraz oprogramowaniem antywirusowym i zaporą.{0}3. Uruchom program instalacyjny i ponownie zainstaluj aplikacje.</val>
            </str>
			<str name="TroubleshootingTips" translate="yes">
			    <val>Więcej wskazówek dotyczących rozwiązywania problemów: {0}1. Uruchom ponownie komputer.{0}2. Zakończ wszystkie aplikacje łącznie z elementami startowymi oraz oprogramowaniem antywirusowym i zaporą.{0}3. Zamknij to okno i uruchom program instalacyjny, a następnie ponownie zainstaluj aplikacje.</val>
            </str>
	        
	        <set name="Cancelled">
		        <str name="Title" translate="yes">
		            <val>Instalacja anulowana</val>
		        </str>
		        <str name="WarningText" translate="yes">
		            <val>Instalacja została anulowana. Ponów próbę później.</val>
		        </str>
	        </set>
	        
	        <set name="AGVFailure">
		        <str name="WarningText" translate="yes">
		            <val>Niepowodzenie weryfikacji oryginalności oprogramowania Adobe</val>
		        </str>
		        <str name="ParagraphOneText" translate="yes">
					<val>Produkt, który próbujesz zainstalować, nie jest oryginalnym oprogramowaniem Adobe i jest prawdopodobnie fałszywy. {0}Zgłoś przypadek piractwa{1} lub skontaktuj się z {2}Obsługą klienta{3} w celu uzyskania pomocy.</val>
		        </str>
		        <str name="ReportPiracyLink" translate="yes">
		            <val>http://www.adobe.com/go/reportpiracy_pl</val>
		        </str>
	        </set>
	        
	        <set name="SyncFail">
	            <str name="WarningText" translate="yes">
	                <val>Niezgodność w bazie danych instalatora. Uruchom ponownie komputer i zainstaluj jeszcze raz.</val>
	            </str>
	        </set>
	        
	        <set name="MSIRunning">
	            <str name="ParagraphOneText" translate="yes">
	                <val>Obecnie jest uruchomiony inny program instalacyjny, który należy zamknąć przed rozpoczęciem instalacji tego produktu. Zamknij inne programy instalacyjne.</val>
	            </str>
	        </set>
	        
	        <set name="DiskSpace">
	            <str name="ParagraphOneText" translate="yes">
	                <val>Niewystarczająca ilość wolnego miejsca na dysku; zwolnij trochę miejsca na dysku i spróbuj zainstalować ponownie.</val>
	            </str>
	        </set>
	    </set>
	    
	    <set name="Uninstall">
	        <str name="Title" translate="yes">
	            <val>Niepowodzenie odinstalowywania</val>
	        </str>
	        <str name="WarningText" translate="yes">
	            <val>W trakcie odinstalowywania wystąpiły błędy.</val>
	        </str>
			<str name="InitializeTroubleshootingTips" translate="yes">
			    <val>Wskazówki dotyczące rozwiązywania problemów:{0}1. Uruchom ponownie komputer.{0}2. Zakończ wszystkie aplikacje łącznie z elementami startowymi oraz oprogramowaniem antywirusowym i zaporą.{0}3. Odinstaluj ponownie.</val>
            </str>
	        <str name="TroubleshootingTips" translate="yes">
			    <val>Więcej wskazówek dotyczących rozwiązywania problemów:{0}1. Uruchom ponownie komputer.{0}2. Zakończ wszystkie aplikacje łącznie z elementami startowymi oraz oprogramowaniem antywirusowym i zaporą.{0}3. Odinstaluj ponownie.</val>
            </str>
            <str name="CleanerToolText" translate="yes">
            	<val>Możesz pobrać i uruchomić narzędzie {0}Cleaner Tool{1}.</val>
        	</str>
        	<str name="MSIRunning" translate="yes">
	            <val>Obecnie jest uruchomiony inny program instalacyjny, który należy zamknąć przed rozpoczęciem odinstalowywania tego produktu. Zamknij inne programy instalacyjne.</val>
	        </str> 	        
	    </set>
	    
        <set name="InitializationFailed">
            <str name="Paragraph1" translate="yes">
                <val>Inicjacja instalatora nie powiodła się. Mogło to być spowodowane brakującym plikiem.</val>
            </str>
        </set>
        
        <set name="ConflictingPayload">
            <str name="Paragraph1" translate="yes">
                <val>Na komputerze jest zainstalowana wersja produktu {0} powodująca konflikt lub wersja wstępna tego produktu. Przed rozpoczęciem instalacji z bieżącego nośnika należy usunąć wersję powodującą konflikt.</val>
            </str>
        </set>
        
        <set name="x64BitOn32Bit">
            <str name="Paragraph1" translate="yes">
                <val>Ten produkt można zainstalować tylko w systemach 64-bitowych.</val>
            </str>
        </set>
    </set>
    
	<set name="Common">
		<str name="DefaultProductName" translate="yes">
			<val>Produkt Adobe</val>
		</str>
		<str name="QuitConfirmation" translate="yes">
            <val>Czy na pewno chcesz zakończyć?</val>
        </str>
		
        <str name="ErrorSummaryText" translate="yes">
            <val>W znalezieniu problemu może pomóc plik {0}zestawienia błędów{1}.</val>
        </str>
        <str name="CustomerSupportText" translate="yes">
            <val>Jeśli problem będzie nadal występował, skontaktuj sie z {0}Obsługą klienta{1} w celu uzyskania pomocy.</val>
        </str>
        <str name="CustomerSupportLink" translate="yes">
            <val>http://www.adobe.com/go/customer_support_pl</val>
        </str>
        <str name="NewSubscriptionLink" translate="yes">
        	<val>http://www.adobe.com/go/products_pl</val>
        </str>
        <str name="CleanerToolLink" translate="yes">
            <val>http://www.adobe.com/go/cscleanertool_pl</val>
        </str>
        
        <str name="SystemRequirementsLink" translate="yes">
            <val>http://www.adobe.com/go/cs_systemreqs_pl</val>
        </str>

		<str name="PrivacyPortalLink" translate="yes">
			<val>http://www.adobe.com/go/adobe_privacy_portal_pl</val>
		</str>
		
		<str name="PrivacyPolicyLink" translate="yes">
			<val>http://www.adobe.com/go/privacy_pl</val>
		</str>
		<str name="GetActivated" translate="yes">
			<val>http://www.adobe.com/go/getactivated_pl</val>
		</str>
		<str name="GB" translate="yes">
			<val>GB</val>
		</str>
		<str name="MB" translate="yes">
			<val>MB</val>
		</str>
		<str name="KB" translate="yes">
			<val>KB</val>
		</str>
		<str name="decimalSeparator" translate="yes">
			<val>,</val>
		</str>
		<str name="commaSeparator" translate="yes">
			<val>,</val>
		</str>
	</set>
	
	<set name="OSName">
		<str name="6.2.1" translate="no"><val>Windows Server 2012</val></str>
		<str name="6.2.0" translate="no"><val>Windows 8</val></str>
		<str name="Win8" translate="no"><val>Windows 8</val></str>
		<str name="Win7" translate="no"><val>Windows 7</val></str>
		<str name="Server2008R2" translate="no"><val>Windows Server 2008 R2</val></str>
		<str name="Vista" translate="no"><val>Windows Vista</val></str>
		<str name="Server2008" translate="no"><val>Windows Server 2008</val></str>
		<str name="Server2003" translate="no"><val>Windows Server 2003</val></str>
		<str name="XP" translate="no"><val>Windows XP</val></str>
		<str name="2000" translate="no"><val>Windows 2000</val></str>
		<str name="ME" translate="no"><val>Windows ME</val></str>
		<str name="98" translate="no"><val>Windows 98</val></str>
		<str name="NT4.0" translate="no"><val>Windows NT 4.0</val></str>
		<str name="95" translate="no"><val>Windows 95</val></str>
		<str name="UNKNOWN" translate="no"><val>Windows</val></str>
	</set>
	
	<set name="isoToLanguage">
		<str name="en_US" translate="no"><val>English (North America)</val></str>
		<str name="en_GB" translate="no"><val>English (International)</val></str>
		<str name="en_INT" translate="no"><val>English (International)</val></str>
		<str name="en_AE" translate="no"><val>English يدعم العربية</val></str>
		<str name="en_IL" translate="no"><val>English תומך עברית</val></str>
		<str name="en_XC" translate="no"><val>English (Central Europe)</val></str>
		<str name="en_XM" translate="no"><val>English (Middle East)</val></str>
		
		<str name="fr_FR" translate="no"><val>Français</val></str>
		<str name="fr_CA" translate="no"><val>Français (Canada)</val></str>
		<str name="fr_MA" translate="no"><val>Français (Maroc)</val></str>
		<str name="fr_XM" translate="no"><val>Français (Moyen-Orient)</val></str>
		
		<str name="es_ES" translate="no"><val>Español</val></str>
		<str name="es_MX" translate="no"><val>Español (América Latina)</val></str>
		<str name="es_LA" translate="no"><val>Español de América Latina</val></str>
		<str name="es_NA" translate="no"><val>Español Norteamericano</val></str>
		<str name="es_QM" translate="no"><val>Español (Middle East)</val></str>
		
		<str name="ar_AE" translate="no"><val>العربية</val></str>
		<str name="bg_BG" translate="no"><val>Български</val></str>
		<str name="lv_LV" translate="no"><val>Latviešu</val></str>
		<str name="et_EE" translate="no"><val>Eesti</val></str>
		<str name="hr_HR" translate="no"><val>hrvatski</val></str>
		<str name="sl_SI" translate="no"><val>slovenščina</val></str>
		<str name="sk_SK" translate="no"><val>slovenčina</val></str>
		<str name="th_TH" translate="no"><val>ภาษาไทย</val></str>
		<str name="vi_VN" translate="no"><val>Việt</val></str>
		<str name="sq_AL" translate="no"><val>Shqip</val></str>
		<str name="ar_SA" translate="no"><val>العربية</val></str>
		<str name="be_BY" translate="no"><val>Беларуская</val></str>
		<str name="ca_ES" translate="no"><val>Català</val></str>
		<str name="hi_IN" translate="no"><val>हिन्दी</val></str>
		<str name="is_IS" translate="no"><val>Íslenska</val></str>
		<str name="lt_LT" translate="no"><val>Lietuvių</val></str>
		<str name="mk_MK" translate="no"><val>македонски</val></str>
		<str name="nn_NO" translate="no"><val>Norsk (Nynorsk)</val></str>
		<str name="pt_PT" translate="no"><val>Português de Portugal</val></str>
		<str name="sh_YU" translate="no"><val>Srpsko-Hrvatski</val></str>
		<str name="sr_YU" translate="no"><val>Cрпски</val></str>
		<str name="kk_KZ" translate="no"><val>Қазақ</val></str>
		<str name="az_AZ" translate="no"><val>Azərbaycan dili</val></str>
		<str name="no_NO" translate="no"><val>Norwegian</val></str>
		<str name="cs_CZ" translate="no"><val>česky</val></str>
		<str name="de_DE" translate="no"><val>Deutsch</val></str>
		<str name="el_GR" translate="no"><val>Ελληνικά</val></str>
		<str name="he_IL" translate="no"><val>עברית</val></str>
		<str name="hu_HU" translate="no"><val>magyar</val></str>
		<str name="it_IT" translate="no"><val>Italiano</val></str>
		<str name="ja_JP" translate="no"><val>日本語</val></str>
		<str name="ko_KR" translate="no"><val>한국어</val></str>
		<str name="nl_NL" translate="no"><val>Nederlands</val></str>
		<str name="pl_PL" translate="no"><val>polski</val></str>
		<str name="ro_RO" translate="no"><val>Română</val></str>
		<str name="ru_RU" translate="no"><val>русский</val></str>
		<str name="sv_SE" translate="no"><val>Svenska</val></str>
		<str name="tr_TR" translate="no"><val>Türkçe</val></str>
		<str name="uk_UA" translate="no"><val>українська</val></str>
		<str name="zh_CN" translate="no"><val>简体中文</val></str>
		<str name="zh_TW" translate="no"><val>繁體中文</val></str>
		<str name="da_DK" translate="no"><val>Dansk</val></str>
		<str name="fi_FI" translate="no"><val>suomi</val></str>
		<str name="nb_NO" translate="no"><val>Norsk (Bokmål)</val></str>
		<str name="pt_BR" translate="no"><val>Português do Brasil</val></str>
	</set>

</asf>
