<?xml version='1.0' encoding='utf-8'?>
<!DOCTYPE asf SYSTEM "http://ns.adobe.com/asf/asf_1_0.dtd" >
<asf xmlns="http://ns.adobe.com/asf" locale="it_IT" version="1.0">

	<set name="ButtonLabel">
		<str name="Yes" translate="yes">
			<val>Sì</val>
		</str>
		<str name="No" translate="yes">
			<val>No</val>
		</str>
		<str name="Accept" translate="yes">
			<val>Accetta</val>
		</str>
		<str name="Install" translate="yes">
			<val>Installa</val>
		</str>
		<str name="Uninstall" translate="yes">
			<val>Disinstalla</val>
		</str>
		<str name="OK" translate="yes">
			<val>OK</val>
		</str>
		<str name="Continue" translate="yes">
			<val>Continua</val>
		</str>
		<str name="Back" translate="yes">
			<val>Indietro</val>
		</str>
		<str name="Cancel" translate="yes">
			<val>Annulla</val>
		</str>
        <str name="Close" translate="yes">
            <val>Chiudi</val>
        </str>
		<str name="Quit" translate="yes">
			<val>Esci</val>
		</str>
		<str name="SignIn" translate="yes">
			<val>Accedi</val>
		</str>
		<str name="SignInNow" translate="yes">
			<val>Accedi ora</val>
		</str>
		<str name="SignInLater" translate="yes">
			<val>Accedi più tardi</val>
		</str>
		<str name="StartAgain" translate="yes">
			<val>Inizia di nuovo</val>
		</str>
		<str name="Retry" translate="yes">
			<val>Riprova</val>
		</str>
		<str name="Verify" translate="yes">
			<val>Verifica</val>
		</str>
		<str name="ConnectLater" translate="yes">
			<val>Connetti più tardi</val>
		</str>
	</set>
	
	<set name="DialogueTitle">
		<str name="Quit" translate="yes">
			<val>Esci</val>
		</str>
	</set>

	<set name="Welcome">
		<str name="Title" translate="yes">
			<val>Benvenuti</val>
		</str>
		<str name="OptionOne" translate="yes">
			<val>Installa con numero di serie</val>
		</str>
		<str name="OptionOneInfo" translate="yes">
			<val>Numero di serie disponibile.</val>
		</str>
		<str name="OptionTwo" translate="yes">
			<val>Inizia abbonamento</val>
		</str>
		<str name="OptionTwoInfo" translate="yes">
			<val>Abbonamento disponibile</val>
		</str>
		<str name="OptionThree" translate="yes">
			<val>Installa una versione di prova</val>
		</str>
		<str name="OptionThreeInfo" translate="yes">
			<val>Desidero provare {0} per un periodo limitato.</val>
		</str>
		<set name="MBLS">
			<str name="OptionOne" translate="yes">
				<val>Installa</val>
			</str>
			<str name="OptionOneInfo" translate="yes">
				<val>Ho acquistato</val>
			</str>
			<str name="OptionTwo" translate="yes">
				<val>Prova</val>
			</str>
			<str name="OptionTwoInfo" translate="yes">
				<val>Desidero provare {0} per un periodo limitato</val>
			</str>
		</set>
	</set>
	
	<set name="EULA">
		<str name="Title" translate="yes">
			<val>Contratto di licenza software Adobe</val>
		</str>
		<str name="Para1" translate="yes">
			<val>Il presente contratto regolerà le installazioni e gli utilizzi dei prodotti {0}, che includono questo software. I contratti che avete finora accettato possono essere consultati all'indirizzo www.adobe.com/go/myaccount_it.</val>
		</str>
	</set>

	<set name="Register">
		<str name="Title" translate="yes">
			<val>Accesso obbligatorio</val>
		</str>
		<set name="Trial">
			<str name="FirstTime" translate="yes">
				<val>Per iniziare con la versione di prova di {0}, accedete con l'ID Adobe.</val>
			</str>
			<str name="Subsequent" translate="yes">
				<val>La versione di prova verrà ora registrata con l'ID Adobe: {0}.</val>
			</str>
			<set name="TnC">
				<str name="Title" translate="yes">
					<val>Termini e le condizioni per la versione di prova del software.</val>
				</str>
				<str name="Paragraph1" translate="yes">
					<val>Per poter personalizzare il contenuto, potremmo richiedere alcune informazioni aggiuntive. Potete disattivare questo contenuto personalizzato in qualsiasi momento accedendo alle Impostazioni di riservatezza nella schermata relativa all'esperienza della versione di prova.</val>
				</str>
				<str name="Paragraph2" translate="yes">
					<val>Per informazioni sui dati acquisiti relativamente all'uso del prodotto e del loro utilizzo da parte di Adobe, incluso quale contenuto di interesse viene fornito, fate clic {0}qui{1} e consultate l'{2}Informativa sulla privacy online Adobe{3}</val>
				</str>
			</set>
			<set name="EntitlementInTrial">
				<str name="Title" translate="yes">
					<val>Trovata licenza valida</val>
				</str>
				<str name="Para1" translate="yes">
					<val>Avete scelto una versione di prova ma disponete dell'accesso alla versione completa di questo software per il vostro ID Adobe {0}. Al termine dell'installazione potrete utilizzare la versione con licenza del software.</val>
				</str>
				<str name="Para2" translate="yes">
					<val>Per installare, selezionare continua.</val>
				</str>
				<str name="DiffAdobeID" translate="yes">
					<val>Disponete di un ID Adobe diverso?</val>
				</str>
			</set>						
		</set>
		<set name="Serial">
			<str name="Paragraph1" translate="yes">
				<val>Il numero di serie per {0} è stato convalidato.</val>
			</str>
			<str name="Paragraph2" translate="yes">
				<val>Per installare questo prodotto e registrarlo con il proprio ID Adobe, è necessario accedere. L'ID Adobe consente di accedere con semplicità ai propri numeri di serie, ad Adobe Creative Cloud e alla community di Adobe.com.</val>
			</str>
			<str name="SubsequentParagraph3" translate="yes">
				<val>L'accesso verrà effettuato con l'ID Adobe: {0}.</val>
			</str>
		</set>
		<set name="MBLS">
			<str name="Paragraph1" translate="yes">
				<val>Per installare questo prodotto, è necessario accedere con il proprio ID Adobe. L'ID Adobe consente anche di accedere con semplicità ai servizi online di Adobe e alla community di Adobe.com.</val>
			</str>
			<set name="Offline">
				<str name="Title" translate="yes">
					<val>Connettetevi a Internet e riprovate</val>
				</str>
				<set name="Install">
					<str name="Paragraph1" translate="yes">
						<val>Per iniziare un abbonamento, dovete disporre di una connessione Internet. Se disponete di un abbonamento, connettevi a Internet e selezionate Riprova.</val>
					</str>
					<str name="Paragraph2" translate="yes">
						<val>Se disponete di un numero di serie e non potete connettervi a Internet ora, selezionate Connetti più tardi. Verrà richiesto di convalidare il numero di serie entro 7 giorni altrimenti il software cesserà di funzionare. Se da questo computer non è possibile connettersi a Internet, ottenete maggiori informazioni da {0} utilizzando un dispositivo con connessione a Internet.</val>
					</str>
				</set>
				<set name="Trial">
					<str name="Paragraph1" translate="yes">
						<val>Il computer è offline e questo genera un errore di connessione. È richiesta la connessione a Internet. Connettevi a Internet e riprovate. Se il problema persiste, contattate l'{0}Assistenza clienti{1}.</val>
					</str>
				</set>
			</set>
		</set>
		<str name="NotYou" translate="yes">
			<val>(ID Adobe diverso?)</val>
		</str>
		<set name="Subscription">
			<set name="FirstTime">
				<str name="Paragraph" translate="yes">
					<val>Verrà ora eseguito l'accesso all'abbonamento con l'ID Adobe.</val>
				</str>
			</set>
			<set name="Subsequent">
				<str name="Title" translate="yes">
					<val>Verifica abbonamento</val>
				</str>
				<str name="Paragraph" translate="yes">
					<val>È necessario verificare l'abbonamento con l'ID Adobe: {0}.</val>
				</str>
				<str name="Paragraph2" translate="yes">
					<val>Desideriamo assicurarci che otteniate tutte le applicazioni richieste.</val>
				</str>
			</set>
			<set name="EntitlementCallScrim">
				<str name="WaitAMoment" translate="yes">
					<val>Attendere un momento...</val>
				</str>
			</set>
			
			<set name="OfflineScrim">
				<str name="Title" translate="yes">
					<val>Per iniziare l'abbonamento, è necessaria la connessione Internet.</val>
				</str>
				<str name="Message" translate="yes">
					<val>Verificate di essere connessi a Internet e fate clic su Riprova. Se il problema persiste, contattate l'{0}Assistenza clienti Adobe{1}.</val>
				</str>
			</set>
			
			<set name="NoSubscriptionFound">
	        	<str name="Title" translate="yes">
	        		<val>Nessun abbonamento trovato</val>
	        	</str>
	        	<str name="ParagraphOneText" translate="yes">
	        		<val>Nessun abbonamento a {0}{1}{2} associato a questo ID Adobe. Potete acquistare un {3}nuovo abbonamento{4} o fare clic su Indietro per immettere un ID Adobe diverso. Se non disponete di un abbonamento o non riuscite ad accedere, contattate l'{5}Assistenza clienti{6}.</val>
	        	</str>
	        	<str name="ParagraphTwoText" translate="yes">
	        		<val>Potete anche scegliere di installare in versione di prova o installare con un numero di serie valido facendo clic su {0}Inizia di nuovo{1}.</val>	
	        	</str>
	        </set>
		</set>
	</set>
	
	<set name="InstallOptions">
		<str name="Title" translate="yes">
			<val>Opzioni</val>
		</str>
		<str name="SelectAppInfo" translate="yes">
			<val>Fate clic sul nome di un prodotto per personalizzare le opzioni</val>
		</str>
		<str name="NoComponentInfo" translate="yes">
			<val>Nessun componente da personalizzare.</val>
		</str>
		<str name="Components" translate="yes">
			<val>Componenti di {0}</val>
		</str>
		<str name="TotalInstall" translate="yes">
			<val>Installazione completa: {0}</val>
		</str>
		<str name="Language" translate="yes">
			<val>Lingua:</val>
		</str>
		<str name="Location" translate="yes">
			<val>Posizione:</val>
		</str>
		<str name="Available" translate="yes">
			<val>Disponibili {0}</val>
		</str>
		<str name="SpaceRequired" translate="yes">
			<val>Spazio necessario: {0}</val>
		</str>
		<str name="SpaceWarning" translate="yes">
			<val>Spazio necessario: {0}, disponibile: {1}</val>
		</str>
        <str name="InsufficientDiskSpace" translate="yes">
			<val>Spazio su disco insufficiente per completare l'installazione.</val>
        </str>
		<str name="DefaultDriveWarning" translate="yes">
			<val>Alcuni file verranno installati in {0}</val>
		</str>
		
		<set name="PayloadError">
			<str name="TrialInstall" translate="yes">
				<val>Questo prodotto verrà installato come versione di prova.</val>
			</str>
			<str name="LicensedInstall" translate="yes">
				<val>Verrà installata una copia con licenza di questo software.</val>
			</str>
			<str name="AlreadyInstalled" translate="yes">
				<val>È stata trovata un'installazione precedente di questo prodotto. Il prodotto verrà installato nella cartella originale.</val>
			</str>
			<set name="SystemRequirements">
				<set name="OS">
					<str name="Header" translate="yes">
						<val>Requisiti del sistema operativo non soddisfatti.</val>
					</str>
					<str name="CurrentOS" translate="yes">
						<val>- Sistema operativo attuale: {0} {1}</val>
					</str>
					<str name="MacRecommended" translate="yes">
						<val>- Consigliato Mac OS {0} o versione successiva.</val>
					</str>
					<str name="MacServer" translate="yes">
						<val>- Consigliato Mac Server.</val>
					</str>
					<str name="WinNotRecommended" translate="yes">
						<val>- {0} non consigliato.</val>
					</str>
					<str name="SPRecommended" translate="yes">
						<val>- Consigliato Service Pack {0}.</val>
					</str>
					<str name="64BitRecommended" translate="yes">
						<val>- Consigliato un sistema operativo a 64 bit.</val>
					</str>
					<str name="32BitRecommended" translate="yes">
						<val>- Consigliato un sistema operativo a 32 bit.</val>
					</str>
					<str name="MacRequired" translate="yes">
						<val>- È richiesto Mac OS {0} o versione successiva.</val>
					</str>
					<str name="MacServerRequired" translate="yes">
						<val>- È richiesto Mac Server.</val>
					</str>
					<str name="WinNotRequired" translate="yes">
						<val>- {0} non supportato.</val>
					</str>
					<str name="SPRequired" translate="yes">
						<val>- È richiesto Service Pack {0}.</val>
					</str>
					<str name="64BitRequired" translate="yes">
						<val>- È richiesto un sistema operativo a 64 bit.</val>
					</str>
					<str name="32BitRequired" translate="yes">
						<val>- È richiesto un sistema operativo a 32 bit.</val>
					</str>
				</set>
				<str name="RAM" translate="yes">
					<val>Consigliati {0} di RAM.</val>
				</str>
				<str name="CPU" translate="yes">
					<val>Requisiti della CPU non soddisfatti.</val>
				</str>
				<str name="ScreenResolution" translate="yes">
					<val>È consigliata una risoluzione minima di {0}x{1}.</val>
				</str>
				<str name="Footer" translate="yes">
					<val>Per ulteriori informazioni, fate clic sull'icona di avvertimento.</val>
				</str>
			</set>
			<str name="Conflicting" translate="yes">
				<val>Su questo computer è presente una versione di {0} non definitiva o in conflitto. È necessario rimuovere la versione in conflitto prima di eseguire l'installazione dal supporto corrente.</val>
			</str>
			<str name="AlreadyUpgraded" translate="yes">
				<val>Una nuova versione di questo prodotto è già installata</val>
			</str>
			<str name="Language" translate="yes">
				<val>Non disponibile per la lingua selezionata</val>
			</str>
			<str name="RequiredDisabled" translate="yes">
				<val>Componenti obbligatori disattivati</val>
			</str>
		</set>
		
		<set name="InstallPathError">
			<str name="LongPath" translate="yes">
				<val>Il percorso di installazione scelto è troppo lungo.</val>
			</str>
			<str name="RootDrive" translate="yes">
				<val>L'installazione nella cartella principale di un'unità non è supportata.</val>
			</str>
			<str name="RemovableDrive" translate="yes">
				<val>L'installazione in un'unità flash rimovibile non è supportata.</val>
			</str>
			<str name="MappedDrive" translate="yes">
				<val>L'installazione su unità di rete mappate non è supportata.</val>
			</str>
			<str name="CaseSensitive" translate="yes">
				<val>L'installazione in volumi con distinzione tra maiuscole e minuscole non è supportata.</val>
			</str>
			<str name="LockedPath" translate="yes">
				<val>L'installazione in una posizione bloccata non è supportata.</val>
			</str>
			<str name="Generic" translate="yes">
				<val>Impossibile installare nella posizione scelta.</val>
			</str>
		</set>
		
		<set name="WorkflowNeedClose">
			<str name="Title" translate="yes">
				<val>Avviso</val>
			</str>
			<str name="Message" translate="yes">
				<val>Sono in esecuzione altre istanze di Adobe Application Manager che occorre chiudere. Per continuare, chiuderle.</val>
			</str>
		</set>
	</set>
	
	<set name="UninstallOptions">
		<str name="Title" translate="yes">
			<val>Opzioni di disinstallazione</val>
		</str>
		<str name="RemovePreferences" translate="yes">
			<val>Elimina preferenze</val>
		</str>
		<str name="ToolTipInfo" translate="yes">
			<val>Rimuovi notifiche, avvisi, rapporti o qualsiasi altra preferenza per i prodotti selezionati.</val>
		</str>
	</set>
	
	<set name="Progress">
		<str name="MinutesRemaining" translate="yes">
			<val>Tempo rimanente, circa {0} minuti</val>
		</str>
		<str name="MinuteRemaining" translate="yes">
			<val>Tempo rimanente, circa {0} minuto</val>
		</str>
		<str name="LTMinuteRemaining" translate="yes">
			<val>Tempo rimanente, meno di un minuto</val>
		</str>
		<str name="PctComplete" translate="yes">
			<val>({0}% completato)</val>
		</str>
		
		<set name="ConflictingProcess">
			<str name="Title" translate="yes">
				<val>Per continuare, chiudete queste applicazioni:</val>
			</str>
			<str name="SubText1" translate="yes">
				<val>(Se dopo essere usciti da un'applicazione, viene visualizzato questo messaggio, alcuni dei suoi processi potrebbero essere ancora in esecuzione in background. {0}Ulteriori informazioni{1} su come interrompere i processi in background).</val>
			</str>
			<str name="BackgroundProcessesLink" translate="yes">
				<val>http://www.adobe.com/go/learn_bgprocesses_it</val>
			</str>
			<str name="SubText2" translate="yes">
				<val>Elenco di applicazioni da chiudere:</val>
			</str>
		</set>
		
		<set name="DiskPrompt">
			<str name="Title" translate="yes">
				<val>Per continuare, inserite il disco {0}.</val>
			</str>
		</set>
		
		<set name="Install">
			<str name="Title" translate="yes">
				<val>Installa</val>
			</str>
			<str name="Preparing" translate="yes">
				<val>Preparazione all'installazione...</val>
			</str>
			<str name="Currently" translate="yes">
				<val>Installazione di {0}</val>
			</str>
			<str name="Confirmation" translate="yes">
				<val>Annullare l'installazione?</val>
			</str>
			
			<str name="AdministratorPrivileges" translate="yes">
				<val>Per l'installazione sono richiesti privilegi di amministratore. Accedete come amministratore.</val>
			</str>
		</set>
		<set name="Uninstall">
			<str name="Title" translate="yes">
				<val>Disinstalla</val>
			</str>
			<str name="Preparing" translate="yes">
				<val>Preparazione alla disinstallazione...</val>
			</str>
			<str name="Currently" translate="yes">
				<val>Disinstallazione di {0}</val>
			</str>
			<str name="Confirmation" translate="yes">
				<val>Annullare la disinstallazione?</val>
			</str>
			
			<str name="AdministratorPrivileges" translate="yes">
				<val>Per la disinstallazione sono richiesti privilegi di amministratore. Accedete come amministratore.</val>
			</str>
		</set>
	</set>
	
	<set name="Success">
		<set name="Install">
			<str name="Title" translate="yes">
				<val>Installazione completata</val>
			</str>
			<str name="MyAdobeLink" translate="yes">
				<val>http://www.adobe.com/go/adobemembership_it</val>
			</str>
			<str name="Link1Text" translate="yes">
				<val>Il mio Adobe</val>
			</str>
			<str name="Link1" translate="yes">
				<val>http://www.adobe.com/go/adobemembership_it</val>
			</str>
			<str name="Link2Text" translate="yes">
				<val>Esercitazioni video</val>
			</str>
			<str name="Link2" translate="yes">
				<val>http://www.adobe.com/go/adobetv_howto_it</val>
			</str>
			<str name="AdditionalInfo" translate="yes">
				<val>Per gestire questo o altri software Adobe originali, accedete a {0}.</val>
			</str>
			<str name="BtnLblLaunchNow" translate="yes">
				<val>Avvia ora</val>
			</str>
			<str name="BtnLblClose" translate="yes">
				<val>Chiudi</val>
			</str>
			<set name="PP">
				<str name="CompletedText" translate="yes">
					<val>{0} è stato installato correttamente ed è pronto all'utilizzo.</val>
				</str>
				<str name="RestartText" translate="yes">
				<val>Prima dell'utilizzo, si consiglia di riavviare il sistema.</val>
				</str>
			</set>
			<set name="Suite">
				<str name="CompletedText" translate="yes">
					<val>Le seguenti applicazioni possono ora essere utilizzate.</val>
				</str>
				<str name="RestartText" translate="yes">
				<val>Prima dell'utilizzo, si consiglia di riavviare il sistema.</val>
				</str>
			</set>
		</set>
		
		<set name="Uninstall">
			<str name="Title" translate="yes">
				<val>Disinstallazione completata</val>
			</str>
			<str name="RestartText" translate="yes">
				<val>Riavviate il sistema.</val>
			</str>
			<set name="PP">
				<str name="CompletedText" translate="yes">
					<val>{0} è stato disinstallato correttamente.</val>
				</str>
			</set>
			<set name="Suite">
				<str name="CompletedText" translate="yes">
					<val>Le seguenti applicazioni sono state disinstallate.</val>
				</str>
			</set>
		</set>
	</set>
	
    <set name="DoneWithError">
	    <set name="Install">
	        <str name="Title" translate="yes">
	            <val>Installazione completata</val>
	        </str>
	        <str name="CompleteText" translate="yes">
	            <val>Installazione completata. Le seguenti applicazioni possono ora essere utilizzate.</val>
	        </str>
	        <str name="IncompleteWarning" translate="yes">
	            <val>Impossibile disinstallare alcuni componenti dei seguenti prodotti.</val>
	        </str>
			<set name="PP">
				<str name="RestartText" translate="yes">
					<val>Prima dell'utilizzo, si consiglia di riavviare il sistema.</val>
				</str>
			</set>
			<set name="Suite">
				<str name="RestartText" translate="yes">
					<val>Prima dell'utilizzo, si consiglia di riavviare il sistema.</val>
				</str>
			</set>
			<set name="Cancelled">
		        <str name="Title" translate="yes">
		            <val>Installazione annullata</val>
		        </str>
		        <str name="CompleteText" translate="yes">
	            	<val>Le seguenti applicazioni sono state tuttavia installate prima di annullare. Queste applicazioni possono essere disinstallate manualmente.</val>
		        </str>
	        </set>
            <str name="DiskSpaceText" translate="yes">
                <val>Spazio su disco non sufficiente; liberate spazio sul disco e riprovate a installare.</val>
            </str>
		</set>
	    <set name="Uninstall">
	        <str name="Title" translate="yes">
	            <val>Disinstallazione completata</val>
	        </str>
	        <str name="CompleteText" translate="yes">
	            <val>Le seguenti applicazioni sono state disinstallate</val>
	        </str>
	        <str name="IncompleteWarning" translate="yes">
	            <val>Impossibile disinstallare alcuni componenti.</val>
	        </str>
	        <str name="CleanerToolText" translate="yes">
            	<val>Per completare l'ottimizzazione, scaricate ed eseguite {0}Cleaner Tool{1}.</val>
        </str>
	    </set>
    </set>

    <set name="Failure">
	    <set name="Install">
	        <str name="Title" translate="yes">
	            <val>Installazione non riuscita</val>
	        </str>
	        <str name="WarningText" translate="yes">
	            <val>Errori durante l'installazione.</val>
	        </str>
			<str name="InitializeTroubleshootingTips" translate="yes">
			    <val>Altri suggerimenti per la risoluzione dei problemi:{0}1. Riavviate il computer.{0}2. Chiudete tutte le applicazioni inclusi gli elementi di avvio e software antivirus e firewall.{0}3. Avviate il programma di installazione e reinstallate le applicazioni.</val>
            </str>
			<str name="TroubleshootingTips" translate="yes">
			    <val>Altri suggerimenti per la risoluzione dei problemi:{0}1. Riavviate il computer.{0}2. Chiudete tutte le applicazioni inclusi gli elementi di avvio e software antivirus e firewall.{0}3. Chiudete questa finestra e avviate nuovamente il programma di installazione per reinstallare le applicazioni.</val>
            </str>
	        
	        <set name="Cancelled">
		        <str name="Title" translate="yes">
		            <val>Installazione annullata</val>
		        </str>
		        <str name="WarningText" translate="yes">
		            <val>Installazione annullata. Riprovate più tardi.</val>
		        </str>
	        </set>
	        
	        <set name="AGVFailure">
		        <str name="WarningText" translate="yes">
		            <val>Verifica autenticità software Adobe non riuscita</val>
		        </str>
		        <str name="ParagraphOneText" translate="yes">
					<val>Il prodotto che si sta tentando di installare non è un software originale Adobe ed è possibile che sia contraffatto. Per assistenza, {0}segnalate la pirateria{1} o contattate l'{2}Assistenza clienti{3}.</val>
		        </str>
		        <str name="ReportPiracyLink" translate="yes">
		            <val>http://www.adobe.com/go/reportpiracy_it</val>
		        </str>
	        </set>
	        
	        <set name="SyncFail">
	            <str name="WarningText" translate="yes">
	                <val>Incoerenze nel database di installazione. Riavviate il computer e riprovate.</val>
	            </str>
	        </set>
	        
	        <set name="MSIRunning">
	            <str name="ParagraphOneText" translate="yes">
	                <val>Un altro programma di installazione è attualmente in esecuzione. Chiuderlo prima di installare questo prodotto. Chiudete altri programmi di installazione.</val>
	            </str>
	        </set>
	        
	        <set name="DiskSpace">
	            <str name="ParagraphOneText" translate="yes">
	                <val>Spazio su disco non sufficiente; liberate spazio sul disco e riprovate a installare.</val>
	            </str>
	        </set>
	    </set>
	    
	    <set name="Uninstall">
	        <str name="Title" translate="yes">
	            <val>Disinstallazione non riuscita</val>
	        </str>
	        <str name="WarningText" translate="yes">
	            <val>Errori durante la disinstallazione.</val>
	        </str>
			<str name="InitializeTroubleshootingTips" translate="yes">
			    <val>Suggerimenti per la risoluzione dei problemi:{0}1. Riavviate il computer.{0}2. Chiudete tutte le applicazioni inclusi gli elementi di avvio e software antivirus e firewall.{0}3. Disinstallate nuovamente.</val>
            </str>
	        <str name="TroubleshootingTips" translate="yes">
			    <val>Altri suggerimenti per la risoluzione dei problemi:{0}1. Riavviate il computer.{0}2. Chiudete tutte le applicazioni inclusi gli elementi di avvio e software antivirus e firewall.{0}3. Disinstallate nuovamente.</val>
            </str>
            <str name="CleanerToolText" translate="yes">
            	<val>È anche possibile scaricare ed eseguire {0}Cleaner Tool{1}.</val>
        	</str>
        	<str name="MSIRunning" translate="yes">
	            <val>Un altro programma di installazione è attualmente in esecuzione. Chiuderlo prima di disinstallare questo prodotto. Chiudete altri programmi di installazione.</val>
	        </str> 	        
	    </set>
	    
        <set name="InitializationFailed">
            <str name="Paragraph1" translate="yes">
                <val>Inizializzazione del programma di installazione non riuscita. Questo può essere causato da un file mancante.</val>
            </str>
        </set>
        
        <set name="ConflictingPayload">
            <str name="Paragraph1" translate="yes">
                <val>Su questo computer è presente una versione di {0} non definitiva o in conflitto. È necessario rimuovere la versione in conflitto prima di eseguire l'installazione dal supporto corrente.</val>
            </str>
        </set>
        
        <set name="x64BitOn32Bit">
            <str name="Paragraph1" translate="yes">
                <val>Questo prodotto può essere solo installato in un sistema a 64 bit.</val>
            </str>
        </set>
    </set>
    
	<set name="Common">
		<str name="DefaultProductName" translate="yes">
			<val>Prodotto Adobe</val>
		</str>
		<str name="QuitConfirmation" translate="yes">
            <val>Sicuri di voler uscire?</val>
        </str>
		
        <str name="ErrorSummaryText" translate="yes">
            <val>Il file di {0}riepilogo degli errori{1} può consentire di individuare il problema.</val>
        </str>
        <str name="CustomerSupportText" translate="yes">
            <val>Se il problema persiste, contattate {0}l'Assistenza clienti{1} per ulteriore assistenza.</val>
        </str>
        <str name="CustomerSupportLink" translate="yes">
            <val>http://www.adobe.com/go/customer_support_it</val>
        </str>
        <str name="NewSubscriptionLink" translate="yes">
        	<val>http://www.adobe.com/go/products_it</val>
        </str>
        <str name="CleanerToolLink" translate="yes">
            <val>http://www.adobe.com/go/cscleanertool_it</val>
        </str>
        
        <str name="SystemRequirementsLink" translate="yes">
            <val>http://www.adobe.com/go/cs_systemreqs_it</val>
        </str>

		<str name="PrivacyPortalLink" translate="yes">
			<val>http://www.adobe.com/go/adobe_privacy_portal_it</val>
		</str>
		
		<str name="PrivacyPolicyLink" translate="yes">
			<val>http://www.adobe.com/go/privacy_it</val>
		</str>
		<str name="GetActivated" translate="yes">
			<val>http://www.adobe.com/go/getactivated_it</val>
		</str>
		<str name="GB" translate="yes">
			<val>GB</val>
		</str>
		<str name="MB" translate="yes">
			<val>MB</val>
		</str>
		<str name="KB" translate="yes">
			<val>KB</val>
		</str>
		<str name="decimalSeparator" translate="yes">
			<val>,</val>
		</str>
		<str name="commaSeparator" translate="yes">
			<val>,</val>
		</str>
	</set>
	
	<set name="OSName">
		<str name="6.2.1" translate="no"><val>Windows Server 2012</val></str>
		<str name="6.2.0" translate="no"><val>Windows 8</val></str>
		<str name="Win8" translate="no"><val>Windows 8</val></str>
		<str name="Win7" translate="no"><val>Windows 7</val></str>
		<str name="Server2008R2" translate="no"><val>Windows Server 2008 R2</val></str>
		<str name="Vista" translate="no"><val>Windows Vista</val></str>
		<str name="Server2008" translate="no"><val>Windows Server 2008</val></str>
		<str name="Server2003" translate="no"><val>Windows Server 2003</val></str>
		<str name="XP" translate="no"><val>Windows XP</val></str>
		<str name="2000" translate="no"><val>Windows 2000</val></str>
		<str name="ME" translate="no"><val>Windows ME</val></str>
		<str name="98" translate="no"><val>Windows 98</val></str>
		<str name="NT4.0" translate="no"><val>Windows NT 4.0</val></str>
		<str name="95" translate="no"><val>Windows 95</val></str>
		<str name="UNKNOWN" translate="no"><val>Windows</val></str>
	</set>
	
	<set name="isoToLanguage">
		<str name="en_US" translate="no"><val>English (North America)</val></str>
		<str name="en_GB" translate="no"><val>English (International)</val></str>
		<str name="en_INT" translate="no"><val>English (International)</val></str>
		<str name="en_AE" translate="no"><val>English يدعم العربية</val></str>
		<str name="en_IL" translate="no"><val>English תומך עברית</val></str>
		<str name="en_XC" translate="no"><val>English (Central Europe)</val></str>
		<str name="en_XM" translate="no"><val>English (Middle East)</val></str>
		
		<str name="fr_FR" translate="no"><val>Français</val></str>
		<str name="fr_CA" translate="no"><val>Français (Canada)</val></str>
		<str name="fr_MA" translate="no"><val>Français (Maroc)</val></str>
		<str name="fr_XM" translate="no"><val>Français (Moyen-Orient)</val></str>
		
		<str name="es_ES" translate="no"><val>Español</val></str>
		<str name="es_MX" translate="no"><val>Español (América Latina)</val></str>
		<str name="es_LA" translate="no"><val>Español de América Latina</val></str>
		<str name="es_NA" translate="no"><val>Español Norteamericano</val></str>
		<str name="es_QM" translate="no"><val>Español (Middle East)</val></str>
		
		<str name="ar_AE" translate="no"><val>العربية</val></str>
		<str name="bg_BG" translate="no"><val>Български</val></str>
		<str name="lv_LV" translate="no"><val>Latviešu</val></str>
		<str name="et_EE" translate="no"><val>Eesti</val></str>
		<str name="hr_HR" translate="no"><val>hrvatski</val></str>
		<str name="sl_SI" translate="no"><val>slovenščina</val></str>
		<str name="sk_SK" translate="no"><val>slovenčina</val></str>
		<str name="th_TH" translate="no"><val>ภาษาไทย</val></str>
		<str name="vi_VN" translate="no"><val>Việt</val></str>
		<str name="sq_AL" translate="no"><val>Shqip</val></str>
		<str name="ar_SA" translate="no"><val>العربية</val></str>
		<str name="be_BY" translate="no"><val>Беларуская</val></str>
		<str name="ca_ES" translate="no"><val>Català</val></str>
		<str name="hi_IN" translate="no"><val>हिन्दी</val></str>
		<str name="is_IS" translate="no"><val>Íslenska</val></str>
		<str name="lt_LT" translate="no"><val>Lietuvių</val></str>
		<str name="mk_MK" translate="no"><val>македонски</val></str>
		<str name="nn_NO" translate="no"><val>Norsk (Nynorsk)</val></str>
		<str name="pt_PT" translate="no"><val>Português de Portugal</val></str>
		<str name="sh_YU" translate="no"><val>Srpsko-Hrvatski</val></str>
		<str name="sr_YU" translate="no"><val>Cрпски</val></str>
		<str name="kk_KZ" translate="no"><val>Қазақ</val></str>
		<str name="az_AZ" translate="no"><val>Azərbaycan dili</val></str>
		<str name="no_NO" translate="no"><val>Norwegian</val></str>
		<str name="cs_CZ" translate="no"><val>česky</val></str>
		<str name="de_DE" translate="no"><val>Deutsch</val></str>
		<str name="el_GR" translate="no"><val>Ελληνικά</val></str>
		<str name="he_IL" translate="no"><val>עברית</val></str>
		<str name="hu_HU" translate="no"><val>magyar</val></str>
		<str name="it_IT" translate="no"><val>Italiano</val></str>
		<str name="ja_JP" translate="no"><val>日本語</val></str>
		<str name="ko_KR" translate="no"><val>한국어</val></str>
		<str name="nl_NL" translate="no"><val>Nederlands</val></str>
		<str name="pl_PL" translate="no"><val>polski</val></str>
		<str name="ro_RO" translate="no"><val>Română</val></str>
		<str name="ru_RU" translate="no"><val>русский</val></str>
		<str name="sv_SE" translate="no"><val>Svenska</val></str>
		<str name="tr_TR" translate="no"><val>Türkçe</val></str>
		<str name="uk_UA" translate="no"><val>українська</val></str>
		<str name="zh_CN" translate="no"><val>简体中文</val></str>
		<str name="zh_TW" translate="no"><val>繁體中文</val></str>
		<str name="da_DK" translate="no"><val>Dansk</val></str>
		<str name="fi_FI" translate="no"><val>suomi</val></str>
		<str name="nb_NO" translate="no"><val>Norsk (Bokmål)</val></str>
		<str name="pt_BR" translate="no"><val>Português do Brasil</val></str>
	</set>

</asf>
