<?xml version='1.0' encoding='utf-8'?>
<!DOCTYPE asf SYSTEM "http://ns.adobe.com/asf/asf_1_0.dtd" >
<asf xmlns="http://ns.adobe.com/asf" locale="ko_KR" version="1.0">
	<set name="install">
		<str name="next" translate="yes">
			<val>다음</val>
		</str>
		<str name="back" translate="yes">
			<val>뒤로</val>
		</str>
		<str name="exit" translate="yes">
			<val>끝내기</val>
		</str>
		<str name="quit" translate="yes">
			<val>종료</val>
		</str>
		<str name="stop" translate="yes">
			<val>정지</val>
		</str>
		<str name="continue" translate="yes">
			<val>계속</val>
		</str>
		<str name="cancel" translate="yes">
			<val>취소</val>
		</str>
		<str name="tryAgain" translate="yes">
			<val>다시 시도</val>
		</str>
		<str name="decline" translate="yes">
			<val>동의 안 함</val>
		</str>
		<str name="accept" translate="yes">
			<val>동의함</val>
		</str>			
		<str name="create" translate="yes">
			<val>Adobe ID 만들기</val>
		</str>			
		<str name="info" translate="yes">
			<val>추가 정보</val>
		</str>
		<str name="done" translate="yes">
			<val>완료</val>
		</str>
		<str name="install" translate="yes">
			<val>설치</val>
		</str>			
		<str name="uninstall" translate="yes">
			<val>제거</val>
		</str>			
		<str name="btnOK" translate="yes">
			<val>확인</val>
		</str>
		<str name="yes" translate="yes">
			<val>예</val>
		</str>
		<str name="no" translate="yes">
			<val>아니요</val>
		</str>
		<str name="subscriptionEdition" translate="no">
			<val>Subscription Edition</val>
		</str>
	</set>
	
	<set name="welcome">
		<str name="welcome" translate="yes">
			<val>시작</val>
		</str>
		<str name="product" translate="yes">
			<val>{0} 설치 프로그램</val>
		</str>
		<str name="view" translate="yes">
			<val>보기 형식:</val>
		</str>
		<str name="license" translate="yes">
			<val>Adobe 소프트웨어 사용권 계약</val>
		</str>
		<str name="sure" translate="yes">
			<val>종료하시겠습니까?</val>
		</str>
		<str name="AppTitleInstall" translate="yes">
			<val>{0} 설치 프로그램</val>
		</str>
		<str name="AppTitleUninstall" translate="yes">
			<val>{0} 제거 프로그램</val>
		</str>
	</set>
	
	<set name="serial">
		<str name="welcome" translate="yes">
			<val>일련 번호 입력</val>
		</str>
		<str name="serial" translate="yes">
			<val>일련 번호를 제공하십시오.</val>
		</str>
		<str name="trial" translate="yes">
			<val>이 제품을 시험판 버전으로 설치합니다.</val>
		</str>
		<str name="lang" translate="yes">
			<val>언어:</val>
		</str>
		<str name="license" translate="yes">
			<val>이것은 {0}에 대한 일련 번호로 사용됩니다.</val>
		</str>
		<str name="selectLang" translate="yes">
			<val>언어 선택</val>
		</str>
		<str name="locateTT" translate="yes">
			<val>일련 번호는 DVD 케이스 뒷면, Adobe Open Options 라이센스 인증서(대량 구매에만 해당) 또는 Adobe 스토어에서 받은 전자 우편 영수증(다운로드 구입에만 해당)에 있습니다.</val>
		</str>
		<str name="invalid" translate="yes">
			<val>이 일련 번호가 본 제품에 유효하지 않습니다.</val>
		</str>
		<str name="also" translate="yes">
			<val>설치한 후 일련 번호를 입력할 수도 있습니다.</val>
		</str>
		<str name="agree" translate="yes">
			<val>소프트웨어 사용권 계약에 따라 이 소프트웨어에서는 인터넷을 통한 활성화를 자동으로 시도합니다. 자세한 내용은 {0}http://www.adobe.com/kr/activation{1}을 참조하십시오.</val>
		</str>
		<str name="agreeLink" translate="yes">
			<val>http://www.adobe.com/go/activation_kr</val>
		</str>
		<str name="progressMessage" translate="yes">
			<val>구독 정보 확인 중...</val>
		</str>
	</set>
	
	<set name="options">
		<str name="title" translate="yes">
			<val>설치 옵션</val>
		</str>
		<str name="unTitle" translate="yes">
			<val>제거 옵션</val>
		</str>
		<str name="unInstruct" translate="yes">
			<val>전체 제품을 제거하도록 선택할 경우 동시에 일련 번호를 비활성화할 수도 있습니다.</val>
		</str>
		<str name="total" translate="yes">
			<val>전체 설치:</val>
		</str>
		<str name="all" translate="yes">
			<val>모든 구성 요소</val>
		</str>
		<str name="loc" translate="yes">
			<val>위치:</val>
		</str>
		<str name="deactivate" translate="yes">
			<val>비활성화</val>
		</str>
		<str name="deactivateTooltip1" translate="yes">
			<val>Adobe 제품을 비활성화하면 소프트웨어 사용권 계약에 위배되지 않는 경우에 한해 다른 컴퓨터에서 다시 활성화할 수 있습니다. 비활성화하기 전에 인터넷에 연결되어 있는지 확인하십시오.</val>
		</str>
		<str name="deactivateTooltip2" translate="yes">
			<val>사용이 허가된 Adobe 제품의 개별 구성 요소를 비활성화할 수 없습니다. 다른 컴퓨터에서 Adobe 제품을 설치 및 활성화하려면 먼저 이 컴퓨터에서 전체 제품을 제거 및 비활성화하십시오.</val>
		</str>
		<str name="remove" translate="yes">
			<val>환경 설정 제거</val>
		</str>
		<str name="select" translate="yes">
			<val>제품 이름을 클릭하여 옵션을 사용자 정의하십시오.</val>
		</str>
		<str name="include" translate="yes">
			<val>포함 내용:</val>
		</str>
		<str name="decimalSeparator" translate="yes">
			<val>.</val>
		</str>
		<str name="commaSeparator" translate="yes">
			<val>,</val>
		</str>
		<str name="browse" translate="yes">
			<val>설치 위치 찾아보기</val>
		</str>
		<str name="reqs" translate="yes">
			 <val>최소 시스템 요구 사항이 충족되지 않았습니다. {0}추가 정보...{1}</val>
		</str>
		<str name="more" translate="yes">
			<val>기타</val>
		</str>		
		<str name="morelink" translate="yes">
			<val>http://www.adobe.com/go/cs_systemreqs_kr</val>
		</str>
		<str name="infolink" translate="yes">
			<val>http://www.adobe.com/go/cs_shared_components_kr</val>
		</str>
		<str name="available" translate="yes">
			<val>사용 가능</val>
		</str>
		<str name="recommend" translate="yes">
			<val>권장 요구 사항:</val>
		</str>	
		<str name="required" translate="yes">
			<val>필수 요구 사항:</val>
		</str>
		<str name="GB" translate="yes">
			<val>GB</val>
		</str>
		<str name="MB" translate="yes">
			<val>MB</val>
		</str>
		<str name="KB" translate="yes">
			<val>KB</val>
		</str>
		<str name="already" translate="yes">
			<val>이미 설치되어 있음</val>
		</str>
		
		<str name="again" translate="yes">
			<val>아래 중 하나를 선택하여 다시 설치할 경우 현재 파일 위치에 설치됩니다.</val>
		</str>		
		<str name="uninstall" translate="yes">
			<val>제거</val>
		</str>
		<str name="install" translate="yes">
			<val>설치</val>
		</str>
		<str name="requirementError" translate="yes">
			<val>최소 시스템 요구 사항이 충족되지 않았습니다.</val>
		</str>
		<str name="conflictError" translate="yes">
			<val>이 제품의 시험판 버전이 설치되어 있습니다.</val>
		</str>
		<str name="upgradedError" translate="yes">
			<val>이 제품의 새 버전이 이미 설치되어 있습니다.</val>
		</str>
		<str name="langNotPresent" translate="yes">
			<val>선택한 언어에 사용할 수 없음</val>
		</str>
		<str name="dependenciesNotEnabled" translate="yes">
			<val>필요한 구성 요소를 사용할 수 없습니다.</val>
		</str>
		<str name="avail" translate="yes">
			<val>디스크 공간:</val>
		</str>
		<str name="drive" translate="yes">
			<val>{0} 드라이브</val>
		</str>
		<str name="sure" translate="yes">
			<val>제거를 취소하시겠습니까?</val>
		</str>
		<str name="browseErrorCaseSensitive" translate="yes">
			<val>대/소문자를 구분하는 드라이브는 지원되지 않습니다.</val>
		</str>
		<str name="browseErrorMappedNetwork" translate="yes">
			<val>연결된 네트워크 드라이브에 설치할 수 없습니다.</val>
		</str>
		<str name="browseErrorRemovableDrive" translate="yes">
			<val>이동식 플래시 드라이브에 설치할 수 없습니다.</val>
		</str>
		<str name="browseErrorTooLong" translate="yes">
			<val>설치하려는 경로의 길이가 너무 깁니다.</val>
		</str>
		<str name="browseErrorLockedPath" translate="yes">
			<val>잠긴 위치에 설치할 수 없습니다.</val>
		</str>
		<str name="browseErrorGeneric" translate="yes">
			<val>선택한 위치에 설치할 수 없습니다.</val>
		</str>
		<str name="browseErrorRootDrive" translate="yes">
			<val>루트 드라이브 위치에 설치할 수 없습니다.</val>
		</str>
		<str name="diskSpaceTooltip" translate="yes">
			<val>이 설치를 완료하는 데 필요한 디스크 공간이 부족합니다.</val>
		</str>
		<str name="diskSpaceOverlayError" translate="yes">
			<val>선택한 옵션의 크기가 하드 드라이브의 사용 가능한 공간 크기를 초과합니다. 사용 공간이 충분한 하드 드라이브를 선택하고 설치 프로그램을 다시 실행하십시오.</val>
		</str>
		<str name="uninstallSubscriptionMessage" translate="yes">
			<val>응용 프로그램을 제거하면 구독이 변경되지 않습니다. 구독 상태를 변경하려면 구독 관리자를 방문하십시오. {0}구독 상태를 변경합니다.{1}</val>
		</str>
		<str name="uninstallSubscriptionMessageLink" translate="no">
			<val>http://www.adobe.com/go/subscriptionedition</val>
		</str>
	</set>

	<set name="progress">
		<str name="title" translate="yes">
			<val>설치 진행률</val>
		</str>
		<str name="doneErrors" translate="yes">
			<val>설치 상태</val>
		</str>
		<str name="curr" translate="yes">
			<val>현재 설치 중…</val>
		</str> 
		<str name="unTitle" translate="yes">
			<val>제거 진행률</val>
		</str>
		<str name="unCurr" translate="yes">
			<val>현재 제거 중…</val>
		</str> 
		<str name="cancelling" translate="yes">
			<val>설치 취소 중…</val>
		</str>
		<str name="removingCache" translate="yes">
			<val>캐시를 제거하는 중...</val>
		</str> 
		<str name="disc" translate="yes">
			<val>디스크</val>
		</str>		
		<str name="preparing" translate="yes"> 
			<val>설치 준비 중...</val>
		</str>
		<str name="preparingun" translate="yes"> 
			<val>제거 준비 중...</val>
		</str>
		<str name="calculating" translate="yes"> 
			<val>총 남은 시간: 계산 중...</val>
		</str>
		<str name="calculatingun" translate="yes"> 
			<val>남은 시간: 계산 중...</val>
		</str>
		<str name="complete" translate="yes"> 
			<val>{0}% 완료</val>
		</str>
		<str name="remainTotal" translate="yes">
			<val>총 남은 시간: 약 {0}분</val>
		</str>
		<str name="unRemainTotal" translate="yes">
			<val>남은 시간: 약 {0}분</val>
		</str>
		<str name="remainTotalOneMin" translate="yes">
			<val>총 남은 시간: 약 {0}분</val>
		</str>
		<str name="unRemainTotalOneMin" translate="yes">
			<val>남은 시간: 약 {0}분</val>
		</str>
		<str name="remainMin" translate="yes">
			<val>총 남은 시간: 1분 미만</val>
		</str>
		<str name="unRemainMin" translate="yes">
			<val>남은 시간: 1분 미만</val>
		</str>
		<str name="remainDisc" translate="yes">
			<val>다음 디스크까지의 시간: 약 {0}분</val>
		</str>				
		<str name="sure" translate="yes">
			<val>설치를 취소하시겠습니까?</val>
		</str>
		<str name="incorrect" translate="yes">
			<val>잘못된 디스크를 넣었습니다. 다시 시도한 다음 [완료]를 클릭하십시오.</val>
		</str>
		<str name="insert" translate="yes">
			<val>계속하려면 {0} 디스크를 넣으십시오.</val>
		</str>
		<str name="errorClose" translate="yes">
			<val>계속하려면 다음 응용 프로그램을 모두 닫으십시오.</val>
		</str>
		<str name="contact" translate="yes">
			<val>자세한 내용은 {0}고객 지원{1}에 문의하십시오.</val>
		</str>
		<str name="supportLink" translate="no">
			<val>http://www.adobe.com/go/support_loganalyzer</val>
		</str>
		<str name="errorLater" translate="yes">
			<val>시스템을 다시 시작할 때 이 설치를 완료하려면 [나중에 완료]를 클릭하십시오.</val>
		</str>
		<str name="finishLater" translate="yes">
			<val>나중에 완료</val>
		</str>
		<str name="cancelMsg" translate="yes">
			<val>설치가 취소되었습니다.</val>
		</str>
		<str name="partial" translate="yes">
			<val>오류가 발생하여 일부 응용 프로그램이 설치되지 않았습니다.</val>
		</str>
		<str name="installProblems" translate="yes">
			<val>설치 과정에 문제가 있었습니다.</val>
		</str>
		<str name="requiredFailWarning" translate="yes">
			<val>필요한 구성 요소의 일부가 설치되지 않았을 수 있습니다. 따라서 설치된 응용 프로그램의 기능에 영향을 줄 수도 있습니다.</val>
		</str>
		<str name="helpTroubleshoot" translate="yes">
			<val>이 문제 해결에 대한 도움말을 보려면 {0}문제 해결{1} 정보를 검토하십시오.</val>
		</str>
		<str name="troubleshootTips" translate="yes">
			<val>이러한 문제 해결 팁을 통해 문제를 해결할 수 있습니다.</val>
		</str>
		<str name="tipOne" translate="yes">
			<val>1. 컴퓨터를 다시 시작합니다.</val>
		</str>
		<str name="tipTwo" translate="yes">
			<val>2. 시작 프로그램, 바이러스 확인 및 방화벽 소프트웨어를 포함한 모든 응용 프로그램을 종료합니다.</val>
		</str>
		<str name="tipThree" translate="yes">
			<val>3. 설치 프로그램을 실행하고 응용 프로그램을 다시 설치합니다.</val>
		</str>
		<str name="errorLogText" translate="yes">
			<val>문제가 지속되면 아래의 오류 로그 파일을 통해 해당 문제를 파악할 수 있습니다.</val>
		</str>
		<str name="customerSupport" translate="yes">
			<val>{0}고객 지원{1}에 연락하여 자세한 내용을 제공해주시기 바랍니다.</val>
		</str>
		
		<str name="completely" translate="yes">
			<val>다음 응용 프로그램이 사용할 수 있도록 준비되었습니다.</val>
		</str>
		<str name="incomplete" translate="yes">
			<val>다음 응용 프로그램은 다시 설치해야 합니다.</val>
		</str>
		<str name="installed" translate="yes">
			<val>설치됨:</val>
		</str>
		<str name="notInstalled" translate="yes">
			<val>설치되지 않음:</val>
		</str>
		<str name="haserrors" translate="yes">
			<val>설치 중에 오류가 발생했습니다.</val>
		</str>
		<str name="restart" translate="yes">
			<val>시스템을 다시 시작하고 다시 설치하십시오.</val>
		</str>
		<str name="timeRemaining" translate="yes">
			<val>남은 시간</val>
		</str>
		<str name="unDoneTitle" translate="yes">
			<val>제거 상태</val>
		</str>
		<str name="unDoneWarning" translate="yes">
			<val>오류가 발생하여 일부 응용 프로그램이 완전히 제거되지 않았습니다.</val>
		</str>
		<str name="unComplete" translate="yes">
			<val>다음 응용 프로그램이 제거되었습니다.</val>
		</str>
		<str name="unIncomplete" translate="yes">
			<val>다음 응용 프로그램이 제거되지 않았습니다.</val>
		</str>
		<str name="unInstruct" translate="yes">
			<val>컴퓨터를 다시 시작하고 다시 제거하십시오. 이렇게 해도 문제가 해결되지 않는 경우 {0}Adobe Creative Suite Cleaner Tool{1}을 다운로드하여 실행하십시오.</val>
		</str>
		<str name="unPointWarning" translate="yes">
			<val>제거 중에 오류가 발생했습니다.</val>
		</str>		
		<str name="cleanScriptLink" translate="no">
			<val>http://www.adobe.com/go/cscleanertool</val>
		</str>
		<str name="deactivateWarning" translate="yes">
			<val>비활성화하려면 인터넷에 연결해야 합니다. 그렇지 않으면 이전 화면에서 [비활성화]를 선택 취소하십시오.</val>
		</str>
		<str name="deactivateFailureWarning" translate="yes">
			<val>비활성화하지 못했습니다. 제품 제거를 계속할 수 있지만 비활성화 작업을 완료하지 않으면 다른 컴퓨터에서 이 제품을 활성화할 수 없습니다.</val>
		</str>		
	</set>	 

	<set name="thanks">
		<str name="title" translate="yes">
			<val>감사합니다.</val>
		</str>
		<str name="titleInsStatus" translate="yes">
			<val>설치 상태</val>
		</str>
		
		<str name="subtitle" translate="yes">
			<val>설치가 완료되었습니다. 소프트웨어를 최대한 활용하려면 다음 단계를 수행하십시오.</val>
		</str>
		<str name="subtitle1" translate="yes">
			<val>설치가 완료되었습니다.</val>
		</str>
		<str name="subtitle2" translate="yes">
			<val>소프트웨어를 최대한 활용하려면 다음 단계를 수행하십시오.</val>
		</str>
		<str name="subtitleSubsClaimFail" translate="yes">
			<val>{0}의 구독을 시작할 수 없습니다.</val>
		</str>
	
		
		<str name="unSubtitle" translate="yes">
			<val>다음 응용 프로그램을 성공적으로 제거했습니다.</val>
		</str>

		<str name="unSubtitleNoProductList" translate="yes">
			<val>다시 시작하면 제거가 완료됩니다.</val>
		</str>

		<str name="appsInstalledHeading" translate="yes">
			<val>다음 제품이 설치되었습니다.</val>
		</str>
		<str name="appInstalledHeading" translate="yes">
			<val>다음 제품이 설치되었습니다.</val>
		</str>

		<str name="services" translate="yes">
			<val>시작하기: Adobe 제품 및 서비스</val>
		</str>
		<str name="noservices" translate="yes">
			<val>시작하기: Adobe 제품</val>
		</str>
		<str name="successWithServices" translate="yes">
			<val>Adobe ID를 사용하여 소프트웨어를 등록하고 Adobe CS Live 서비스에 대한 액세스를 설정했습니다.</val>
		</str>
		<str name="successWithoutServices" translate="yes">
			<val>Adobe ID를 제공하여 소프트웨어를 등록했습니다.</val>
		</str>
		<str name="emailVerify" translate="yes">
			<val>Adobe CS Live 서비스를 사용하려면 전자 우편을 확인해야 합니다. 전자 우편 받은 편지함을 확인하십시오.</val>
		</str>
		<str name="skippedWithServices" translate="yes">
			<val>소프트웨어를 등록하고 Adobe CS Live 서비스에 액세스하려면 Adobe ID가 필요합니다. 소프트웨어를 사용할 때 Adobe ID를 입력하라는 메시지가 나타납니다.</val>
		</str>
		<str name="skippedWithoutServices" translate="yes">
			<val>소프트웨어를 등록하려면 Adobe ID가 필요합니다. 소프트웨어를 사용할 때 Adobe ID를 입력하라는 메시지가 나타납니다.</val>
		</str>
		<str name="trialAdobeIDtext" translate="yes">
			<val>이 소프트웨어를 시험판 버전으로 사용하려면 Adobe ID가 필요합니다. 시험판 버전 소프트웨어를 처음 실행한 후 7일 이내로 Adobe ID를 입력해야 합니다.</val>
		</str>
		<str name="idinfo" translate="yes">
			<val>귀하의 Adobe ID를 사용하여 제품을 등록하고 Adobe CS Live 서비스에 대한 액세스를 설정했습니다.</val>
		</str>	
		<str name="id" translate="yes">
			<val>Adobe ID를 사용하여 제품을 등록할 수 있습니다.</val>
		</str>
		<str name="provided" translate="yes">
			<val>Adobe ID를 제공하여 제품을 등록했습니다.</val>
		</str>
		<str name="idservices" translate="yes">
			<val>Adobe ID를 사용하여 제품을 등록하고 무료 Adobe CS Live 서비스 구독을 설정할 수 있습니다.</val>
		</str>
		<str name="idis" translate="yes">
			<val>Adobe ID: {0}</val>
		</str>
		<str name="idnew" translate="yes">
			<val>Adobe ID: {0}</val>
		</str>
		
		<str name="email" translate="yes">
			<val>전자 우편 주소를 확인하기 위해 전자 우편이 발송되었습니다. Adobe CS Live 서비스를 사용하기 전에 전자 우편을 확인하십시오.</val>
		</str>
		<str name="videos" translate="yes">
			<val>비디오 자습서 보기</val>
		</str>
		<str name="explore" translate="yes">
			<val>Adobe CS LIVE 서비스 탐색</val>
		</str>
		<str name="videolink" translate="yes">
			<val>http://www.adobe.com/go/adobetv_howto</val>
		</str>		
		<str name="serviceslink" translate="yes">
			<val>http://www.adobe.com/go/cslive_kr</val>
		</str>	
	</set> 
	
	
	<set name="upgrade">
		<str name="title" translate="yes">
			<val>일련 번호 업그레이드 입력</val>
		</str>
		<str name="instruct1" translate="yes">
			<val>입력하신 일련 번호는 유효하지만 이 컴퓨터에 사용 허가를 받은 제품이 없습니다.</val>
		</str>
		<str name="instruct2" translate="yes">
			<val>입력하신 일련 번호를 사용하여 업그레이드하려면 다음과 같은 사용 허가를 받은 제품이 있어야 합니다. 해당하는 제품을 선택한 후 일련 번호를 입력하십시오.</val>
		</str>
		<str name="serial" translate="yes">
			<val>이 제품의 일련 번호:</val>
		</str>
		<str name="trial" translate="yes">
			<val>시험판 버전으로 설치</val>
		</str>
		<str name="confirm" translate="yes">
			<val>이 일련 번호는 {0}을(를) 확인합니다.</val>
		</str>
		<str name="second" translate="yes">
			<val>이 업그레이드를 수행하려면 추가로 사용 허가를 받은 제품이 필요합니다. 아래에서 추가로 사용 허가를 받은 제품을 선택한 후 해당 일련 번호를 입력하십시오.</val>
		</str>
		<str name="selproduct" translate="yes">
			<val>제품 선택</val>
		</str>
		<str name="nogood" translate="yes">
			<val>이 일련 번호는 사용 허가를 받은 제품에 대한 번호가 아닙니다. 다른 일련 번호를 입력하십시오.</val>
		</str>
		<str name="account" translate="yes">
			<val>이미 제품을 등록한 경우 {0}계정 페이지{1}에서 기존의 일련 번호를 찾을 수 있습니다.</val>
		</str>
		<str name="support" translate="yes">
			<val>자세한 내용은 {0}고객 지원{1}에 문의하십시오.</val>
		</str>
		<str name="supportlink" translate="no">
			<val>http://www.adobe.com/go/support_loganalyzer</val>
		</str>
		<str name="accountlink" translate="yes">
			<val>http://www.adobe.com/go/adobemembership_kr</val>
		</str>
	</set>
	
	<set name="upcode">
		<str name="header" translate="yes">
			<val>업그레이드 코드를 입력하십시오.</val>
		</str>
		<str name="instruct1" translate="yes">
			<val>서비스 담당자가 요청하는 경우 다음 코드를 제공하십시오.</val>
		</str>
		<str name="challenge" translate="yes">
			<val>챌린지 코드</val>
		</str>
		<str name="instruct2" translate="yes">
			<val>서비스 담당자가 알려준 코드를 입력하십시오.</val>
		</str>
		<str name="support" translate="yes">
			<val>지원 코드</val>
		</str>
		<str name="codeError" translate="yes">
			<val>잘못된 지원 코드</val>
		</str>
		
	</set>
	
	<set name="dvanote">
		<str name="header" translate="yes">
			<val>중요 정보</val>
		</str>
		<str name="warning32bit" translate="yes">
			<val>이 컴퓨터는 32비트 운영 체제에서 실행됩니다. Adobe Premiere Pro CS5.5, Adobe Premiere Pro CS5, After Effects CS5.5 및 After Effects CS5는 64비트 운영 체제에서만 실행됩니다. 이러한 응용 프로그램을 사용하려면 시스템을 업그레이드하거나 CS4 32비트 버전을 설치해야 합니다. CS4 버전을 찾고 설치하는 방법에 대한 {0}자세한 정보를 알아보십시오{1}.</val>
		</str>
		<str name="learnMoreLink" translate="yes">
			<val>http://www.adobe.com/go/32bit_installation_kr</val>
		</str>
	</set>

	<set name="nav">
		<str name="welcome" translate="yes">
			<val>시작</val>
		</str>
		<str name="serial" translate="yes">
			<val>일련 번호</val>
		</str>
		<str name="id" translate="yes">
			<val>Adobe ID</val>
		</str>
		<str name="options" translate="yes">
			<val>옵션</val>
		</str>
		<str name="unoptions" translate="yes">
			<val>옵션</val>
		</str>
		<str name="install" translate="yes">
			<val>설치</val>
		</str>
		<str name="uninstall" translate="yes">
			<val>제거</val>
		</str>
		<str name="thanks" translate="yes">
			<val>완료</val>
		</str>
	</set>
	
	
	<set name="systemReq">
		<str name="ram" translate="yes">
			<val>{0} RAM 권장</val>
		</str>
		<str name="processor" translate="yes">
			<val>{0} 프로세서 권장</val>
		</str>
		<str name="osWin" translate="yes">
			<val>Windows {0} 권장</val>
		</str>
		<str name="osMac" translate="yes">
			<val>Mac {0} 권장</val>
		</str>
		<str name="screen" translate="yes">
			<val>{0} 화면 해상도 권장</val>
		</str>
	</set>
	
	<set name="installErrorCode">
		<str name="code0" translate="yes">
			<val>설치를 완료했습니다.</val>
		</str>
		<str name="code6" translate="yes">
			<val>오류 처리 완료</val>
		</str>
		<str name="code7in" translate="yes">
			<val>설치 실패</val>
		</str>
		<str name="code7un" translate="yes">
			<val>제거 실패</val>
		</str>
		<str name="code8" translate="yes">
			<val>완료. 워크플로를 완료하려면 시스템을 다시 시작해야 합니다.</val>
		</str>
		<str name="code11" translate="yes">
			<val>다른 배포 인스턴스가 이미 실행 중입니다.</val>
		</str>
		<str name="code14" translate="yes">
			<val>설치하려면 관리자 권한이 필요합니다.</val>
		</str>
		<str name="code14un" translate="yes">
			<val>제거하려면 관리자 권한이 필요합니다.</val>
		</str>
		<str name="code19" translate="yes">
			<val>프로세스가 충돌하여 실행 중입니다.</val>
		</str>
		<str name="code24" translate="yes">
			<val>설치가 취소되었습니다.</val>
		</str>
		<str name="code15" translate="yes">
			<val>설치 프로그램 데이터베이스가 일치하지 않습니다. 컴퓨터를 다시 시작하고 다시 설치하십시오.</val>
		</str>
		<str name="code31" translate="yes">
			<val>선택한 옵션의 크기가 하드 드라이브의 사용 가능한 공간 크기를 초과합니다. 사용 공간이 충분한 하드 드라이브를 선택하고 설치 프로그램을 다시 실행하십시오.</val>
		</str>
		<str name="code9999" translate="yes">
			<val>내부 오류가 발생했습니다.</val>
		</str>
		<str name="internalError" translate="yes">
			<val>설치 중 설정에 오류({0})가 발생했습니다. 시스템을 다시 시작하고 다시 시도해 주십시오.</val>
		</str>
		<str name="uninternalError" translate="yes">
			<val>제거 중 설정에 오류({0})가 발생했습니다. 시스템을 다시 시작하고 다시 시도해 주십시오.</val>
		</str>
	</set>
	
	<set name="prescreenResponse">
		<str name="header_NOT_ENABLED" translate="yes">
			<val>{0}의 구독 기간이 만료되었습니다.</val>
		</str>
		<str name="body_NOT_ENABLED" translate="yes">
			<val>구독을 갱신하거나 [뒤로]를 선택하여 제품을 시험판 버전으로 설치하십시오.</val>
		</str>
		<str name="footerLinkText_NOT_ENABLED" translate="yes">
			<val>내 구독 갱신</val>
		</str>
		<str name="footerLink_NOT_ENABLED" translate="no">
			<val>http://www.adobe.com/go/subscriptionedition</val>
		</str>
		
		<str name="header_OFFLINE" translate="yes">
			<val>인터넷에 연결할 수 없습니다.</val>
		</str>
		<str name="body_OFFLINE" translate="yes">
			<val>이 제품을 사용하려면 인터넷 연결이 활성화되어 있어야 합니다. 연결 설정을 확인하고 [다시 시도]를 선택하십시오. 문제가 지속되면 고객 지원에 문의하시거나 [뒤로]를 선택하여 이 제품을 시험판 버전으로 설치하십시오.</val>
		</str>
		<str name="footerLinkText_OFFLINE" translate="yes">
			<val>고객 지원에 문의</val>
		</str>
		<str name="footerLink_OFFLINE" translate="yes">
			<val>http://www.adobe.com/kr/support/</val>
		</str>
		
		<str name="header_GENERIC_ERROR" translate="yes">
			<val>{0}의 구독을 시작할 수 없습니다.</val>
		</str>
		<str name="body_GENERIC_ERROR" translate="yes">
			<val>설치를 완료하려면 이 제품을 시험판 버전으로 설치하십시오. 소프트웨어를 설치하고 응용 프로그램을 시작하면 구독을 시작하라는 메시지가 표시됩니다.</val>
		</str>
		<str name="footerLinkText_GENERIC_ERROR" translate="yes">
			<val>고객 지원에 문의</val>
		</str>
		<str name="footerLink_GENERIC_ERROR" translate="yes">
			<val>http://www.adobe.com/kr/support/</val>
		</str>
	</set>
	
	<set name="subsClaimResponse">
		<str name="failureStatusHeading" translate="yes">
			<val>{0}의 구독을 시작할 수 없습니다.</val>
		</str>
		<str name="successStatusHeading" translate="yes">
			<val>시작하기: Adobe 제품 및 서비스</val>
		</str>
		
		<str name="adobeIDInfo" translate="yes">
			<val>Adobe ID를 사용하여 {0}의 구독을 시작하고 Adobe CS Live 서비스에 대한 액세스를 설정했습니다.</val>
		</str>
		
		<str name="idis" translate="yes">
			<val>Adobe ID: {0}</val>
		</str>
		<str name="idnew" translate="yes">
			<val>Adobe ID: {0}</val>
		</str>
		
		<str name="emailVerify" translate="yes">
			<val>Adobe CS Live 서비스를 사용하려면 전자 우편을 확인해야 합니다. 전자 우편의 받은 편지함을 확인하십시오.</val>
		</str>
		

		<str name="supLinkURL_EXCEPTION_DECODE_FAILED" translate="yes">
			<val>http://www.adobe.com/go/support_kr</val>
		</str>			
		<str name="supLinkURL_EXCEPTION_NO_SUCH_USER" translate="yes">
			<val>http://www.adobe.com/go/support_kr</val>
		</str>		
		<str name="supLinkURL_EXCEPTION_INVALID_DATA" translate="yes">
			<val>http://www.adobe.com/kr/support/</val>
		</str>
		<str name="supLinkURL_EXCEPTION_SKU_LOOKUP_FAILED" translate="yes">
			<val>http://www.adobe.com/go/support_kr</val>
		</str>		
		<str name="supLinkURL_EXCEPTION_AUTHENTICATION_TIMEOUT" translate="yes">
			<val>http://www.adobe.com/go/support_kr</val>
		</str>
		<str name="supLinkURL_EXCEPTION_SNSERVER_TIMEOUT" translate="yes">
			<val>http://www.adobe.com/go/support_kr</val>
		</str>
		<str name="supLinkURL_EXCEPTION_INTERNAL_TIMEOUT" translate="yes">
			<val>http://www.adobe.com/go/support_kr</val>
		</str>
		<str name="supLinkURL_EXCEPTION_INTERNAL_SERVER_ERROR" translate="yes">
			<val>http://www.adobe.com/go/support_kr</val>
		</str>
		<str name="supLinkURL_EXCEPTION_SYSTEM_UNAVAILABLE_time" translate="yes">
			<val>http://www.adobe.com/go/support_kr</val>
		</str>
		<str name="supLinkURL_EXCEPTION_SYSTEM_UNAVAILABLE" translate="yes">
			<val>http://www.adobe.com/go/support_kr</val>
		</str>
		<str name="supLinkURL_EXCEPTION_COMPANY_CODE_MISMATCH" translate="yes">
			<val>http://www.adobe.com/go/subscription_learnmore_kr</val>
		</str>
		<str name="supLinkURL_EXCEPTION_SUBSCRIPTION_ALREADY_CLAIMED_DIFF_ADOBEID" translate="yes">
			<val>http://www.adobe.com/kr/support/</val>
		</str>
		<str name="supLinkURL_ERROR_WITH_INFO" translate="yes">
			<val>http://www.adobe.com/kr/support/</val>
		</str>
		<str name="supLinkURL_GENERIC" translate="yes">
			<val>http://www.adobe.com/go/support_kr</val>
		</str>
		
		
		<str name="supLinkLbl_EXCEPTION_DECODE_FAILED" translate="yes">
			<val>고객 지원에 문의</val>
		</str>			
		<str name="supLinkLbl_EXCEPTION_NO_SUCH_USER" translate="yes">
			<val>고객 지원에 문의</val>
		</str>		
		<str name="supLinkLbl_EXCEPTION_INVALID_DATA" translate="yes">
			<val>고객 지원에 문의</val>
		</str>
		<str name="supLinkLbl_EXCEPTION_SKU_LOOKUP_FAILED" translate="yes">
			<val>고객 지원에 문의</val>
		</str>		
		<str name="supLinkLbl_EXCEPTION_AUTHENTICATION_TIMEOUT" translate="yes">
			<val>고객 지원에 문의</val>
		</str>
		<str name="supLinkLbl_EXCEPTION_SNSERVER_TIMEOUT" translate="yes">
			<val>고객 지원에 문의</val>
		</str>
		<str name="supLinkLbl_EXCEPTION_INTERNAL_TIMEOUT" translate="yes">
			<val>고객 지원에 문의</val>
		</str>
		<str name="supLinkLbl_EXCEPTION_INTERNAL_SERVER_ERROR" translate="yes">
			<val>고객 지원에 문의</val>
		</str>
		<str name="supLinkLbl_EXCEPTION_SYSTEM_UNAVAILABLE_time" translate="yes">
			<val>고객 지원에 문의</val>
		</str>
		<str name="supLinkLbl_EXCEPTION_SYSTEM_UNAVAILABLE" translate="yes">
			<val>고객 지원에 문의</val>
		</str>
		<str name="supLinkLbl_EXCEPTION_SUBSCRIPTION_ALREADY_CLAIMED_DIFF_ADOBEID" translate="yes">
			<val>고객 지원에 문의</val>
		</str>
		<str name="supLinkLbl_EXCEPTION_COMPANY_CODE_MISMATCH" translate="yes">
			<val>자세히 알아보기</val>
		</str>
		<str name="supLinkLbl_ERROR_WITH_INFO" translate="yes">
			<val>고객 지원에 문의</val>
		</str>
		<str name="supLinkLbl_GENERIC" translate="yes">
			<val>고객 지원에 문의</val>
		</str>
		
		
		<str name="code_EXCEPTION_DECODE_FAILED" translate="yes">
			<val>제품을 실행하면 구독을 시작하라는 메시지가 표시됩니다.</val>
		</str>			
		<str name="code_EXCEPTION_NO_SUCH_USER" translate="yes">
			<val>제품을 실행하면 구독을 시작하라는 메시지가 표시됩니다.</val>
		</str>		
		<str name="code_EXCEPTION_INVALID_DATA" translate="yes">
			<val>제품을 실행하면 구독을 시작하라는 메시지가 표시됩니다.</val>
		</str>
		<str name="code_EXCEPTION_SKU_LOOKUP_FAILED" translate="yes">
			<val>제품을 실행하면 구독을 시작하라는 메시지가 표시됩니다.</val>
		</str>		
		<str name="code_EXCEPTION_AUTHENTICATION_TIMEOUT" translate="yes">
			<val>잠시 기다린 후 다시 시도해 주십시오. 제품을 실행하면 구독을 시작하라는 메시지가 표시됩니다.</val>
		</str>
		<str name="code_EXCEPTION_SNSERVER_TIMEOUT" translate="yes">
			<val>잠시 기다린 후 다시 시도해 주십시오. 제품을 실행하면 구독을 시작하라는 메시지가 표시됩니다.</val>
		</str>
		<str name="code_EXCEPTION_INTERNAL_TIMEOUT" translate="yes">
			<val>잠시 기다린 후 다시 시도해 주십시오. 제품을 실행하면 구독을 시작하라는 메시지가 표시됩니다.</val>
		</str>
		<str name="code_EXCEPTION_INTERNAL_SERVER_ERROR" translate="yes">
			<val>잠시 기다린 후 다시 시도해 주십시오. 제품을 실행하면 구독을 시작하라는 메시지가 표시됩니다.</val>
		</str>
		<str name="code_EXCEPTION_SYSTEM_UNAVAILABLE_time" translate="yes">
			<val>해당 서버는 현재 점검으로 인해 오프라인입니다. 불편을 끼쳐 드려 죄송합니다. {0}에 다시 시도하십시오. 제품을 실행하면 구독을 시작하라는 메시지가 표시됩니다.</val>
		</str>
		<str name="code_EXCEPTION_SYSTEM_UNAVAILABLE" translate="yes">
			<val>해당 서버는 현재 점검으로 인해 오프라인입니다. 불편을 끼쳐 드려 죄송합니다. 제품을 실행하면 구독을 시작하라는 메시지가 표시됩니다.</val>
		</str>
		<str name="code_EXCEPTION_COMPANY_CODE_MISMATCH" translate="yes">
			<val>이 제품의 구입이 이루어진 국가가 사용자의 Adobe 계정에서 지정된 국가와 일치하지 않습니다. 제품을 실행할 때 다른 Adobe ID로 로그인하라는 메시지가 표시됩니다.</val>
		</str>
		<str name="code_EXCEPTION_SUBSCRIPTION_ALREADY_CLAIMED_DIFF_ADOBEID" translate="yes">
			<val>레코드에 이 구독이 현재 다른 Adobe ID에 지정되어 있는 것으로 표시됩니다. 제품을 실행할 때 다른 Adobe ID로 로그인하라는 메시지가 표시됩니다. 문제가 지속되면 고객 지원에 문의하십시오.</val>
		</str>
		<str name="code_ESS_TIMEOUT" translate="yes">
			<val>잠시 기다린 후 다시 시도해 주십시오. 제품을 실행하면 구독을 시작하라는 메시지가 표시됩니다.</val>
		</str>
		
		<str name="code_ESS_FAILURE" translate="yes">
			<val>잠시 기다린 후 다시 시도해 주십시오. 제품을 실행하면 구독을 시작하라는 메시지가 표시됩니다.</val>
		</str>
		
		<str name="code_GENERIC" translate="yes">
			<val>제품을 실행하면 구독을 시작하라는 메시지가 표시됩니다.</val>
		</str>
	</set>
	
	<set name="claimResponse">
		<str name="code_" translate="yes">
			<val></val>
		</str>
		<str name="code_NonSaas_FAILURE" translate="yes">
			<val>지금 제품을 등록할 수 없습니다. 나중에 다시 시도해 주십시오.</val>
		</str>
		<str name="code_EXCEPTION_DECODE_FAILED" translate="yes">
			<val>일련 번호가 잘못되었습니다. CS Live 구독을 시작할 수 없습니다.</val>
		</str>
		<str name="code_EXCEPTION_NO_SUCH_USER" translate="yes">
			<val>Adobe CS Live 구독을 시작할 수 없습니다. 나중에 다시 시도해 주십시오.</val>
		</str>
		<str name="code_EXCEPTION_INVALID_DATA" translate="yes">
			<val>Adobe CS Live 구독을 시작할 수 없습니다. 나중에 다시 시도해 주십시오.</val>
		</str>
		<str name="code_EXCEPTION_WCD_TIMEOUT" translate="yes">
			<val>Adobe CS Live 구독을 시작할 수 없습니다. 나중에 다시 시도해 주십시오.</val>
		</str>
		<str name="code_EXCEPTION_AUTHENTICATION_TIMEOUT" translate="yes">
			<val>Adobe CS Live 구독을 시작할 수 없습니다. 나중에 다시 시도해 주십시오.</val>
		</str>
		<str name="code_EXCEPTION_SNSERVER_TIMEOUT" translate="yes">
			<val>Adobe CS Live 구독을 시작할 수 없습니다. 나중에 다시 시도해 주십시오.</val>
		</str>
		<str name="code_EXCEPTION_WCD_SESSION_TIMEOUT" translate="yes">
			<val>Adobe CS Live 구독을 시작할 수 없습니다. 나중에 다시 시도해 주십시오.</val>
		</str>
		<str name="code_ESS_TIMEOUT" translate="yes">
			<val>Adobe CS Live 구독을 시작할 수 없습니다. 나중에 다시 시도해 주십시오.</val>
		</str>
		<str name="code_ESS_FAILURE" translate="yes">
			<val>Adobe CS Live 구독을 시작할 수 없습니다. 나중에 다시 시도해 주십시오.</val>
		</str>
		<str name="code_EXCEPTION_INTERNAL_TIMEOUT" translate="yes">
			<val>Adobe CS Live 구독을 시작할 수 없습니다. 나중에 다시 시도해 주십시오.</val>
		</str>
		<str name="code_EXCEPTION_INTERNAL_SERVER_ERROR" translate="yes">
			<val>Adobe CS Live 구독을 시작할 수 없습니다. 나중에 다시 시도해 주십시오.</val>
		</str>
		<str name="code_EXCEPTION_SUBSCRIPTION_ALREADY_CLAIMED" translate="yes">
			<val>Adobe CS Live 구독에 이미 등록되었습니다. 서비스를 사용하려면 로그인하십시오.</val>
		</str>
		<str name="code_EXCEPTION_CLAIM_ALREADY_PROCESSED" translate="yes">
			<val>이 일련 번호는 Adobe CS Live 구독과 이미 연결되어 있습니다. 서비스를 사용하려면 로그인하십시오.</val>
		</str>
		<str name="code_EXCEPTION_SYSTEM_UNAVAILABLE_time" translate="yes">
			<val>Adobe 등록 서버는 현재 점검 중이며 {0}부터 다시 사용할 수 있습니다. 불편을 끼쳐 드려 죄송합니다. 나중에 다시 시도해 주십시오.</val>
		</str>
		<str name="code_EXCEPTION_SYSTEM_UNAVAILABLE" translate="yes">
			<val>Adobe 등록 서버는 현재 점검 중입니다. 불편을 끼쳐 드려 죄송합니다. 나중에 다시 시도해 주십시오.</val>
		</str>
		<str name="code_EXCEPTION_SYSTEM_UNAVAILABLE_time_saas" translate="yes">
			<val>Adobe CS Live는 현재 점검 중이며 {0}부터 다시 사용할 수 있습니다. 불편을 끼쳐 드려 죄송합니다. 나중에 다시 시도해 주십시오.</val>
		</str>
		<str name="code_EXCEPTION_SYSTEM_UNAVAILABLE_saas" translate="yes">
			<val>Adobe CS Live는 현재 점검 중입니다. 불편을 끼쳐 드려 죄송합니다. 나중에 다시 시도해 주십시오.</val>
		</str>
	</set>	
	
	<set name="alert">
		<str name="alertHeader" translate="yes">
			<val>Adobe 설치 프로그램</val>
		</str>
		<str name="workflowCloseError" translate="yes">
			<val>다른 비배포용 워크플로를 닫는 중 문제가 발생했습니다. 워크플로를 닫고 설치를 클릭하여 설치를 다시 시작하십시오.</val>
		</str>
		<str name="workflowNeedCloseMessage" translate="yes">
			<val>Adobe Application Manager의 다른 인스턴스가 실행 중입니다. 계속하려면 이러한 인스턴스를 닫아야 합니다.</val>
		</str>
		<str name="cancelMsg" translate="yes">
			<val>취소하시겠습니까?</val>
		</str>
		<str name="payloadDataError" translate="yes">
			<val>설치 프로그램 초기화 실패</val>
		</str>
		<str name="payloadMappingError" translate="yes">
			<val>설치 프로그램 초기화 실패</val>
		</str>
		<str name="driverSystemRequirementError" translate="yes">
			<val>이 제품에 대한 최소 시스템 요구 사항이 충족되지 않았습니다.</val>
		</str>
		<str name="driverConflictError" translate="yes">
			<val>{0}의 충돌 또는 시험판 버전이 컴퓨터에 존재합니다. 설치하기 전에 현재 미디어에서 충돌 버전을 제거해야 합니다.</val>
		</str>
		<str name="eulaDeclineMsg" translate="yes">
			<val>계속하려면 Adobe 최종 사용자 사용권 계약에 동의해야 합니다. 계약에 동의하지 않으시겠습니까?</val>
		</str>
		<str name="authAdobeID" translate="yes">
			<val>Adobe ID 인증 중...</val>
		</str>
		<str name="sharedComponentMsgInstall" translate="yes">
			<val>공유 구성 요소 설치 중입니다. 잠시 기다려 주십시오… 이전에 설치한 구성 요소에 따라 몇 분 정도 걸릴 수 있습니다.</val>
		</str>
		<str name="sharedComponentMsgUninstall" translate="yes">
			<val>공유 구성 요소 제거 중입니다. 잠시 기다려 주십시오… 이전에 설치한 구성 요소에 따라 몇 분 정도 걸릴 수 있습니다.</val>
		</str>
		<str name="diskPrompt" translate="yes">
			<val>{1} 드라이브에 레이블이 {0}인 디스크를 넣으십시오.</val>
		</str>
		<str name="noDriverError" translate="yes">
			<val>드라이버 페이로드를 찾을 수 없습니다.</val>
		</str>
		<str name="installerNotApplicable" translate="yes">
			<val>{0}은(는) 64비트 시스템에서만 설치할 수 있습니다.</val>
		</str>
		<str name="deactivateMessage" translate="yes">
			<val>비활성화 중입니다. 잠시 기다려 주십시오.</val>
		</str>
		<str name="deactivateFailMessage" translate="yes">
			<val>제품을 비활성화할 수 없습니다.</val>
		</str>
		<str name="restartMessage" translate="yes">
			<val>컴퓨터를 다시 시작하는 것이 좋습니다.</val>
		</str>
		
		<str name="connecting" translate="yes">
			<val>연결 중...</val>
		</str>
		
	</set>	
	
	
	<set name="isoToLanguage">
		<str name="ar_AE" translate="no"><val>العربية</val></str>
		<str name="en_GB" translate="no"><val>English (International)</val></str> 
		<str name="fr_CA" translate="no"><val>Français canadien</val></str>
		<str name="es_QM" translate="no"><val>Español (Middle East)</val></str>
		<str name="es_LA" translate="no"><val>Español de América Latina</val></str>
		<str name="es_NA" translate="no"><val>Español Norteamericano</val></str>
		<str name="bg_BG" translate="no"><val>Български</val></str>
		<str name="lv_LV" translate="no"><val>Latviešu</val></str>
		<str name="et_EE" translate="no"><val>Eesti</val></str>
		<str name="hr_HR" translate="no"><val>hrvatski</val></str>
		<str name="sl_SI" translate="no"><val>slovenščina</val></str>
		<str name="sk_SK" translate="no"><val>slovenčina</val></str>
		<str name="th_TH" translate="no"><val>ภาษาไทย</val></str> 
		<str name="vi_VN" translate="no"><val>Việt</val></str>
		<str name="en_XC" translate="no"><val>English (Central Europe)</val></str> 
		<str name="en_XM" translate="no"><val>English (Middle East)</val></str>
		<str name="fr_XM" translate="no"><val>Français Oriental Moyen</val></str>
		<str name="sq_AL" translate="no"><val>Shqip</val></str> 
		<str name="ar_SA" translate="no"><val>العربية</val></str>
		<str name="be_BY" translate="no"><val>Беларуская</val></str> 
		<str name="ca_ES" translate="no"><val>Català</val></str> 
		<str name="hi_IN" translate="no"><val>हिन्दी</val></str>
		<str name="is_IS" translate="no"><val>Íslenska</val></str> 
		<str name="lt_LT" translate="no"><val>Lietuvių</val></str>
		<str name="mk_MK" translate="no"><val>македонски</val></str>
		<str name="nn_NO" translate="no"><val>Norsk (Nynorsk)</val></str>
		<str name="pt_PT" translate="no"><val>Português de Portugal</val></str> 
		<str name="sh_YU" translate="no"><val>Srpsko-Hrvatski</val></str> 
		<str name="sr_YU" translate="no"><val>Cрпски</val></str> 
		<str name="kk_KZ" translate="no"><val>Қазақ</val></str>
		<str name="az_AZ" translate="no"><val>Azərbaycan dili</val></str> 
		<str name="es_MX" translate="no"><val>Español (América Latina)</val></str>
		<str name="no_NO" translate="no"><val>Norwegian</val></str> 
		<str name="cs_CZ" translate="no"><val>Česky</val></str>
		<str name="de_DE" translate="no"><val>Deutsch</val></str>
		<str name="el_GR" translate="no"><val>Ελληνικά</val></str>
		<str name="en_US" translate="no"><val>English (North America)</val></str> 
		<str name="es_ES" translate="no"><val>Español</val></str> 
		<str name="fr_FR" translate="no"><val>Français</val></str>
		<str name="he_IL" translate="no"><val>עברית</val></str> 
		<str name="hu_HU" translate="no"><val>Magyar</val></str> 
		<str name="it_IT" translate="no"><val>Italiano</val></str>
		<str name="ja_JP" translate="no"><val>日本語</val></str>
		<str name="ko_KR" translate="no"><val>한국어</val></str>
		<str name="nl_NL" translate="no"><val>Nederlands</val></str>
		<str name="pl_PL" translate="no"><val>Polski</val></str>
		<str name="ro_RO" translate="no"><val>Română</val></str>
		<str name="ru_RU" translate="no"><val>Pусский</val></str>
		<str name="sv_SE" translate="no"><val>Svenska</val></str>
		<str name="tr_TR" translate="no"><val>Türkçe</val></str>
		<str name="uk_UA" translate="no"><val>Українська</val></str>
		<str name="zh_CN" translate="no"><val>简体中文</val></str>
		<str name="zh_TW" translate="no"><val>繁體中文</val></str>
		<str name="da_DK" translate="no"><val>Dansk</val></str>
		<str name="fi_FI" translate="no"><val>Suomi</val></str>
		<str name="nb_NO" translate="no"><val>Norsk (Bokmål)</val></str> 
		<str name="pt_BR" translate="no"><val>Português do Brasil</val></str>
	</set>	
</asf>
