<?xml version='1.0' encoding='utf-8'?>
<!DOCTYPE asf SYSTEM "http://ns.adobe.com/asf/asf_1_0.dtd" >
<asf xmlns="http://ns.adobe.com/asf" locale="fi_FI" version="1.0">
	<set name="install">
		<str name="next" translate="yes">
			<val>SEURAAVA</val>
		</str>
		<str name="back" translate="yes">
			<val>TAKAISIN</val>
		</str>
		<str name="exit" translate="yes">
			<val>POISTU</val>
		</str>
		<str name="quit" translate="yes">
			<val>LOPETA</val>
		</str>
		<str name="stop" translate="yes">
			<val>PYSÄYTÄ</val>
		</str>
		<str name="continue" translate="yes">
			<val>JATKA</val>
		</str>
		<str name="cancel" translate="yes">
			<val>PERUUTA</val>
		</str>
		<str name="tryAgain" translate="yes">
			<val>YRITÄ UUDELLEEN</val>
		</str>
		<str name="decline" translate="yes">
			<val>HYLKÄÄ</val>
		</str>
		<str name="accept" translate="yes">
			<val>HYVÄKSY</val>
		</str>			
		<str name="create" translate="yes">
			<val>LUO ADOBE-TUNNUS</val>
		</str>			
		<str name="info" translate="yes">
			<val>Lisätietoja</val>
		</str>
		<str name="done" translate="yes">
			<val>VALMIS</val>
		</str>
		<str name="install" translate="yes">
			<val>ASENNA</val>
		</str>			
		<str name="uninstall" translate="yes">
			<val>POISTA ASENNUS</val>
		</str>			
		<str name="btnOK" translate="yes">
			<val>OK</val>
		</str>
		<str name="yes" translate="yes">
			<val>KYLLÄ</val>
		</str>
		<str name="no" translate="yes">
			<val>EI</val>
		</str>
		<str name="subscriptionEdition" translate="no">
			<val>Subscription Edition</val>
		</str>
	</set>
	
	<set name="welcome">
		<str name="welcome" translate="yes">
			<val>Tervetuloa</val>
		</str>
		<str name="product" translate="yes">
			<val>Asennusohj. tuotteelle {0}</val>
		</str>
		<str name="view" translate="yes">
			<val>Näytä näkymässä:</val>
		</str>
		<str name="license" translate="yes">
			<val>Adobe-ohjelmiston käyttöoikeussopimus</val>
		</str>
		<str name="sure" translate="yes">
			<val>Haluatko varmasti lopettaa?</val>
		</str>
		<str name="AppTitleInstall" translate="yes">
			<val>Asennusohj. tuotteelle {0}</val>
		</str>
		<str name="AppTitleUninstall" translate="yes">
			<val>Asennuksen poisto-ohjelma tuotteelle {0}</val>
		</str>
	</set>
	
	<set name="serial">
		<str name="welcome" translate="yes">
			<val>Anna sarjanumero</val>
		</str>
		<str name="serial" translate="yes">
			<val>Anna sarjanumero.</val>
		</str>
		<str name="trial" translate="yes">
			<val>Asenna tuote kokeiluversiona.</val>
		</str>
		<str name="lang" translate="yes">
			<val>Kieli:</val>
		</str>
		<str name="license" translate="yes">
			<val>Tämän sarjanumeron käyttötarkoitus: {0}</val>
		</str>
		<str name="selectLang" translate="yes">
			<val>Valitse kieli</val>
		</str>
		<str name="locateTT" translate="yes">
			<val>Sarjanumero löytyy DVD-kotelon kääntöpuolelta, Adobe Open Options -käyttöoikeustodistuksesta (vain määrälisenssiostokset) tai Adobe Store -kaupasta saamastasi sähköpostikuitista (vain ladatut ostokset).</val>
		</str>
		<str name="invalid" translate="yes">
			<val>Sarjanumero ei ole kelvollinen kyseiselle tuotteelle.</val>
		</str>
		<str name="also" translate="yes">
			<val>Voit myös antaa sarjanumeron asennuksen jälkeen.</val>
		</str>
		<str name="agree" translate="yes">
			<val>Ohjelmiston käyttöoikeussopimuksen mukaan ohjelmisto yritetään automaattisesti aktivoida Internetin kautta. Lisätietoja on osoitteessa {0}www.adobe.com/activation{1}.</val>
		</str>
		<str name="agreeLink" translate="yes">
			<val>http://www.adobe.com/go/activation_fi</val>
		</str>
		<str name="progressMessage" translate="yes">
			<val>Tilauksen tietoja tarkistetaan...</val>
		</str>
	</set>
	
	<set name="options">
		<str name="title" translate="yes">
			<val>Asennusvaihtoehdot</val>
		</str>
		<str name="unTitle" translate="yes">
			<val>Asennuksen poistovaihtoehdot</val>
		</str>
		<str name="unInstruct" translate="yes">
			<val>Jos valitset koko tuotteen asennuksen poistamisen, voit samalla poistaa myös sarjanumeron aktivoinnin.</val>
		</str>
		<str name="total" translate="yes">
			<val>Koko asennus:</val>
		</str>
		<str name="all" translate="yes">
			<val>Kaikki komponentit</val>
		</str>
		<str name="loc" translate="yes">
			<val>Sijainti:</val>
		</str>
		<str name="deactivate" translate="yes">
			<val>Poista aktivointi</val>
		</str>
		<str name="deactivateTooltip1" translate="yes">
			<val>Poistettuasi aktivoinnin voit aktivoida Adobe-tuotteesi toisessa tietokoneessa, mikäli toimit ohjelmiston käyttöoikeussopimuksen mukaisesti. Varmista, että olet yhteydessä Internetiin, ennen kuin poistat aktivoinnin.</val>
		</str>
		<str name="deactivateTooltip2" translate="yes">
			<val>Et voi poistaa yksittäisten komponenttien aktivointia lisensoidusta Adobe-tuotteesta. Jos haluat asentaa Adobe-tuotteesi toiseen tietokoneeseen ja aktivoida sen, poista ensin kokonaan tällä tietokoneella oleva asennus ja aktivointi.</val>
		</str>
		<str name="remove" translate="yes">
			<val>Poista asetukset</val>
		</str>
		<str name="select" translate="yes">
			<val>Voit mukauttaa asetuksia valitsemalla tuotteen nimen</val>
		</str>
		<str name="include" translate="yes">
			<val>Sisältää:</val>
		</str>
		<str name="decimalSeparator" translate="yes">
			<val>,</val>
		</str>
		<str name="commaSeparator" translate="yes">
			<val>,</val>
		</str>
		<str name="browse" translate="yes">
			<val>Valitse asennushakemisto</val>
		</str>
		<str name="reqs" translate="yes">
			 <val>Järjestelmän vähimmäisvaatimukset eivät täyty. {0}Lisätietoja...{1}</val>
		</str>
		<str name="more" translate="yes">
			<val>Lisää</val>
		</str>		
		<str name="morelink" translate="yes">
			<val>http://www.adobe.com/go/cs_systemreqs_fi</val>
		</str>
		<str name="infolink" translate="yes">
			<val>http://www.adobe.com/go/cs_shared_components_fi</val>
		</str>
		<str name="available" translate="yes">
			<val>käytettävissä</val>
		</str>
		<str name="recommend" translate="yes">
			<val>Suosittelija:</val>
		</str>	
		<str name="required" translate="yes">
			<val>Vaatija:</val>
		</str>
		<str name="GB" translate="yes">
			<val>Gt</val>
		</str>
		<str name="MB" translate="yes">
			<val>Mt</val>
		</str>
		<str name="KB" translate="yes">
			<val>kt</val>
		</str>
		<str name="already" translate="yes">
			<val>Jo asennettu</val>
		</str>
		
		<str name="again" translate="yes">
			<val>Jos asennat jonkin alla olevista uudelleen, se asennetaan tiedoston nykyiseen hakemistoon.</val>
		</str>		
		<str name="uninstall" translate="yes">
			<val>POISTA ASENNUS</val>
		</str>
		<str name="install" translate="yes">
			<val>ASENNA</val>
		</str>
		<str name="requirementError" translate="yes">
			<val>Järjestelmän vähimmäisvaatimukset eivät täyty.</val>
		</str>
		<str name="conflictError" translate="yes">
			<val>Tämän ohjelmiston esijulkaisuversio on jo asennettu</val>
		</str>
		<str name="upgradedError" translate="yes">
			<val>Uudempi versio tästä tuotteesta on jo asennettu</val>
		</str>
		<str name="langNotPresent" translate="yes">
			<val>Ei ole saatavana valitulle kielelle</val>
		</str>
		<str name="dependenciesNotEnabled" translate="yes">
			<val>Vaaditut komponentit on poistettu käytöstä</val>
		</str>
		<str name="avail" translate="yes">
			<val>Levytila:</val>
		</str>
		<str name="drive" translate="yes">
			<val>Asema {0}</val>
		</str>
		<str name="sure" translate="yes">
			<val>Haluatko varmasti peruuttaa asennuksen poistamisen?</val>
		</str>
		<str name="browseErrorCaseSensitive" translate="yes">
			<val>Kirjainkoon huomioivia levyjä tueta.</val>
		</str>
		<str name="browseErrorMappedNetwork" translate="yes">
			<val>Asennusta yhdistetyille verkkolevyille ei tueta.</val>
		</str>
		<str name="browseErrorRemovableDrive" translate="yes">
			<val>Asennusta siirrettävään flash-asemaan ei tueta.</val>
		</str>
		<str name="browseErrorTooLong" translate="yes">
			<val>Valittu asennuspolku on liian pitkä.</val>
		</str>
		<str name="browseErrorLockedPath" translate="yes">
			<val>Asennusta lukittuun sijaintiin ei tueta.</val>
		</str>
		<str name="browseErrorGeneric" translate="yes">
			<val>Asennusta ei voida tehdä valittuun sijaintiin.</val>
		</str>
		<str name="browseErrorRootDrive" translate="yes">
			<val>Asennusta levyn juureen ei tueta.</val>
		</str>
		<str name="diskSpaceTooltip" translate="yes">
			<val>Kiintoleyllä ei ole riittävästi tilaa asennuksen suorittamiseksi loppuun saakka.</val>
		</str>
		<str name="diskSpaceOverlayError" translate="yes">
			<val>Valittujen vaihtoehtojen koko ylittää kiintolevylläsi vapaana olevan tilan. Valitse kiintolevy, jolla on tarpeeksi tilaa ja suorita asennusohjelma uudelleen.</val>
		</str>
		<str name="uninstallSubscriptionMessage" translate="yes">
			<val>Sovellusten asennuksen poisto ei muuta tilauksia. Voit muuttaa tilauksen tilaa tilausten hallintaohjelmassa. {0}Muuta tilauksen tilaa.{1}</val>
		</str>
		<str name="uninstallSubscriptionMessageLink" translate="no">
			<val>http://www.adobe.com/go/subscriptionedition</val>
		</str>
	</set>

	<set name="progress">
		<str name="title" translate="yes">
			<val>Asennuksen tila</val>
		</str>
		<str name="doneErrors" translate="yes">
			<val>Asennuksen tila</val>
		</str>
		<str name="curr" translate="yes">
			<val>Asennetaan...</val>
		</str> 
		<str name="unTitle" translate="yes">
			<val>Asennuksen poiston tila</val>
		</str>
		<str name="unCurr" translate="yes">
			<val>Asennusta poistetaan...</val>
		</str> 
		<str name="cancelling" translate="yes">
			<val>Asennusta peruutetaan...</val>
		</str>
		<str name="removingCache" translate="yes">
			<val>Tyhjennetään välimuistia...</val>
		</str> 
		<str name="disc" translate="yes">
			<val>Levy</val>
		</str>		
		<str name="preparing" translate="yes"> 
			<val>Valmistellaan asennusta...</val>
		</str>
		<str name="preparingun" translate="yes"> 
			<val>Valmistellaan asennuksen poistamista...</val>
		</str>
		<str name="calculating" translate="yes"> 
			<val>Aikaa jäljellä yhteensä: lasketaan...</val>
		</str>
		<str name="calculatingun" translate="yes"> 
			<val>Aikaa jäljellä: lasketaan...</val>
		</str>
		<str name="complete" translate="yes"> 
			<val>{0} % valmis</val>
		</str>
		<str name="remainTotal" translate="yes">
			<val>Aikaa jäljellä yhteensä: noin {0} minuuttia</val>
		</str>
		<str name="unRemainTotal" translate="yes">
			<val>Aikaa jäljellä: noin {0} minuuttia</val>
		</str>
		<str name="remainTotalOneMin" translate="yes">
			<val>Aikaa jäljellä yhteensä: noin {0} minuutti</val>
		</str>
		<str name="unRemainTotalOneMin" translate="yes">
			<val>Aikaa jäljellä: noin {0} minuutti</val>
		</str>
		<str name="remainMin" translate="yes">
			<val>Aikaa jäljellä yhteensä: alle minuutti</val>
		</str>
		<str name="unRemainMin" translate="yes">
			<val>Aikaa jäljellä: alle minuutti</val>
		</str>
		<str name="remainDisc" translate="yes">
			<val>Aikaa jäljellä ennen seuraavaa levyä: noin {0} minuuttia</val>
		</str>				
		<str name="sure" translate="yes">
			<val>Haluatko varmasti peruuttaa asennuksen?</val>
		</str>
		<str name="incorrect" translate="yes">
			<val>Väärä levy asemassa. Yritä uudelleen ja valitse Valmis.</val>
		</str>
		<str name="insert" translate="yes">
			<val>Aseta levy {0} ennen jatkamista.</val>
		</str>
		<str name="errorClose" translate="yes">
			<val>Sulje kaikki seuraavat sovellukset ennen jatkamista:</val>
		</str>
		<str name="contact" translate="yes">
			<val>Lisäohjeita saat ottamalla yhteyttä {0}asiakastukeen{1}.</val>
		</str>
		<str name="supportLink" translate="no">
			<val>http://www.adobe.com/go/support_loganalyzer</val>
		</str>
		<str name="errorLater" translate="yes">
			<val>Jos haluat viimeistellä asennuksen, kun käynnistät tietokoneen uudelleen, valitse Viimeistele myöhemmin.</val>
		</str>
		<str name="finishLater" translate="yes">
			<val>Viimeistele myöhemmin</val>
		</str>
		<str name="cancelMsg" translate="yes">
			<val>Asennus on peruutettu.</val>
		</str>
		<str name="partial" translate="yes">
			<val>Joidenkin sovellusten asentaminen onnistui, mutta joissakin sovelluksissa ilmeni virheitä.</val>
		</str>
		<str name="installProblems" translate="yes">
			<val>Asennuksessa ilmeni ongelmia.</val>
		</str>
		<str name="requiredFailWarning" translate="yes">
			<val>Joidenkin pakollisten komponenttien asennus mahdollisesti epäonnistui. Tämä voi vaikuttaa asennettujen sovellusten toimintaan.</val>
		</str>
		<str name="helpTroubleshoot" translate="yes">
			<val>Jos tarvitset ongelman ratkaisemiseen liittyvää apua, perehdy {0}Vianmääritys{1}-kohdan tietoihin.</val>
		</str>
		<str name="troubleshootTips" translate="yes">
			<val>Nämä vianmääritykseen liittyvät vihjeet voivat helpottaa ongelman ratkaisemista:</val>
		</str>
		<str name="tipOne" translate="yes">
			<val>1. Käynnistä tietokone uudelleen.</val>
		</str>
		<str name="tipTwo" translate="yes">
			<val>2. Sulje kaikki sovellukset, käynnistys-, virustarkistus- ja palomuuriohjelmistot mukaan lukien.</val>
		</str>
		<str name="tipThree" translate="yes">
			<val>3. Käynnistä asennusohjelma ja asenna sovellukset uudelleen.</val>
		</str>
		<str name="errorLogText" translate="yes">
			<val>Jos ongelma esiintyy edelleen, alla oleva lokitiedosto voi helpottaa ongelman tunnistamista.</val>
		</str>
		<str name="customerSupport" translate="yes">
			<val>Ota yhteyttä {0}asiakaspalveluun{1} ja anna nämä tiedot.</val>
		</str>
		
		<str name="completely" translate="yes">
			<val>Nämä sovellukset ovat valmiina käyttöön:</val>
		</str>
		<str name="incomplete" translate="yes">
			<val>Nämä sovellukset on asennettava uudelleen:</val>
		</str>
		<str name="installed" translate="yes">
			<val>Asennettu:</val>
		</str>
		<str name="notInstalled" translate="yes">
			<val>Asentamatta:</val>
		</str>
		<str name="haserrors" translate="yes">
			<val>Asennuksessa ilmeni virheitä.</val>
		</str>
		<str name="restart" translate="yes">
			<val>Yritä käynnistää järjestelmä uudelleen ja asentaa ohjelmisto uudelleen.</val>
		</str>
		<str name="timeRemaining" translate="yes">
			<val>Aikaa jäljellä</val>
		</str>
		<str name="unDoneTitle" translate="yes">
			<val>Asennusten poiston tila</val>
		</str>
		<str name="unDoneWarning" translate="yes">
			<val>Joidenkin sovellusten asennuksen poisto onnistui, mutta joissakin sovelluksissa ilmeni virheitä.</val>
		</str>
		<str name="unComplete" translate="yes">
			<val>Nämä sovellukset on poistettu:</val>
		</str>
		<str name="unIncomplete" translate="yes">
			<val>Näitä sovelluksia ei ole poistettu:</val>
		</str>
		<str name="unInstruct" translate="yes">
			<val>Käynnistä tietokoneesi uudelleen ja poista asennus uudelleen. Jos tämä ei ratkaise ongelmaa, lataa ja suorita {0}Adobe Creative Suite Cleaner -työkalu{1}.</val>
		</str>
		<str name="unPointWarning" translate="yes">
			<val>Asennuksen poistossa ilmeni virheitä.</val>
		</str>		
		<str name="cleanScriptLink" translate="no">
			<val>http://www.adobe.com/go/cscleanertool</val>
		</str>
		<str name="deactivateWarning" translate="yes">
			<val>Jos haluat poistaa aktivoinnin, muodosta Internet-yhteys. Muussa tapauksessa poista rasti edellisen näytön Poista aktivointi -ruudusta.</val>
		</str>
		<str name="deactivateFailureWarning" translate="yes">
			<val>Aktivoinnin poistaminen ei onnistunut. Voit jatkaa tuotteen asennuksen poistoa, mutta et välttämättä pysty aktivoimaan tuotetta toisessa tietokoneessa, ennen kuin olet suorittanut aktivoinnin poiston loppuun saakka.</val>
		</str>		
	</set>	 

	<set name="thanks">
		<str name="title" translate="yes">
			<val>Kiitos</val>
		</str>
		<str name="titleInsStatus" translate="yes">
			<val>Asennuksen tila</val>
		</str>
		
		<str name="subtitle" translate="yes">
			<val>Asennus on valmis. Seuraavien vaiheiden avulla voit saada suuremman hyödyn ohjelmasta.</val>
		</str>
		<str name="subtitle1" translate="yes">
			<val>Asennus on valmis.</val>
		</str>
		<str name="subtitle2" translate="yes">
			<val>Seuraavien vaiheiden avulla voit saada suuremman hyödyn ohjelmasta.</val>
		</str>
		<str name="subtitleSubsClaimFail" translate="yes">
			<val>{0} -tilausta ei voida aloittaa</val>
		</str>
	
		
		<str name="unSubtitle" translate="yes">
			<val>Seuraavien sovellusten asennus on poistettu:</val>
		</str>

		<str name="unSubtitleNoProductList" translate="yes">
			<val>Asennuksen poisto on valmis.</val>
		</str>

		<str name="appsInstalledHeading" translate="yes">
			<val>Seuraavat tuotteet asennettiin</val>
		</str>
		<str name="appInstalledHeading" translate="yes">
			<val>Seuraava tuote asennettiin</val>
		</str>

		<str name="services" translate="yes">
			<val>Aloitusopas: Adobe-tuotteet ja palvelut</val>
		</str>
		<str name="noservices" translate="yes">
			<val>Aloitusopas: Adobe-tuotteet</val>
		</str>
		<str name="successWithServices" translate="yes">
			<val>Olemme rekisteröineet ohjelmistosi Adobe-tunnuksellasi. Pääset nyt käyttämään Adobe CS Live -palveluita.</val>
		</str>
		<str name="successWithoutServices" translate="yes">
			<val>Annettuasi Adobe-tunnuksen olet rekisteröinyt ohjelmiston.</val>
		</str>
		<str name="emailVerify" translate="yes">
			<val>Adobe CS Live -palveluiden käytön aloittaminen edellyttää sähköpostivahvistusta. Tarkista sähköpostiohjelmasi Saapuneet-kansio.</val>
		</str>
		<str name="skippedWithServices" translate="yes">
			<val>Sinulla täytyy olla Adobe-tunnus, jotta voit rekisteröidä ohjelmistosi ja käyttää Adobe CS Live -palveluita. Sinua muistutetaan Adobe-tunnuksen antamisesta käyttäessäsi ohjelmistoa.</val>
		</str>
		<str name="skippedWithoutServices" translate="yes">
			<val>Sinulla täytyy olla Adobe-tunnus, jotta voit rekisteröidä ohjelmistosi. Sinua muistutetaan Adobe-tunnuksen antamisesta käyttäessäsi ohjelmistoa.</val>
		</str>
		<str name="trialAdobeIDtext" translate="yes">
			<val>Tuotteen kokeiluversion käyttöön vaaditaan Adobe-tunnus. Se on annettava seitsemän päivän kuluessa siitä, kun tuotteen kokeiluversio on käynnistetty ensimmäisen kerran.</val>
		</str>
		<str name="idinfo" translate="yes">
			<val>Olemme rekisteröineet tuotteesi Adobe-tunnuksellasi. Pääset nyt käyttämään Adobe CS Live -verkkopalveluita.</val>
		</str>	
		<str name="id" translate="yes">
			<val>Adobe-tunnuksen avulla rekisteröit tuotteesi.</val>
		</str>
		<str name="provided" translate="yes">
			<val>Annettuasi Adobe-tunnuksen olet rekisteröinyt tuotteen.</val>
		</str>
		<str name="idservices" translate="yes">
			<val>Adobe-tunnuksen avulla rekisteröit tuotteesi ja liityt ilmaiseen Adobe CS Live -palveluun.</val>
		</str>
		<str name="idis" translate="yes">
			<val>Adobe-tunnuksesi on: {0}</val>
		</str>
		<str name="idnew" translate="yes">
			<val>Adobe-tunnuksesi on: {0}</val>
		</str>
		
		<str name="email" translate="yes">
			<val>Sähköpostiosoitteeseen on lähetetty viesti osoitteen varmistamiseksi. Varmistus vaaditaan, ennen kuin Adobe CS Live -palveluita voi käyttää.</val>
		</str>
		<str name="videos" translate="yes">
			<val>Näytä video-opetusohjelmat</val>
		</str>
		<str name="explore" translate="yes">
			<val>Tutustu Adobe CS LIVE -palveluihin</val>
		</str>
		<str name="videolink" translate="yes">
			<val>http://www.adobe.com/go/adobetv_howto</val>
		</str>		
		<str name="serviceslink" translate="yes">
			<val>http://www.adobe.com/go/cslive_fi</val>
		</str>	
	</set> 
	
	
	<set name="upgrade">
		<str name="title" translate="yes">
			<val>Syötä sarjanumeropäivitys</val>
		</str>
		<str name="instruct1" translate="yes">
			<val>Antamasi sarjanumero on kelvollinen, mutta tietokoneelta ei löydy hyväksyttyä tuotetta.</val>
		</str>
		<str name="instruct2" translate="yes">
			<val>Jos haluat käyttää antamaasi sarjanumeroa päivitykseen, sinun täytyy omistaa jokin näistä hyväksytyistä tuotteista. Valitse omistamasi tuote ja syötä sen sarjanumero:</val>
		</str>
		<str name="serial" translate="yes">
			<val>Tämän tuotteen sarjanumero:</val>
		</str>
		<str name="trial" translate="yes">
			<val>ASENNA KOKEILUVERSIONA</val>
		</str>
		<str name="confirm" translate="yes">
			<val>Tämä sarjanumero vahvistaa kohteen {0}.</val>
		</str>
		<str name="second" translate="yes">
			<val>Tähän päivitykseen vaaditaan toinen hyväksytty tuote. Valitse toinen omistamasi tuote ja syötä sen sarjanumero:</val>
		</str>
		<str name="selproduct" translate="yes">
			<val>Valitse tuote</val>
		</str>
		<str name="nogood" translate="yes">
			<val>Tämä sarjanumero ei liity hyväksyttyyn tuotteeseen. Kokeile toista sarjanumeroa.</val>
		</str>
		<str name="account" translate="yes">
			<val>Jos olet rekisteröinyt tuotteesi aiemmin, voit siirtyä {0}tilisivullesi{1}, josta löydät nykyiset sarjanumerosi.</val>
		</str>
		<str name="support" translate="yes">
			<val>Lisäohjeita saat ottamalla yhteyttä {0}asiakastukeen{1}.</val>
		</str>
		<str name="supportlink" translate="no">
			<val>http://www.adobe.com/go/support_loganalyzer</val>
		</str>
		<str name="accountlink" translate="yes">
			<val>http://www.adobe.com/go/adobemembership_fi</val>
		</str>
	</set>
	
	<set name="upcode">
		<str name="header" translate="yes">
			<val>Anna päivityskoodisi.</val>
		</str>
		<str name="instruct1" translate="yes">
			<val>Välitä pyydettäessä seuraava koodi palveluvastaavallesi:</val>
		</str>
		<str name="challenge" translate="yes">
			<val>Haastekoodi</val>
		</str>
		<str name="instruct2" translate="yes">
			<val>Syötä palveluvastaavalta saamasi koodi:</val>
		</str>
		<str name="support" translate="yes">
			<val>Tukikoodi</val>
		</str>
		<str name="codeError" translate="yes">
			<val>Virheellinen tukikoodi</val>
		</str>
		
	</set>
	
	<set name="dvanote">
		<str name="header" translate="yes">
			<val>Tärkeä huomautus</val>
		</str>
		<str name="warning32bit" translate="yes">
			<val>Tässä tietokoneessa on 32-bittinen käyttöjärjestelmä. Adobe Premiere Pro CS5.5, Adobe Premiere Pro CS5, After Effects CS5.5 ja After Effects CS5 toimivat vain 64-bittisessä käyttöjärjestelmässä. Käytä näitä sovelluksia päivittämällä järjestelmä tai asentamalla mukana toimitettavat CS4:n 32-bittiset versiot. {0}Lisätietoja{1} CS4-versioiden paikantamisesta ja asentamisesta.</val>
		</str>
		<str name="learnMoreLink" translate="yes">
			<val>http://www.adobe.com/go/32bit_installation_fi</val>
		</str>
	</set>

	<set name="nav">
		<str name="welcome" translate="yes">
			<val>TERVETULOA</val>
		</str>
		<str name="serial" translate="yes">
			<val>SARJANUMERO</val>
		</str>
		<str name="id" translate="yes">
			<val>ADOBE-TUNNUS</val>
		</str>
		<str name="options" translate="yes">
			<val>ASETUKSET</val>
		</str>
		<str name="unoptions" translate="yes">
			<val>ASETUKSET</val>
		</str>
		<str name="install" translate="yes">
			<val>ASENNA</val>
		</str>
		<str name="uninstall" translate="yes">
			<val>POISTA ASENNUS</val>
		</str>
		<str name="thanks" translate="yes">
			<val>VALMIS</val>
		</str>
	</set>
	
	
	<set name="systemReq">
		<str name="ram" translate="yes">
			<val>Suositeltu RAM-muisti: {0}</val>
		</str>
		<str name="processor" translate="yes">
			<val>Suositeltu suoritin: {0}</val>
		</str>
		<str name="osWin" translate="yes">
			<val>Suositus: Windows {0}</val>
		</str>
		<str name="osMac" translate="yes">
			<val>Suositus: Mac {0}</val>
		</str>
		<str name="screen" translate="yes">
			<val>Suositeltu näyttötarkkuus: {0}</val>
		</str>
	</set>
	
	<set name="installErrorCode">
		<str name="code0" translate="yes">
			<val>Asennus onnistui</val>
		</str>
		<str name="code6" translate="yes">
			<val>Valmis, mutta virheitä</val>
		</str>
		<str name="code7in" translate="yes">
			<val>Asennus epäonnistui</val>
		</str>
		<str name="code7un" translate="yes">
			<val>Asennuksen poisto epäonnistui</val>
		</str>
		<str name="code8" translate="yes">
			<val>Valmis. Työnkulun viimeistelemiseksi järjestelmä on käynnistettävä uudelleen</val>
		</str>
		<str name="code11" translate="yes">
			<val>Käyttöönottopaketista on jo käynnissä toinen esiintymä</val>
		</str>
		<str name="code14" translate="yes">
			<val>Asennus edellyttää järjestelmänvalvojan oikeuksia.</val>
		</str>
		<str name="code14un" translate="yes">
			<val>Asennuksen poistamiseen tarvitaan järjestelmänvalvojan oikeudet</val>
		</str>
		<str name="code19" translate="yes">
			<val>Käynnissä on ristiriitaisia prosesseja</val>
		</str>
		<str name="code24" translate="yes">
			<val>Asennus on peruutettu</val>
		</str>
		<str name="code15" translate="yes">
			<val>Asennusohjelman tietokannassa havaittiin epäyhtenäisyys. Käynnistä tietokone uudelleen ja asenna uudelleen.</val>
		</str>
		<str name="code31" translate="yes">
			<val>Valittujen vaihtoehtojen koko ylittää kiintolevylläsi vapaana olevan tilan. Valitse kiintolevy, jolla on tarpeeksi tilaa ja suorita asennusohjelma uudelleen.</val>
		</str>
		<str name="code9999" translate="yes">
			<val>Sisäinen virhe</val>
		</str>
		<str name="internalError" translate="yes">
			<val>Asennusohjelma kohtasi asennuksen aikana virheen ({0}). Käynnistä laite uudelleen ja yritä uudelleen.</val>
		</str>
		<str name="uninternalError" translate="yes">
			<val>Asennusohjelma kohtasi asennuksen poistamisen aikana virheen ({0}). Käynnistä laite uudelleen ja yritä uudelleen.</val>
		</str>
	</set>
	
	<set name="prescreenResponse">
		<str name="header_NOT_ENABLED" translate="yes">
			<val>{0} -tilauksesi on umpeutunut.</val>
		</str>
		<str name="body_NOT_ENABLED" translate="yes">
			<val>Uusi tilaus tai valitse Takaisin ja asenna tuotteen kokeiluversio.</val>
		</str>
		<str name="footerLinkText_NOT_ENABLED" translate="yes">
			<val>Uudista tilaukseni</val>
		</str>
		<str name="footerLink_NOT_ENABLED" translate="no">
			<val>http://www.adobe.com/go/subscriptionedition</val>
		</str>
		
		<str name="header_OFFLINE" translate="yes">
			<val>Internet-yhteyttä ei voida muodostaa</val>
		</str>
		<str name="body_OFFLINE" translate="yes">
			<val>Tämän tuotteen käyttäminen edellyttää toimivaa Internet-yhteyttä. Tarkista yhteysasetukset ja valitse Yritä uudelleen. Jos havaitset edelleen ongelmia, ota yhteys asiakastukeen tai asenna tämän tuotteen kokeiluversio valitsemalla Takaisin.</val>
		</str>
		<str name="footerLinkText_OFFLINE" translate="yes">
			<val>Ota yhteyttä asiakastukeen</val>
		</str>
		<str name="footerLink_OFFLINE" translate="yes">
			<val>http://www.adobe.com/go/support_fi</val>
		</str>
		
		<str name="header_GENERIC_ERROR" translate="yes">
			<val>{0} -tilausta ei voida aloittaa</val>
		</str>
		<str name="body_GENERIC_ERROR" translate="yes">
			<val>Voit viimeistellä tämän asennuksen valitsemalla tuotteen kokeiluversion asennuksen. Kun olet asentanut ohjelmiston ja käynnistänyt sovelluksen, saat kehotteen aloittaa tilauksen.</val>
		</str>
		<str name="footerLinkText_GENERIC_ERROR" translate="yes">
			<val>Ota yhteyttä asiakastukeen</val>
		</str>
		<str name="footerLink_GENERIC_ERROR" translate="yes">
			<val>http://www.adobe.com/go/support_fi</val>
		</str>
	</set>
	
	<set name="subsClaimResponse">
		<str name="failureStatusHeading" translate="yes">
			<val>{0} -tilausta ei voida aloittaa</val>
		</str>
		<str name="successStatusHeading" translate="yes">
			<val>Aloitusopas: Adobe-tuotteet ja -palvelut</val>
		</str>
		
		<str name="adobeIDInfo" translate="yes">
			<val>Olemme aloittaneet {0} -tilauksen ja määrittäneet Adobe CS Live -online-palveluiden käytön Adobe-tunnuksellasi.</val>
		</str>
		
		<str name="idis" translate="yes">
			<val>Adobe-tunnuksesi on: {0}</val>
		</str>
		<str name="idnew" translate="yes">
			<val>Adobe-tunnuksesi on: {0}</val>
		</str>
		
		<str name="emailVerify" translate="yes">
			<val>Adobe CS Live -palveluiden käytön aloittaminen edellyttää sähköpostivahvistusta. Tarkista sähköpostiohjelmasi Saapuneet-kansio.</val>
		</str>
		

		<str name="supLinkURL_EXCEPTION_DECODE_FAILED" translate="yes">
			<val>http://www.adobe.com/go/support_fi</val>
		</str>			
		<str name="supLinkURL_EXCEPTION_NO_SUCH_USER" translate="yes">
			<val>http://www.adobe.com/go/support_fi</val>
		</str>		
		<str name="supLinkURL_EXCEPTION_INVALID_DATA" translate="yes">
			<val>http://www.adobe.com/go/support_fi</val>
		</str>
		<str name="supLinkURL_EXCEPTION_SKU_LOOKUP_FAILED" translate="yes">
			<val>http://www.adobe.com/go/support_fi</val>
		</str>		
		<str name="supLinkURL_EXCEPTION_AUTHENTICATION_TIMEOUT" translate="yes">
			<val>http://www.adobe.com/go/support_fi</val>
		</str>
		<str name="supLinkURL_EXCEPTION_SNSERVER_TIMEOUT" translate="yes">
			<val>http://www.adobe.com/go/support_fi</val>
		</str>
		<str name="supLinkURL_EXCEPTION_INTERNAL_TIMEOUT" translate="yes">
			<val>http://www.adobe.com/go/support_fi</val>
		</str>
		<str name="supLinkURL_EXCEPTION_INTERNAL_SERVER_ERROR" translate="yes">
			<val>http://www.adobe.com/go/support_fi</val>
		</str>
		<str name="supLinkURL_EXCEPTION_SYSTEM_UNAVAILABLE_time" translate="yes">
			<val>http://www.adobe.com/go/support_fi</val>
		</str>
		<str name="supLinkURL_EXCEPTION_SYSTEM_UNAVAILABLE" translate="yes">
			<val>http://www.adobe.com/go/support_fi</val>
		</str>
		<str name="supLinkURL_EXCEPTION_COMPANY_CODE_MISMATCH" translate="yes">
			<val>http://www.adobe.com/go/subscription_learnmore_fi</val>
		</str>
		<str name="supLinkURL_EXCEPTION_SUBSCRIPTION_ALREADY_CLAIMED_DIFF_ADOBEID" translate="yes">
			<val>http://www.adobe.com/go/support_fi</val>
		</str>
		<str name="supLinkURL_ERROR_WITH_INFO" translate="yes">
			<val>http://www.adobe.com/go/support_fi</val>
		</str>
		<str name="supLinkURL_GENERIC" translate="yes">
			<val>http://www.adobe.com/go/support_fi</val>
		</str>
		
		
		<str name="supLinkLbl_EXCEPTION_DECODE_FAILED" translate="yes">
			<val>Ota yhteyttä asiakastukeen</val>
		</str>			
		<str name="supLinkLbl_EXCEPTION_NO_SUCH_USER" translate="yes">
			<val>Ota yhteyttä asiakastukeen</val>
		</str>		
		<str name="supLinkLbl_EXCEPTION_INVALID_DATA" translate="yes">
			<val>Ota yhteyttä asiakastukeen</val>
		</str>
		<str name="supLinkLbl_EXCEPTION_SKU_LOOKUP_FAILED" translate="yes">
			<val>Ota yhteyttä asiakastukeen</val>
		</str>		
		<str name="supLinkLbl_EXCEPTION_AUTHENTICATION_TIMEOUT" translate="yes">
			<val>Ota yhteyttä asiakastukeen</val>
		</str>
		<str name="supLinkLbl_EXCEPTION_SNSERVER_TIMEOUT" translate="yes">
			<val>Ota yhteyttä asiakastukeen</val>
		</str>
		<str name="supLinkLbl_EXCEPTION_INTERNAL_TIMEOUT" translate="yes">
			<val>Ota yhteyttä asiakastukeen</val>
		</str>
		<str name="supLinkLbl_EXCEPTION_INTERNAL_SERVER_ERROR" translate="yes">
			<val>Ota yhteyttä asiakastukeen</val>
		</str>
		<str name="supLinkLbl_EXCEPTION_SYSTEM_UNAVAILABLE_time" translate="yes">
			<val>Ota yhteyttä asiakastukeen</val>
		</str>
		<str name="supLinkLbl_EXCEPTION_SYSTEM_UNAVAILABLE" translate="yes">
			<val>Ota yhteyttä asiakastukeen</val>
		</str>
		<str name="supLinkLbl_EXCEPTION_SUBSCRIPTION_ALREADY_CLAIMED_DIFF_ADOBEID" translate="yes">
			<val>Ota yhteyttä asiakastukeen</val>
		</str>
		<str name="supLinkLbl_EXCEPTION_COMPANY_CODE_MISMATCH" translate="yes">
			<val>Lisätietoja</val>
		</str>
		<str name="supLinkLbl_ERROR_WITH_INFO" translate="yes">
			<val>Ota yhteyttä asiakastukeen</val>
		</str>
		<str name="supLinkLbl_GENERIC" translate="yes">
			<val>Ota yhteyttä asiakastukeen</val>
		</str>
		
		
		<str name="code_EXCEPTION_DECODE_FAILED" translate="yes">
			<val>Saat kehotteen aloittaa tilauksen, kun käynnistät tuotteen.</val>
		</str>			
		<str name="code_EXCEPTION_NO_SUCH_USER" translate="yes">
			<val>Saat kehotteen aloittaa tilauksen, kun käynnistät tuotteen.</val>
		</str>		
		<str name="code_EXCEPTION_INVALID_DATA" translate="yes">
			<val>Saat kehotteen aloittaa tilauksen, kun käynnistät tuotteen.</val>
		</str>
		<str name="code_EXCEPTION_SKU_LOOKUP_FAILED" translate="yes">
			<val>Saat kehotteen aloittaa tilauksen, kun käynnistät tuotteen.</val>
		</str>		
		<str name="code_EXCEPTION_AUTHENTICATION_TIMEOUT" translate="yes">
			<val>Odota hetki ja yritä uudelleen. Kun olet käynnistänyt tuotteen, saat myös kehotteen aloittaa tilauksen.</val>
		</str>
		<str name="code_EXCEPTION_SNSERVER_TIMEOUT" translate="yes">
			<val>Odota hetki ja yritä uudelleen. Kun olet käynnistänyt tuotteen, saat myös kehotteen aloittaa tilauksen.</val>
		</str>
		<str name="code_EXCEPTION_INTERNAL_TIMEOUT" translate="yes">
			<val>Odota hetki ja yritä uudelleen. Kun olet käynnistänyt tuotteen, saat myös kehotteen aloittaa tilauksen.</val>
		</str>
		<str name="code_EXCEPTION_INTERNAL_SERVER_ERROR" translate="yes">
			<val>Odota hetki ja yritä uudelleen. Kun olet käynnistänyt tuotteen, saat myös kehotteen aloittaa tilauksen.</val>
		</str>
		<str name="code_EXCEPTION_SYSTEM_UNAVAILABLE_time" translate="yes">
			<val>Palvelimemme ovat parhaillaan offline-tilassa ajoitettuja ylläpitotoimia varten. Pahoittelemme viivettä. Yritä uudelleen kello {0}. Kun olet käynnistänyt tuotteen, saat myös kehotteen aloittaa tilauksen.</val>
		</str>
		<str name="code_EXCEPTION_SYSTEM_UNAVAILABLE" translate="yes">
			<val>Palvelimemme ovat parhaillaan offline-tilassa ajoitettuja ylläpitotoimia varten. Pahoittelemme viivettä. Kun olet käynnistänyt tuotteen, saat myös kehotteen aloittaa tilauksen.</val>
		</str>
		<str name="code_EXCEPTION_COMPANY_CODE_MISMATCH" translate="yes">
			<val>Maa, josta tämä tuote on ostettu, ei vastaa Adobe-tilillesi määritettyä maata. Saat kehotteen kirjautua jollakin toisella Adobe-tunnuksella, kun käynnistät tuotteen.</val>
		</str>
		<str name="code_EXCEPTION_SUBSCRIPTION_ALREADY_CLAIMED_DIFF_ADOBEID" translate="yes">
			<val>Tiedoistamme ilmenee, että tämä tilaus on parhaillaan määritettynä jollekin toiselle Adobe-tunnukselle. Saat kehotteen kirjautua jollakin toisella Adobe-tunnuksella, kun käynnistät tuotteen. Jos tämä ongelma ei häviä, ota yhteys asiakastukeen.</val>
		</str>
		<str name="code_ESS_TIMEOUT" translate="yes">
			<val>Odota hetki ja yritä uudelleen. Kun olet käynnistänyt tuotteen, saat myös kehotteen aloittaa tilauksen.</val>
		</str>
		
		<str name="code_ESS_FAILURE" translate="yes">
			<val>Odota hetki ja yritä uudelleen. Kun olet käynnistänyt tuotteen, saat myös kehotteen aloittaa tilauksen.</val>
		</str>
		
		<str name="code_GENERIC" translate="yes">
			<val>Saat kehotteen aloittaa tilauksen, kun käynnistät tuotteen.</val>
		</str>
	</set>
	
	<set name="claimResponse">
		<str name="code_" translate="yes">
			<val></val>
		</str>
		<str name="code_NonSaas_FAILURE" translate="yes">
			<val>Tuotettasi ei voitu rekisteröidä. Yritä myöhemmin uudelleen.</val>
		</str>
		<str name="code_EXCEPTION_DECODE_FAILED" translate="yes">
			<val>Virheellinen sarjanumero. Adobe CS Live -tilausta ei voitu aloittaa. Yritä myöhemmin uudelleen.</val>
		</str>
		<str name="code_EXCEPTION_NO_SUCH_USER" translate="yes">
			<val>Adobe CS Live -tilausta ei voitu aloittaa. Yritä myöhemmin uudelleen.</val>
		</str>
		<str name="code_EXCEPTION_INVALID_DATA" translate="yes">
			<val>Adobe CS Live -tilausta ei voitu aloittaa. Yritä myöhemmin uudelleen.</val>
		</str>
		<str name="code_EXCEPTION_WCD_TIMEOUT" translate="yes">
			<val>Adobe CS Live -tilausta ei voitu aloittaa. Yritä myöhemmin uudelleen.</val>
		</str>
		<str name="code_EXCEPTION_AUTHENTICATION_TIMEOUT" translate="yes">
			<val>Adobe CS Live -tilausta ei voitu aloittaa. Yritä myöhemmin uudelleen.</val>
		</str>
		<str name="code_EXCEPTION_SNSERVER_TIMEOUT" translate="yes">
			<val>Adobe CS Live -tilausta ei voitu aloittaa. Yritä myöhemmin uudelleen.</val>
		</str>
		<str name="code_EXCEPTION_WCD_SESSION_TIMEOUT" translate="yes">
			<val>Adobe CS Live -tilausta ei voitu aloittaa. Yritä myöhemmin uudelleen.</val>
		</str>
		<str name="code_ESS_TIMEOUT" translate="yes">
			<val>Adobe CS Live -tilausta ei voitu aloittaa. Yritä myöhemmin uudelleen.</val>
		</str>
		<str name="code_ESS_FAILURE" translate="yes">
			<val>Adobe CS Live -tilausta ei voitu aloittaa. Yritä myöhemmin uudelleen.</val>
		</str>
		<str name="code_EXCEPTION_INTERNAL_TIMEOUT" translate="yes">
			<val>Adobe CS Live -tilausta ei voitu aloittaa. Yritä myöhemmin uudelleen.</val>
		</str>
		<str name="code_EXCEPTION_INTERNAL_SERVER_ERROR" translate="yes">
			<val>Adobe CS Live -tilausta ei voitu aloittaa. Yritä myöhemmin uudelleen.</val>
		</str>
		<str name="code_EXCEPTION_SUBSCRIPTION_ALREADY_CLAIMED" translate="yes">
			<val>Olet jo rekisteröitynyt Adobe CS Liveen. Jos haluat käyttää palveluja, kirjaudu sisään.</val>
		</str>
		<str name="code_EXCEPTION_CLAIM_ALREADY_PROCESSED" translate="yes">
			<val>Tähän sarjanumeroon on jo liitetty Adobe CS Live -tilaus. Jos haluat käyttää palveluja, kirjaudu sisään.</val>
		</str>
		<str name="code_EXCEPTION_SYSTEM_UNAVAILABLE_time" translate="yes">
			<val>Adoben rekisteröitymispalvelimelle tehdään parhaillaan ylläpitotoimenpiteitä ja sen arvioidaan olevan jälleen käytettävissä kello {0}. Pahoittelemme tästä aiheutuvaa haittaa. Yritä edellä mainittuna aikana uudelleen.</val>
		</str>
		<str name="code_EXCEPTION_SYSTEM_UNAVAILABLE" translate="yes">
			<val>Adoben rekisteröitymispalvelimelle tehdään parhaillaan ylläpitotoimenpiteitä. Pahoittelemme tästä aiheutuvaa haittaa. Yritä myöhemmin uudelleen.</val>
		</str>
		<str name="code_EXCEPTION_SYSTEM_UNAVAILABLE_time_saas" translate="yes">
			<val>Adobe CS Liveen tehdään parhaillaan ylläpitotoimenpiteitä ja sen arvioidaan olevan jälleen käytettävissä kello {0}. Pahoittelemme tästä aiheutuvaa haittaa. Yritä edellä mainittuna aikana uudelleen.</val>
		</str>
		<str name="code_EXCEPTION_SYSTEM_UNAVAILABLE_saas" translate="yes">
			<val>Adobe CS Liveen tehdään parhaillaan ylläpitotoimenpiteitä. Pahoittelemme tästä aiheutuvaa haittaa. Yritä myöhemmin uudelleen.</val>
		</str>
	</set>	
	
	<set name="alert">
		<str name="alertHeader" translate="yes">
			<val>Adobe-asennusohjelma</val>
		</str>
		<str name="workflowCloseError" translate="yes">
			<val>Muita kuin käyttöönottoon liittyviä työnkulkuja suljettaessa tapahtui virhe. Sulje ne ja aloita asennus uudelleen valitsemalla Asenna</val>
		</str>
		<str name="workflowNeedCloseMessage" translate="yes">
			<val>Adobe Application Managerista on käynnissä muita esiintymiä, jotka on suljettava. Sulje ne, jos haluat jatkaa.</val>
		</str>
		<str name="cancelMsg" translate="yes">
			<val>Haluatko varmasti peruuttaa?</val>
		</str>
		<str name="payloadDataError" translate="yes">
			<val>Asennusohjelmaa ei voitu käynnistää</val>
		</str>
		<str name="payloadMappingError" translate="yes">
			<val>Asennusohjelmaa ei voitu käynnistää</val>
		</str>
		<str name="driverSystemRequirementError" translate="yes">
			<val>Järjestelmä ei täytä tuotteen vähimmäisvaatimuksia.</val>
		</str>
		<str name="driverConflictError" translate="yes">
			<val>Tässä tietokoneessa on ristiriitainen versio tai esijulkaisuversio tuotteesta {0}. Ristiriitainen versio on poistettava ennen nykyiseltä tietovälineeltä asentamista.</val>
		</str>
		<str name="eulaDeclineMsg" translate="yes">
			<val>Sinun on hyväksyttävä Adoben käyttöoikeussopimus ennen asennuksen jatkamista. Haluatko varmasti hylätä?</val>
		</str>
		<str name="authAdobeID" translate="yes">
			<val>Vahvistetaan Adobe-tunnusta...</val>
		</str>
		<str name="sharedComponentMsgInstall" translate="yes">
			<val>Asennetaan jaettuja komponentteja. Odota... Tämä voi kestää muutaman minuutin aikaisemmin asennetuista komponenteista riippuen.</val>
		</str>
		<str name="sharedComponentMsgUninstall" translate="yes">
			<val>Poistetaan jaettujen komponenttien asennusta. Odota... Tämä voi kestää muutaman minuutin aikaisemmin asennetuista komponenteista riippuen.</val>
		</str>
		<str name="diskPrompt" translate="yes">
			<val>Aseta levy {0} asemaan {1}</val>
		</str>
		<str name="noDriverError" translate="yes">
			<val>Ohjaintietoja ei löydy</val>
		</str>
		<str name="installerNotApplicable" translate="yes">
			<val>{0} voidaan asentaa vain 64-bittiseen järjestelmään</val>
		</str>
		<str name="deactivateMessage" translate="yes">
			<val>Poistetaan aktivointia. Odota…</val>
		</str>
		<str name="deactivateFailMessage" translate="yes">
			<val>Tuotteen aktivointia ei voi poistaa.</val>
		</str>
		<str name="restartMessage" translate="yes">
			<val>Suosittelemme, että käynnistät tietokoneen uudelleen.</val>
		</str>
		
		<str name="connecting" translate="yes">
			<val>Muodostaa yhteyttä...</val>
		</str>
		
	</set>	
	
	
	<set name="isoToLanguage">
		<str name="ar_AE" translate="no"><val>العربية</val></str>
		<str name="en_GB" translate="no"><val>English (International)</val></str> 
		<str name="fr_CA" translate="no"><val>Français canadien</val></str>
		<str name="es_QM" translate="no"><val>Español (Middle East)</val></str>
		<str name="es_LA" translate="no"><val>Español de América Latina</val></str>
		<str name="es_NA" translate="no"><val>Español Norteamericano</val></str>
		<str name="bg_BG" translate="no"><val>Български</val></str>
		<str name="lv_LV" translate="no"><val>Latviešu</val></str>
		<str name="et_EE" translate="no"><val>Eesti</val></str>
		<str name="hr_HR" translate="no"><val>hrvatski</val></str>
		<str name="sl_SI" translate="no"><val>slovenščina</val></str>
		<str name="sk_SK" translate="no"><val>slovenčina</val></str>
		<str name="th_TH" translate="no"><val>ภาษาไทย</val></str> 
		<str name="vi_VN" translate="no"><val>Việt</val></str>
		<str name="en_XC" translate="no"><val>English (Central Europe)</val></str> 
		<str name="en_XM" translate="no"><val>English (Middle East)</val></str>
		<str name="fr_XM" translate="no"><val>Français Oriental Moyen</val></str>
		<str name="sq_AL" translate="no"><val>Shqip</val></str> 
		<str name="ar_SA" translate="no"><val>العربية</val></str>
		<str name="be_BY" translate="no"><val>Беларуская</val></str> 
		<str name="ca_ES" translate="no"><val>Català</val></str> 
		<str name="hi_IN" translate="no"><val>हिन्दी</val></str>
		<str name="is_IS" translate="no"><val>Íslenska</val></str> 
		<str name="lt_LT" translate="no"><val>Lietuvių</val></str>
		<str name="mk_MK" translate="no"><val>македонски</val></str>
		<str name="nn_NO" translate="no"><val>Norsk (Nynorsk)</val></str>
		<str name="pt_PT" translate="no"><val>Português de Portugal</val></str> 
		<str name="sh_YU" translate="no"><val>Srpsko-Hrvatski</val></str> 
		<str name="sr_YU" translate="no"><val>Cрпски</val></str> 
		<str name="kk_KZ" translate="no"><val>Қазақ</val></str>
		<str name="az_AZ" translate="no"><val>Azərbaycan dili</val></str> 
		<str name="es_MX" translate="no"><val>Español (América Latina)</val></str>
		<str name="no_NO" translate="no"><val>Norwegian</val></str> 
		<str name="cs_CZ" translate="no"><val>Česky</val></str>
		<str name="de_DE" translate="no"><val>Deutsch</val></str>
		<str name="el_GR" translate="no"><val>Ελληνικά</val></str>
		<str name="en_US" translate="no"><val>English (North America)</val></str> 
		<str name="es_ES" translate="no"><val>Español</val></str> 
		<str name="fr_FR" translate="no"><val>Français</val></str>
		<str name="he_IL" translate="no"><val>עברית</val></str> 
		<str name="hu_HU" translate="no"><val>Magyar</val></str> 
		<str name="it_IT" translate="no"><val>Italiano</val></str>
		<str name="ja_JP" translate="no"><val>日本語</val></str>
		<str name="ko_KR" translate="no"><val>한국어</val></str>
		<str name="nl_NL" translate="no"><val>Nederlands</val></str>
		<str name="pl_PL" translate="no"><val>Polski</val></str>
		<str name="ro_RO" translate="no"><val>Română</val></str>
		<str name="ru_RU" translate="no"><val>Pусский</val></str>
		<str name="sv_SE" translate="no"><val>Svenska</val></str>
		<str name="tr_TR" translate="no"><val>Türkçe</val></str>
		<str name="uk_UA" translate="no"><val>Українська</val></str>
		<str name="zh_CN" translate="no"><val>简体中文</val></str>
		<str name="zh_TW" translate="no"><val>繁體中文</val></str>
		<str name="da_DK" translate="no"><val>Dansk</val></str>
		<str name="fi_FI" translate="no"><val>Suomi</val></str>
		<str name="nb_NO" translate="no"><val>Norsk (Bokmål)</val></str> 
		<str name="pt_BR" translate="no"><val>Português do Brasil</val></str>
	</set>	
</asf>
