<?xml version='1.0' encoding='utf-8'?>
<!DOCTYPE asf SYSTEM "http://ns.adobe.com/asf/asf_1_0.dtd" >
<asf xmlns="http://ns.adobe.com/asf" locale="zh_TW" version="1.0">
	
	<set name="common">
		<str name="windowTitle" translate="yes">
			<val>Adobe 產品</val>
		</str>
		<str name="day" translate="yes">
			<val>天</val>
		</str>
		<str name="days" translate="yes">
			<val>天</val>
		</str>
	</set>
	
	<set name="eula">
		<str name="eula" translate="yes">
			<val>Adobe 軟體授權合約</val>
		</str>
		<str name="productLineMsg" translate="yes">
			<val>此合約將規範您安裝及使用 {0} 產品 (包括此軟體) 的情形。您可以在 {1} 檢視您目前已經接受的合約。</val>
		</str>
		<str name="eulaOnlineLink" translate="yes">
			<val>www.adobe.com/go/myaccount_tw</val>
		</str>
		<str name="eulaOnlineLinkGoURL" translate="yes">
			<val>http://www.adobe.com/go/adobemembership_tw</val>
		</str>
		<str name="accept" translate="yes">
			<val>接受</val>
		</str>
		<str name="quit" translate="yes">
			<val>結束</val>
		</str>		
	</set>

	<set name="register">
		<set name="trial">
			<set name="online">
				<str name="title" translate="yes">
					<val>需要登入</val>
				</str>
				<str name="titleMenuSignIn" translate="yes">
					<val>登入</val>
				</str>
				<str name="message" translate="yes">
					<val>請使用您的 Adobe ID 登入。</val>
				</str>
				<str name="message_device" translate="yes">
					<val>請使用您的 Adobe ID: {0} 登入。</val>
				</str>
				<str name="notYou" translate="yes">
					<val>(不是您的 Adobe ID?)</val>
				</str>
				<str name="signInNow" translate="yes">
					<val>立即登入</val>
				</str>
				<str name="signIn" translate="yes">
					<val>登入</val>
				</str>
				<str name="termTitle" translate="yes">
					<val>試用版軟體的條款及條件。</val>
				</str>
				<str name="termPara1" translate="yes">
					<val>我們會要求您提供選擇性資訊，以便為您提供量身打造的內容。您可以前往位於試用體驗畫面中的「隱私設定」，隨時關閉此自訂內容。</val>
				</str>
				<str name="termPara2" translate="yes">
					<val>如需有關我們針對您使用產品方式所收集的資料，以及 Adobe 如何使用該資料銷售所需產品的詳細資訊，請按一下{0}這裡{1}並參閱 {2}Adobe 線上隱私權原則{3}。</val>
				</str>
				<str name="privacyPortalLink" translate="yes">
					<val>http://www.adobe.com/go/adobe_privacy_portal_tw</val>
				</str>
				<str name="privacyPolicyLink" translate="yes">
					<val>http://www.adobe.com/go/privacy_tw</val>
				</str>
			</set>
		</set>
		
		<set name="subscription">
			<str name="title" translate="yes">
				<val>需要登入</val>
			</str>
			<str name="titleMenuSignIn" translate="yes">
				<val>登入</val>
			</str>			
			<str name="message" translate="yes">
				<val>請使用您的 Adobe ID 登入以使用此產品並存取您的會籍資訊。</val>
			</str>
			<str name="userEmail" translate="yes">
				<val>您會以 Adobe ID: {0} 登入。</val>
			</str>
			<str name="notYou" translate="yes">
				<val>(不是您的 Adobe ID?)</val>
			</str>
			<str name="signInNow" translate="yes">
				<val>立即登入</val>
			</str>
			<str name="signIn" translate="yes">
				<val>登入</val>
			</str>
			<str name="back" translate="yes">
				<val>上一步</val>
			</str>
			<str name="signInLater" translate="yes">
				<val>稍後登入</val>
			</str>
		</set>
		
		<set name="signInForValidation">
			<str name="title" translate="yes">
				<val>需要登入</val>
			</str>	
			<str name="message" translate="yes">
				<val>必須使用 Adobe ID 登入，才能啟用產品。</val>
			</str>
			<str name="benefit" translate="yes">
				<val>登入您的 Adobe ID 以存取會籍並註冊產品。</val>
			</str>
			<str name="userEmail" translate="yes">
				<val>您將使用此 Adobe ID 登入：{0}。</val>
			</str>
			<str name="notYou" translate="yes">
				<val>(不是您的 Adobe ID?)</val>
			</str>
			<str name="signInNow" translate="yes">
				<val>立即登入</val>
			</str>
			<str name="signIn" translate="yes">
				<val>登入</val>
			</str>
			<str name="signInLater" translate="yes">
				<val>稍後登入</val>
			</str>	
		</set>
		
		<set name="serial">
			<set name="grace">
				<str name="title" translate="yes">
					<val>需要登入</val>
				</str>	
				<str name="titleMenuSignIn" translate="yes">
					<val>登入</val>
				</str>		
				<str name="message" translate="yes">
					<val>使用 Adobe ID 登入，並在 {1}內完成 {0} 註冊，否則產品將停止運作。</val>
				</str>
				<str name="benefit" translate="yes">
					<val>登入您的 Adobe ID 以存取會籍並註冊產品。</val>
				</str>
				<str name="userEmail" translate="yes">
					<val>您將使用此 Adobe ID 登入：{0}。</val>
				</str>
				<str name="notYou" translate="yes">
					<val>(不是您的 Adobe ID?)</val>
				</str>
				<str name="signInNow" translate="yes">
					<val>立即登入</val>
				</str>
				<str name="signIn" translate="yes">
					<val>登入</val>
				</str>
				<str name="signInLater" translate="yes">
					<val>稍後登入</val>
				</str>
				<str name="noInternet" translate="yes">
					<val>無法連線至網際網路嗎?</val>
				</str>
			</set>
			
			<set name="post_grace">
				<str name="title" translate="yes">
					<val>需要登入</val>
				</str>	
				<str name="titleMenuSignIn" translate="yes">
					<val>登入</val>
				</str>	
				<str name="message" translate="yes">
					<val>您必須先使用 Adobe ID 登入以註冊 {0}，下次才能使用此軟體。</val>
				</str>
				<str name="benefit" translate="yes">
					<val>登入您的 Adobe ID 以存取會籍並註冊產品。</val>
				</str>
				<str name="userEmail" translate="yes">
					<val>您將使用此 Adobe ID 登入：{0}。</val>
				</str>
				<str name="notYou" translate="yes">
					<val>(不是您的 Adobe ID?)</val>
				</str>
				<str name="signInNow" translate="yes">
					<val>立即登入</val>
				</str>
				<str name="signIn" translate="yes">
					<val>登入</val>
				</str>
				<str name="signInLater" translate="yes">
					<val>稍後登入</val>
				</str>
			</set>
		
			<set name="post_bonus">
				<str name="title" translate="yes">
					<val>需要登入</val>
				</str>	
				<str name="titleMenuSignIn" translate="yes">
					<val>登入</val>
				</str>		
				<str name="message" translate="yes">
					<val>沒有使用 Adobe ID 登入，將無法使用 {0}。</val>
				</str>
				<str name="benefit" translate="yes">
					<val>登入您的 Adobe ID 以存取會籍並註冊產品。</val>
				</str>
				<str name="userEmail" translate="yes">
					<val>您將使用此 Adobe ID 登入：{0}。</val>
				</str>
				<str name="notYou" translate="yes">
					<val>(不是您的 Adobe ID?)</val>
				</str>
				<str name="signInNow" translate="yes">
					<val>立即登入</val>
				</str>
				<str name="signIn" translate="yes">
					<val>登入</val>
				</str>
				<str name="quit" translate="yes">
					<val>結束</val>
				</str>
			</set>
		</set>
	
		<set name="exceptionScenarios">
			<set name="retail">
				<str name="title" translate="yes">
					<val>登入</val>
				</str>	
				<str name="message1" translate="yes">
					<val>請使用您的 Adobe ID 登入以註冊軟體。</val>
				</str>
				<str name="message2" translate="yes">
					<val>您的 Adobe ID 提供一種簡單的方式，存取會員、Adobe Creative Cloud 和 Adobe.com 社群。</val>
				</str>		
				<str name="userEmail" translate="yes">
					<val>我們現在將會以您的 Adobe ID: {0} 登入並註冊此軟體。</val>
				</str>
				<str name="notYou" translate="yes">
					<val>(不是您的 Adobe ID?)</val>
				</str>
				<str name="signInNow" translate="yes">
					<val>立即登入</val>
				</str>
				<str name="signIn" translate="yes">
					<val>登入</val>
				</str>
			</set>		
			<set name="volume">
				<str name="title" translate="yes">
					<val>登入</val>
				</str>		
				<str name="message" translate="yes">
					<val>您的 Adobe ID 提供一種簡單的方式，存取會員、Adobe Creative Cloud 和 Adobe.com 社群。</val>
				</str>		
				<str name="userEmail" translate="yes">
					<val>您會以 Adobe ID: {0} 登入。</val>
				</str>
				<str name="notYou" translate="yes">
					<val>(不是您的 Adobe ID?)</val>
				</str>
				<str name="signInNow" translate="yes">
					<val>立即登入</val>
				</str>
				<str name="signIn" translate="yes">
					<val>登入</val>
				</str>
			</set>
		</set>	
	</set>
	
	<set name="trialLaunch">
		<str name="title" translate="yes">
			<val>{0} 試用版</val>
		</str>
		
		<set name="start">
			<str name="info" translate="yes">
				<val>您可以試用本產品 {0} 天。</val>
			</str>
			<str name="info_day" translate="yes">
				<val>您可以試用本產品 {0} 天。</val>
			</str>
			<str name="additionalInfo" translate="yes">
				<val>購買軟體，即可在試用期後繼續使用 {0}。</val>
			</str>
		</set>
		
		<set name="grace">
			<str name="info" translate="yes">
				<val>您的試用版將在 {0} 天後到期。</val>
			</str>
			<str name="info_day" translate="yes">
				<val>您的試用版將在 {0} 天後到期。</val>
			</str>
			<str name="additionalInfo" translate="yes">
				<val>購買軟體，即可在試用期後繼續使用 {0}。</val>
			</str>
		</set>
		
		<set name="bonus">
			<str name="info" translate="yes">
				<val>最後一次試用版啟動</val>
			</str>
			<str name="additionalInfo" translate="yes">
				<val>您的試用版已經過期，但您可以使用 {0} 最後一次。</val>
			</str>
			<str name="bonusInfo" translate="yes">
				<val>購買軟體，即可繼續使用 {0}。</val>
			</str>
		</set>
		
		<set name="expired">
			<str name="info" translate="yes">
				<val>您的試用版已經過期。</val>
			</str>
			<str name="additionalInfo" translate="yes">
				<val>購買軟體，即可繼續使用 {0}。</val>
			</str>
		</set>
		
		<str name="daysRemaining" translate="yes">
			<val>剩餘天數</val>
		</str>
		<str name="dayRemaining" translate="yes">
			<val>剩餘天數</val>
		</str>
		<str name="buy" translate="yes">
			<val>立即購買</val>
		</str>
		<str name="buyLink" translate="no">
			<val>http://www.adobe.com/go/buy</val>
		</str>
		<str name="join" translate="yes">
			<val>立即加入</val>
		</str>
		<str name="joinLink" translate="yes">
			<val>http://www.adobe.com/go/cc_plans_tw</val>
		</str>
		<str name="continue" translate="yes">
			<val>繼續使用試用版</val>
		</str>
		<str name="startTrial" translate="yes">
			<val>開始試用</val>
		</str>
		<str name="enterSerial" translate="yes">
			<val>授權給此軟體</val>
		</str>		
	</set>
	
	<set name="deactivate">
		<str name="title" translate="yes">
			<val>登出</val>
		</str>
		<str name="title_Fail" translate="yes">
			<val>登出失敗</val>
		</str>
		<str name="infoSubscription" translate="yes">
			<val>取消啟用應用程式並不會變更您的訂閱。若要修改您的訂閱，請造訪{0}訂閱管理員{1}。</val>
		</str>
		<str name="infoSubscriptionCCMTeam" translate="yes">
			<val>停用應用程式並不會改變您的訂閱。</val>
		</str>
		<str name="adobeIDMessage" translate="yes">
			<val>您目前以 {0} 登入。</val>
		</str>
		<str name="message1" translate="yes">
			<val>登出可讓您以符合{0}軟體授權合約{1}的方式，在另一部電腦或裝置上啟動 Adobe 產品。</val>
		</str>
		<str name="message2" translate="yes">
			<val>登出會取消啟用這部電腦上的以下軟體，直到您再次登入為止。</val>
		</str>
		<str name="messageSubscription" translate="yes">
			<val>取消啟用可讓您在另一部電腦上啟用 Adobe 產品，不過前提是您必須依照{0}軟體授權合約{1}操作。請先確定您已連線到網際網路，然後再取消啟用。</val>
		</str>
		<str name="deActivationMsgError" translate="yes">
			<val>如果這個問題仍然持續存在，請聯絡{0}客戶支援{1}。{2}</val>
		</str>
		<str name="customerSupportLink" translate="yes">
			<val>http://www.adobe.com/go/customer_support_tw</val>
		</str>
		<str name="eula_Link" translate="yes">
			<val>http://www.adobe.com/go/eulas_tw</val>
		</str>
		<str name="failure" translate="yes">
			<val>取消啟用未成功。請再試一次。</val>
		</str>
		<str name="deactivate" translate="yes">
			<val>登出</val>
		</str>		
		<str name="cancel" translate="yes">
			<val>取消</val>
		</str>
		<str name="continue" translate="yes">
			<val>繼續</val>
		</str>
		
		<str name="offline" translate="yes">
			<val>請連線至網際網路，然後再試一次</val>
		</str>		
		<str name="offlineMsg" translate="yes">
			<val>無法登出。請確定您已連線至網際網路，然後再試一次。如果問題仍然持續存在，請聯絡{0}客戶支援{1}。</val>
		</str>	
		<str name="customerSupportLink" translate="yes">
			<val>http://www.adobe.com/go/customer_support_tw</val>
		</str>
	</set>
	
	<set name="trialFailed">
		<str name="title" translate="yes">
			<val>試用版初始化失敗</val>
		</str>
		<str name="warning" translate="yes">
			<val>授權已經停止運作。</val>
		</str>
		<str name="message" translate="yes">
			<val>授權本產品發生問題。請重新安裝本產品，然後再試一次。如果重新安裝後這個問題仍然存在，請聯絡{0}客戶支援{1}以取得進一步協助。</val>
		</str>
		<str name="customerSupportLink" translate="yes">
			<val>http://www.adobe.com/go/customer_support_tw</val>
		</str>
		<str name="close" translate="yes">
			<val>關閉</val>
		</str>
		<str name="enterSerial" translate="yes">
			<val>授權給此軟體</val>
		</str>
	</set>
	
	<set name="validateSerial">
		<str name="title" translate="yes">
			<val>序號驗證</val>
		</str>
		
		<set name="grace">
			<str name="message" translate="yes">
				<val>請連線至網際網路以驗證序號。</val>
			</str>
		</set>
		<str name="noInternet" translate="yes">
			<val>無法連線至網際網路嗎?</val>
		</str>
		<str name="validate" translate="yes">
			<val>驗證</val>
		</str>
		<str name="connectLater" translate="yes">
			<val>稍後連線</val>
		</str>
		<str name="quit" translate="yes">
			<val>結束</val>
		</str>
	</set>
	
	<set name="offlineScrim">
		<str name="title" translate="yes">
			<val>請連線至網際網路，然後再試一次</val>
		</str>
		<str name="message" translate="yes">
			<val>您的電腦似乎離線。需要有網際網路連線。請連線至網際網路，然後再試一次。如果問題仍然持續存在，請聯絡{0}客戶服務{1}。</val>
		</str>
		<str name="offlineActivationMsg" translate="yes">
			<val>如果這部電腦無法存取網際網路，請在 {0} 取得詳細資訊 (請使用具備網際網路功能的裝置)。</val>
		</str>
		<str name="offlineActivationLink" translate="yes">
			<val>http://www.adobe.com/go/getactivated_tw</val>
		</str>
		<str name="customerSupportLink" translate="yes">
			<val>http://www.adobe.com/go/customer_support_tw</val>
		</str>
		<str name="retry" translate="yes">
			<val>再試一次</val>
		</str>
		<str name="connectLater" translate="yes">
			<val>稍後連線</val>
		</str>
		<str name="cancel" translate="yes">
			<val>取消</val>
		</str>
	</set>
	
	<set name="dspEntitlementOfflineScrim">
		<str name="title" translate="yes">
			<val>需要網際網路連線才能使用訂閱</val>
		</str>
		<str name="message" translate="yes">
			<val>您需要網際網路連線才能啟動訂閱。如果您擁有訂閱，請連線至網際網路並選擇「重試」。</val>
		</str>
		<str name="serialInfo" translate="yes">
			<val>如果您有序號，請選擇「輸入序號」繼續。</val>
		</str>
		<str name="retry" translate="yes">
			<val>再試一次</val>
		</str>
		<str name="enterSerialNumber" translate="yes">
			<val>輸入序號</val>
		</str>
		<str name="cancel" translate="yes">
			<val>上一步</val>
		</str>
	</set>
	
	<set name="screenLoading">
		<str name="loading" translate="yes">
			<val>正在載入...</val>
		</str>
		<str name="validatingSerial" translate="yes">
			<val>正在驗證序號。這可能需要一點時間...</val>
		</str>
		<str name="checkCall" translate="yes">
			<val>正在進行授權狀態的線上驗證。這可能需要一點時間...</val>
		</str>
		<str name="autoprovisionTrial" translate="yes">
			<val>正在驗證軟體授權...</val>
		</str>
		<str name="activation" translate="yes">
			<val>正在驗證軟體授權。這可能需要一點時間...</val>
		</str>
		<str name="dbaLicenseCheck" translate="yes">
			<val>正在驗證授權。這可能需要一點時間...</val>
		</str>
	</set>
	
	<set name="overActivation">
		<str name="title" translate="yes">
			<val>序號</val>
		</str>
		<str name="stepMessage" translate="yes">
			<val>序號 {0} 已經由所允許的最大電腦數目所使用。您必須在 {1} 天內取消啟用另一部電腦，才能使用本產品。</val>
		</str>
		<str name="stepMessageOneDay" translate="yes">
			<val>序號 {0} 已經由所允許的最大電腦數目所使用。您必須在 1 天內取消啟用另一部電腦，才能使用本產品。</val>
		</str>
		<str name="stepMessageBonusLaunch" translate="yes">
			<val>序號 {0} 已經由所允許的最大電腦數目所使用。您必須取消啟用另一部電腦或提供另一個有效的序號，才能再次在這部電腦使用 {1}。</val>
		</str>
		<str name="radioButton1" translate="yes">
			<val>重試啟用。我已經取消啟用其中一部電腦。</val>
		</str>
		<str name="radioButton2" translate="yes">
			<val>提供不同序號。</val>
		</str>
		<str name="continue" translate="yes">
			<val>繼續</val>
		</str>
	</set>
	<set name="overActivationPOSA">
		<str name="title" translate="yes">
			<val>超過啟用上限</val>
		</str>
		<str name="warning" translate="yes">
			<val>無法啟用此電腦或裝置上的軟體。</val>
		</str>
		<str name="info" translate="yes">
			<val>這個 Adobe ID {0} 已在兩部不同電腦或裝置上登入並用來啟用軟體。</val>
		</str>
		<str name="message" translate="yes">
			<val>請在取消啟用另一部電腦或裝置的 {0} 天內重試。</val>
		</str>
		<str name="messageOneDay" translate="yes">
			<val>請在取消啟用另一部電腦或裝置的 1 天內重試。</val>
		</str>
		<str name="messageBonusLaunch" translate="yes">
			<val>您必須現在取消啟用另一部電腦或裝置，然後重試。</val>
		</str>
		<str name="messageExpired" translate="yes">
			<val>您必須現在取消啟用另一部電腦或裝置，然後重試。</val>
		</str>
		<str name="HaveAnotherAdobeID" translate="yes">
			<val>要用其他 Adobe ID 登入嗎?</val>
		</str>
		<str name="supportMessage" translate="yes">
			<val>如果問題仍然持續存在，請聯絡{0}客戶支援{1}。</val>
		</str>
		<str name="customerSupportLink" translate="yes">
			<val>http://www.adobe.com/go/customer_support_tw</val>
		</str>
		<str name="retry" translate="yes">
			<val>重試</val>
		</str>
		<str name="cancel" translate="yes">
			<val>取消</val>
		</str>
		<str name="quit" translate="yes">
			<val>結束</val>
		</str>
	</set>
	
	<set name="activationFailure">
		<str name="title" translate="yes">
			<val>啟用失敗</val>
		</str>
		<str name="activationStepError" translate="yes">
			<val>我們無法啟用 {0}。</val>
		</str>
		<str name="activationMsgError" translate="yes">
			<val>請檢查您的網際網路連線設定，然後再試一次。如果這個問題仍然持續存在，請聯絡{0}客戶支援{1}。{2}</val>
		</str>
		<str name="customerSupportLink" translate="yes">
			<val>http://www.adobe.com/go/customer_support_tw</val>
		</str>
		<str name="close" translate="yes">
			<val>關閉</val>
		</str>
		<str name="retry" translate="yes">
			<val>再試一次</val>
		</str>
	</set>
	<set name="activationRequired">
		<str name="title" translate="yes">
			<val>必須啟用</val>
		</str>
		<str name="activationMsgOneDay" translate="yes">
			<val>請連線至網際網路。必須在 1 天內啟用 {0}，否則產品將停止運作。</val>
		</str>
		<str name="activationMsg" translate="yes">
			<val>請連線至網際網路。必須在 {1} 天內啟用 {0}，否則產品將停止運作。</val>
		</str>
		<str name="activationMsgBonus" translate="yes">
			<val>請連線至網際網路。必須在今天啟用 {0}，否則產品將停止運作。</val>
		</str>
		<str name="activateLater" translate="yes">
			<val>稍後啟用</val>
		</str>
		<str name="retry" translate="yes">
			<val>立即啟用</val>
		</str>
	</set>
	<set name="licenseMismatch">
			<str name="title" translate="yes">
				<val>授權不符</val>
			</str>
			<str name="warning" translate="yes">
				<val>安裝在此機器上的軟體有額外的功能，您目前的授權並不包括這些功能的授權。</val>
			</str>
			<str name="message" translate="yes">
				<val>若要使用此軟體，您必須依照下列步驟，下載與安裝產品的永久版:</val>
			</str>
			<str name="point1" translate="yes">
				<val>1. 解除安裝訂閱型產品。</val>
			</str>
			<str name="point2" translate="yes">
				<val>2.	從 {1}www.adobe.com{2} 下載 {0}</val>
			</str>
			<str name="point3" translate="yes">
				<val>3. 安裝從 adobe.com 下載的 {0}</val>
			</str>
			<str name="ok" translate="yes">
				<val>確定</val>
			</str>
			<str name="adobeLnk" translate="yes">
				<val>http://www.adobe.com/go/downloads_tw</val>
			</str>
		</set>
	
	<set name="confirmationDialog">
		<str name="title" translate="yes">
			<val>結束</val>
		</str>
		<str name="message" translate="yes">
			<val>您確定要結束嗎?</val>
		</str>
		<str name="primaryButtonLabel" translate="yes">
			<val>是</val>
		</str>
		<str name="secondaryButtonLabel" translate="yes">
			<val>否</val>
		</str>
	</set>
	
	<set name="inAppTrials">
		<str name="loading" translate="yes">
			<val>正在載入...</val>
		</str>
		<str name="title" translate="yes">
			<val>{0} 試用版</val>
		</str>
		<str name="continue" translate="yes">
			<val>繼續試用</val>
		</str>
		<str name="startTrial" translate="yes">
			<val>開始試用</val>
		</str>
		<str name="enterSerial" translate="yes">
			<val>授權給此軟體</val>
		</str>
		<str name="privacySettings" translate="yes">
			<val>隱私設定</val>
		</str>
		<str name="tutorialsList" translate="yes">
			<val>{0} / {1}</val>
		</str>
		<str name="videoLoadingError" translate="yes">
			<val>載入視訊時發生錯誤。</val>
		</str>
		<str name="tryAgain" translate="yes">
			<val>再試一次</val>
		</str>
		<str name="exitFullScreen" translate="yes">
			<val>按一下 ESC 結束全螢幕模式。</val>
		</str>
		<str name="okay" translate="yes">
			<val>確定</val>
		</str>
		<str name="cancel" translate="yes">
			<val>取消</val>
		</str>
		<str name="privacyText" translate="yes">
			<val>我們會要求您提供軟體體驗等級之類的選擇性資訊，以便為您提供量身打造的內容。</val>
		</str>
		<str name="privacyPolicyText" translate="yes">
			<val>如需有關我們針對您使用產品方式所收集的資料，以及 Adobe 如何使用該資料銷售所需產品的詳細資訊，請{0}按一下這裡{1}並參閱 {2}Adobe 線上隱私權原則{3}</val>
		</str>
		<str name="optInText" translate="yes">
			<val>關閉自訂試用版內容的顯示。下次啟動試用版時，不會顯示任何自訂內容。</val>
		</str>
		<str name="privacyPortalLink" translate="yes">
			<val>http://www.adobe.com/go/adobe_privacy_portal_tw</val>
		</str>
		<str name="privacyPolicyLink" translate="yes">
			<val>http://www.adobe.com/go/privacy_tw</val>
		</str>		
		
	</set>
	
	<set name="noInternetConnection">
		<str name="title" translate="yes">
			<val>沒有網際網路連線</val>
		</str>
		<str name="para1" translate="yes">
			<val>我們無法在這部電腦上偵測網際網路連線。</val>
		</str>
		<str name="para2" translate="yes">
			<val>必須在 {0} 天內執行並完成啟用和註冊。如果這部電腦可以連線，則程序只需花費幾分鐘。</val>
		</str>
		<str name="para2_day" translate="yes">
			<val>必須在 1 天內執行並完成啟用和註冊。如果這部電腦可以連線，則程序只需花費幾分鐘。</val>
		</str>
		<str name="para2_end" translate="yes">
			<val>必須執行並完成啟用和註冊。如果這部電腦可以連線，則程序只需花費幾分鐘。</val>
		</str>
		<str name="para2_optional" translate="yes">
			<val>必須在 {0} 天內執行並完成啟用。如果這部電腦可以連線，則程序只需花費幾分鐘。</val>
		</str>
		<str name="para2_day_optional" translate="yes">
			<val>必須在 1 天內執行並完成啟用。如果這部電腦可以連線，則程序只需花費幾分鐘。</val>
		</str>
		<str name="para2_end_optional" translate="yes">
			<val>必須執行並完成啟用。如果這部電腦可以連線，則程序只需花費幾分鐘。</val>
		</str>
		<str name="para3" translate="yes">
			<val>如果此電腦無法連線至網際網路，請按一下「離線啟用」。您需要具備網際網路存取功能的裝置及產品序號，才能離線啟用您的軟體。</val>
		</str>
		<str name="para3_optional" translate="yes">
			<val>如果此電腦無法連線至網際網路，請按一下「離線啟用」。您需要具備網際網路功能的裝置及產品序號，才能完成離線啟用程序。</val>
		</str>
		<str name="hyperlinkText" translate="yes">
			<val>此電腦已連線到網際網路。我不知道哪裡有問題。</val>
		</str>
		<str name="hyperlinkTooltipText" translate="yes">
			<val>請聯絡系統管理員或撥打 Adobe 客戶支援。</val>
		</str>
		<str name="offlineActivate" translate="yes">
			<val>離線啟用</val>
		</str>
		<str name="back" translate="yes">
			<val>上一步</val>
		</str>
	</set>
	
	<set name="offlineActivation">
		<str name="title" translate="yes">
			<val>離線啟用</val>
		</str>
		<set name="StepError">
			<str name="requestCodeExpired" translate="yes">
				<val>要求代碼 {0} 已過期。請依照下列步驟完成離線啟用。</val>
			</str>
			<str name="requestCodeGenError" translate="yes">
				<val>我們無法產生要求代碼。請再試一次。</val>
			</str>
		</set>
		<str name="para1" translate="yes">
			<val>1. 按一下下方的「產生要求代碼」。這是電腦專用代碼，有效期間為 72 小時。如果您未在 72 小時內完成此程序，請直接要求新代碼即可。</val>
		</str>
		<str name="para2" translate="yes">
			<val>2. 使用網際網路連線的裝置存取 Adobe.com/go/getactivated_tw。</val>
		</str>
		<str name="para3" translate="yes">
			<val>3. 網站出現提示時，輸入步驟 1 的代碼及您的序號。這將產生回應代碼。</val>
		</str>
		<str name="para4" translate="yes">
			<val>4. 在您的離線電腦上輸入回應代碼，並按一下「啟用」。</val>
		</str>
		<str name="para5" translate="yes">
			<val>按一下「上一步」線上啟用您的軟體。</val>
		</str>
		<str name="hyperlinkText" translate="yes">
			<val>我要連線，以便更快速地啟用。</val>
		</str>
		<str name="back" translate="yes">
			<val>上一步</val>
		</str>
		<str name="activateLater" translate="yes">
			<val>稍後啟用</val>
		</str>
		<str name="quit" translate="yes">
			<val>結束</val>
		</str>
		<str name="generateRequestCode" translate="yes">
			<val>產生要求代碼</val>
		</str>
		<str name="customerSupportLink" translate="yes">
			<val>http://www.adobe.com/go/customer_support_tw</val>
		</str>
	</set>
	
	<set name="offlineActivationCode">
		<str name="title" translate="yes">
			<val>離線啟用</val>
		</str>
		<set name="StepError">
			<str name="invalidResponseCode" translate="yes">
				<val>輸入的回應代碼無效。請重新輸入。</val>
			</str>
			<str name="requestCodeExpired" translate="yes">
				<val>要求代碼 {0} 已過期。請依照下列步驟完成離線啟用。</val>
			</str>
			<str name="verifyError" translate="yes">
				<val>我們無法驗證輸入的回應代碼。請再試一次。</val>
			</str>
		</set>
		<str name="requestCode" translate="yes">
			<val>要求代碼:</val>
		</str>
		<str name="para1" translate="yes">
			<val>您有 {0}的時間可以從 www.adobe.com/go/getactivated_tw 取得回應代碼，並在下面輸入代碼。</val>
		</str>
		<str name="responseCode" translate="yes">
			<val>回應代碼:</val>
		</str>
		<str name="hyperlinkText" translate="yes">
			<val>我要連線，以便更快速地啟用。</val>
		</str>
		<str name="back" translate="yes">
			<val>上一步</val>
		</str>
		<str name="activateLater" translate="yes">
			<val>稍後啟用</val>
		</str>
		<str name="quit" translate="yes">
			<val>結束</val>
		</str>
		<str name="activate" translate="yes">
			<val>啟用</val>
		</str>
		<str name="hour" translate="yes">
			<val>小時</val>
		</str>
		<str name="hours" translate="yes">
			<val>小時</val>
		</str>
		<str name="customerSupportLink" translate="yes">
			<val>http://www.adobe.com/go/customer_support_tw</val>
		</str>
	</set>
	
	<set name="offlineActivationComplete">
		<str name="title" translate="yes">
			<val>離線啟用完成</val>
		</str>
		<str name="message" translate="yes">
			<val>{0} 已成功啟用且可供使用。</val>
		</str>
		<str name="close" translate="yes">
			<val>關閉</val>
		</str>
		<str name="launch" translate="yes">
			<val>啟動</val>
		</str>
	</set>
	
	<set name="unableToActivate">
		<str name="title" translate="yes">
			<val>啟用失敗</val>
		</str>
		<str name="warning" translate="yes">
			<val>我們無法啟用 {0}。</val>
		</str>
		<str name="para1" translate="yes">
			<val>您必須啟用產品，才能使用本產品。</val>
		</str>
		<str name="para2" translate="yes">
			<val>您必須有可用的網際網路連線才能啟用本產品。請檢查連線設定並選擇「再試一次」。</val>
		</str>
		<str name="tryAgain" translate="yes">
			<val>再試一次</val>
		</str>
		<str name="close" translate="yes">
			<val>關閉</val>
		</str>
		<str name="noInternet" translate="yes">
			<val>無法連線至網際網路嗎?</val>
		</str>
	</set>
	
	<set name="dspSubscriptionActivated">
		<str name="title" translate="yes">
			<val>感謝您</val>
		</str>
		<str name="message" translate="yes">
			<val>{0} 現在將授權給 {1}。按一下繼續，盡情享用本軟體。</val>
		</str>
		<str name="continue" translate="yes">
			<val>繼續</val>
		</str>
	</set>
	<set name="dspSubscriptionActivatedForTrial">
		<str name="title" translate="yes">
			<val>感謝您</val>
		</str>
		<str name="message" translate="yes">
			<val>恭喜！您已使用 Adobe ID {1} 購買了 {0}。按一下以繼續盡情使用您軟體的授權版本。</val>
		</str>
		<str name="continue" translate="yes">
			<val>繼續</val>
		</str>
	</set>
	
	<set name="dspOverActivation">
		<str name="title" translate="yes">
			<val>超過啟用上限</val>
		</str>
		<str name="warning" translate="yes">
			<val>我們無法啟用 {0}。</val>
		</str>
		<str name="message" translate="yes">
			<val>此 Adobe ID 名下的此產品已由上限 2 部裝置所啟用。請選擇「繼續」取消啟用其他裝置並在此裝置上啟用您的訂閱，或選擇「授權給此軟體」以使用不同的 Adobe ID 登入。</val>
		</str>
		<str name="activationPolicy" translate="yes">
			<val>{0}啟用政策{1}</val>
		</str>
		<str name="activationPolicyLink" translate="yes">
			<val>http://www.adobe.com/go/activation_tw</val>
		</str>
		<str name="licenseThisSoftware" translate="yes">
			<val>授權給此軟體</val>
		</str>
		<str name="continue" translate="yes">
			<val>繼續</val>
		</str>
	</set>
	<set name="dspSignInFailedOA">
		<str name="title" translate="yes">
			<val>登入失敗</val>
		</str>
		<str name="warning" translate="yes">
			<val>無法在這部電腦或裝置上登入。</val>
		</str>
		<str name="message" translate="yes">
			<val>這個 Adobe ID {0} 已在兩部不同電腦或裝置上用來啟用軟體。</val>
		</str>
		<str name="radioButton1" translate="yes">
			<val>重試。我已從其中之一登出。</val>
		</str>
		<str name="radioButton2" translate="yes">
			<val>將我從所有其他裝置或裝置中登出。</val>
		</str>
		<str name="differentAdobeIDLink" translate="yes">
			<val>要用其他 Adobe ID 登入嗎?</val>
		</str>
		<str name="continue" translate="yes">
			<val>繼續</val>
		</str>
	</set>
	<set name="subscriptionNotFound">
		<str name="title" translate="yes">
			<val>找不到訂閱</val>
		</str>
		<str name="message" translate="yes">
			<val>我們找不到與這個 Adobe ID 相關的 {0} 訂閱，您可以購買{1}新訂閱{2}，或者如果您有訂閱但無法存取，請聯絡{3}客戶支援{4}。</val>
		</str>
		<str name="messageTrial" translate="yes">
			<val>您也可以選擇開始試用這個產品。</val>
		</str>
		<str name="messageTrialContinue" translate="yes">
			<val>您也可以選擇繼續試用這個產品。</val>
		</str>
		<str name="differentAdobeIDLink" translate="yes">
			<val>要用其他 Adobe ID 登入嗎?</val>
		</str>
		<str name="quit" translate="yes">
			<val>結束</val>
		</str>
		<str name="startTrial" translate="yes">
			<val>開始試用</val>
		</str>
		<str name="continueTrial" translate="yes">
			<val>繼續試用</val>
		</str>
		<str name="NewSubscriptionLinkForCC" translate="yes">
        	<val>http://www.adobe.com/go/cc_plans_tw</val>
        </str>
        <str name="NewSubscriptionLinkForNonCC" translate="yes">
        	<val>http://www.adobe.com/go/products_tw</val>
        </str>
		<str name="customerSupportLink" translate="yes">
			<val>http://www.adobe.com/go/customer_support_tw</val>
		</str>
	</set>
	
	<set name="dspAdobeIDMismatch">
		<str name="title" translate="yes">
			<val>再試一次</val>
		</str>
		<str name="titleReactivationWF" translate="yes">
			<val>登入失敗</val>
		</str>
		<str name="warning" translate="yes">
			<val>Adobe ID 不相符</val>
		</str>
		<str name="warningReactivationWF" translate="yes">
			<val>無法啟動此電腦或裝置上的授權。</val>
		</str>
		<str name="message" translate="yes">
			<val>您登入的 Adobe ID 不符合與此訂閱相關的 Adobe ID。請使用與此訂閱相關的 Adobe ID 登入。</val>
		</str>
		<str name="message1ReactivationWF" translate="yes">
			<val>您登入的 Adobe ID 不符合與此電腦或裝置上目前授權相關聯的 Adobe ID。</val>
		</str>
		<str name="message2ReactivationWF" translate="yes">
			<val>按一下「上一步」並使用與此訂閱相關聯的 Adobe ID 登入，或者按一下「稍後登入」然後在您下次啟動軟體時使用不同的 Adobe ID 登入。</val>
		</str>
		<str name="back" translate="yes">
			<val>上一步</val>
		</str>
		<str name="quit" translate="yes">
			<val>結束</val>
		</str>
		<str name="signInLater" translate="yes">
			<val>稍後登入</val>
		</str>
	</set>
	
	<set name="dspSubscriptionExpired">
		<str name="title" translate="yes">
			<val>續訂您的訂閱</val>
		</str>
		<str name="message" translate="yes">
			<val>請移至{0}訂閱管理員{1}續訂您的 {2} 訂閱，以繼續使用您的產品而不致中斷。如果您剛完成續訂，請稍候 15 分鐘並再試一次。</val>
		</str>
		<str name="messageCCMTeamPara1" translate="yes">
			<val>若要續訂訂閱並繼續使用您的產品，請聯絡系統管理員。</val>
		</str>
		<str name="messageCCMTeamPara2" translate="yes">
			<val>如果已續訂訂閱，請等候 15 分鐘後再試一次。</val>
		</str>
		<str name="signedInMessage" translate="yes">
			<val>您目前登入的 Adobe ID: {0}。</val>
		</str>
		<str name="subscriptionManagerLinkForCC" translate="yes">
			<val> http://www.adobe.com/go/cc_manage_act_tw</val>
		</str>
		<str name="subscriptionManagerLinkForNonCC" translate="yes">
			<val>http://www.adobe.com/go/subscriptionedition_tw</val>
		</str>
		<str name="tryAgain" translate="yes">
			<val>再試一次</val>
		</str>
		<str name="close" translate="yes">
			<val>關閉</val>
		</str>
		<str name="differentAdobeIDLink" translate="yes">
			<val>要用其他 Adobe ID 登入嗎?</val>
		</str>
		<str name="OfflineMessage" translate="yes">
			<val>很抱歉，目前我們無法連線至 Adobe Server。請按一下{0}這裡{1}以解決任何連線問題。如果這個問題仍然持續存在，請聯絡{2}客戶支援{3}。</val>
		</str>
	</set>
	<set name="dspSubscriptionExpiredCCT">
		<str name="title" translate="yes">
			<val>會籍已過期</val>
		</str>
		<str name="message" translate="yes">
			<val>您無法再使用 {0}。若要續訂會籍並繼續使用 {1}，請聯絡系統管理員。</val>
		</str>
		<str name="signedInMessage" translate="yes">
			<val>您目前登入的 Adobe ID: {0}。</val>
		</str>
		<str name="info" translate="yes">
			<val>按一下即可檢視{0}您的帳戶詳細資訊{1}，或{2}進一步了解{3} Adobe 會籍計劃。</val>
		</str>
		<str name="accountDetailsLink" translate="yes">
			<val> http://www.adobe.com/go/cc_manage_act_tw</val>
		</str>
		<str name="learnMoreLink" translate="yes">
			<val>http://www.adobe.com/go/cc_plans_tw</val>
		</str>
		<str name="tryAgain" translate="yes">
			<val>再試一次</val>
		</str>
		<str name="close" translate="yes">
			<val>關閉</val>
		</str>
		<str name="differentAdobeIDLink" translate="yes">
			<val>要用其他 Adobe ID 登入嗎?</val>
		</str>
		<str name="OfflineMessage" translate="yes">
			<val>很抱歉，目前我們無法連線至 Adobe Server。請按一下{0}這裡{1}以解決任何連線問題。如果這個問題仍然持續存在，請聯絡{2}客戶支援{3}。</val>
		</str>
	</set>
	
	<set name="dspCheckGenericError">
		<str name="title" translate="yes">
			<val>再試一次</val>
		</str>
		<str name="warning" translate="yes">
			<val>無法開始您的 {0} 訂閱。</val>
		</str>
		<str name="message" translate="yes">
			<val>請稍候片刻並再試一次。</val>
		</str>
		<str name="tryAgain" translate="yes">
			<val>再試一次</val>
		</str>
		<str name="quit" translate="yes">
			<val>結束</val>
		</str>
	</set>
	
	<set name="dspSubscriptionVerified">
		<str name="title" translate="yes">
			<val>感謝您</val>
		</str>
		<str name="message" translate="yes">
			<val>您的 {0} 訂閱現在已生效。請按一下「繼續」以使用您的產品。</val>
		</str>
		<str name="continue" translate="yes">
			<val>繼續</val>
		</str>
	</set>
	
	<set name="dspSubscriptionReactivation">
		<str name="title" translate="yes">
			<val>需要登入</val>
		</str>
		<str name="message" translate="yes">
			<val>您已從此電腦或裝置登出。按一下「立即登入」啟動您在這部裝置上的授權，或者按一下「繼續」在下次啟動時登入。</val>
		</str>
		<str name="signInNow" translate="yes">
			<val>立即登入</val>
		</str>
		<str name="continue" translate="yes">
			<val>繼續</val>
		</str>
	</set>
	
	<set name="dspReminder">
		<set name="ccInfoReminder">
			<str name="title" translate="yes">
				<val>續訂提醒</val>
			</str>
			<str name="message" translate="yes">
				<val>您的訂閱即將過期。</val>
			</str>
			<str name="info" translate="yes">
				<val>我們的記錄指出還沒有與此帳戶相關聯的付款方式。請移至{0}訂閱管理員{1}並提供所需的付款資訊，續訂您的 {2} 訂閱，以繼續使用您的產品而不致中斷。</val>
			</str>
			<str name="infoCCMTeam" translate="yes">
				<val>如需繼續存取產品，請連絡您的管理員。</val>
			</str>
		</set>
		
		<set name="graceReminder">
			<str name="title" translate="yes">
				<val>訂閱過期</val>
			</str>
			<str name="message" translate="yes">
				<val>您的 {0} 訂閱已過期。</val>
			</str>
			<str name="info" translate="yes">
				<val>請移至{0}訂閱管理員{1}續訂您的 {2} 訂閱，以繼續使用您的產品而不致中斷。您有一段短暫的寬限期可續訂您的訂閱，超過此期限後您將無法再存取本產品。</val>
			</str>
			<str name="infoCCMTeam" translate="yes">
				<val>請聯絡您的系統管理員以續訂您的訂閱，並繼續不中斷地使用您的產品。您會有一個短暫的續訂訂閱寬限期，在寬限期過後您將無法繼續存取本產品。</val>
			</str>
		</set>
		<set name="monthlyGraceReminderOffline">
			<str name="title" translate="yes">
				<val>很抱歉 - 我們目前無法連線至 Adobe Server</val>
			</str>
			<str name="message" translate="yes">
				<val>在此提醒您，我們需要確認您會籍是否有效。您可以繼續離線存取 {0}，直到 {1}為止，不過，如果屆時我們依舊無法連線至 Adobe Server，您的產品將停止運作。</val>
			</str>
			<str name="info" translate="yes">
				<val>請按一下{0}這裡{1}以疑難排解任何連線問題。</val>
			</str>
		</set>
		<set name="dailyGraceReminderOffline">
			<str name="title" translate="yes">
				<val>很抱歉 - 我們目前無法連線至 Adobe Server</val>
			</str>
			<str name="message" translate="yes">
				<val>在此提醒您，我們需要確認您會籍是否有效。您可以繼續離線存取 {0}，不過，如果您無法在顯示的期限前連線至 Adobe Server，您的產品將停止運作。</val>
			</str>
			<str name="info" translate="yes">
				<val>請按一下{0}這裡{1}以疑難排解連線問題。</val>
			</str>
		</set>
		<set name="billingFailureReminder">
			<str name="title" translate="yes">
				<val>請檢查您的帳單資訊</val>
			</str>
			<str name="message" translate="yes">
				<val>我們發現您的上一個 {0} 款項發生問題。請連線以{1}管理您的帳戶{2}，並確認帳單資訊。</val>
			</str>
			<str name="info" translate="yes">
				<val>如果問題無法在顯示的期限內解決，{0} 將會停止運作。如果您最近曾變更過帳單資訊，可能需要 24 小時才會更新您的會籍狀態。</val>
			</str>
			<str name="messageCCMTeam" translate="yes">
				<val>我們發現您的團隊的上一個 {0} 款項發生問題。請洽詢您的管理員以解決問題，或者，如果您是主要管理員，連線以{1}管理您的帳戶{2}。如果無法在顯示的期限之前解決問題，您的產品將停止運作。</val>
			</str>
			<str name="offlineError" translate="yes">
				<val>很抱歉，目前我們無法連線至 Adobe Server 以確認您是否已解決帳務問題。請按一下{0}這裡{1}以解決任何連線問題。</val>
			</str>
		</set>
		<set name="billingFailureReminderCCT">
			<str name="title" translate="yes">
				<val>會籍到期</val>
			</str>
			<str name="warning" translate="yes">
				<val>您的會籍已經過期。</val>
			</str>
			<str name="message" translate="yes">
				<val>{0} 天之後，您可以存取 {1} 的會籍即將過期。如需其他協助，請聯絡系統管理員。</val>
			</str>
			<str name="messageOneDay" translate="yes">
				<val>1 天之後，您可以存取 {0} 的會籍即將過期。如需其他協助，請聯絡系統管理員。</val>
			</str>
			<str name="messageBonusLaunch" translate="yes">
				<val>您可以存取 {0} 的會籍已經過期。您可以再使用本產品最後一次。如需其他協助，請聯絡系統管理員。</val>
			</str>
			<str name="messageBonusLaunchShort" translate="yes">
				<val>您可以再使用本產品最後一次。如需其他協助，請聯絡系統管理員。</val>
			</str>
			<str name="info" translate="yes">
				<val>按一下即可檢視{0}您的帳戶詳細資訊{1}，或{2}進一步了解{3} Adobe 會籍計劃。</val>
			</str>
			<str name="accountDetailsLink" translate="yes">
				<val> http://www.adobe.com/go/cc_manage_act_tw</val>
			</str>
			<str name="learnMoreLink" translate="yes">
				<val>http://www.adobe.com/go/cc_plans_tw</val>
			</str>
			<str name="offlineError" translate="yes">
				<val>很抱歉，目前我們無法連線至 Adobe Server 以確認您是否已解決帳務問題。請按一下{0}這裡{1}以解決任何連線問題。</val>
			</str>
		</set>
		<set name="combinedSubIssueReminder">
			<str name="title" translate="yes">
				<val>我們在驗證您會籍時遇到問題</val>
			</str>
			<str name="message" translate="yes">
				<val>您目前可能離線，或是您的團隊帳戶可能有帳務問題。請連線以管理您的帳戶並確認帳單資訊。如果您遇到任何問題或疑問，請聯絡{0}客戶支援{1}。</val>
			</str>
			<str name="messageCCMTeam1" translate="yes">
				<val>您目前可能離線，或是您的團隊帳戶可能有帳務問題。請聯絡您的系統管理員以解決帳務問題。</val>
			</str>
			<str name="messageCCMTeam2" translate="yes">
				<val>如果您有其他問題，請聯絡{0}客戶支援{1}。</val>
			</str>
			<str name="offlineError" translate="yes">
				<val>請連線讓我們修正問題，或是按一下「繼續」保持離線，我們會在稍後提醒您。</val>
			</str>
		</set>
		
		<str name="subscriptionManagerLinkForCC" translate="yes">
			<val>http://www.adobe.com/go/cc_manage_act_tw</val>
		</str>
		<str name="subscriptionManagerLinkForNonCC" translate="yes">
			<val>http://www.adobe.com/go/subscriptionedition_tw</val>
		</str>
		<str name="offline" translate="yes">
			<val>無法連線至 Adobe Server。請檢查連線設定並選擇「再試一次」。</val>
		</str>
		<str name="subscriptionPolicy" translate="yes">
			<val>{0}訂閱政策{1}</val>
		</str>
		<str name="subscriptionPolicyLink" translate="yes">
			<val>http://www.adobe.com/go/subscription_policy_tw</val>
		</str>
		<str name="customerSupportLink" translate="yes">
			<val>http://www.adobe.com/go/customer_support_tw</val>
		</str>
		<str name="offlineTroubleshootLink" translate="yes">
			<val>http://www.adobe.com/go/activation_network_issues_tw</val>
		</str>
		<str name="daysRemaining" translate="yes">
			<val>剩餘天數</val>
		</str>
		<str name="dayRemaining" translate="yes">
			<val>剩餘天數</val>
		</str>
		<str name="continue" translate="yes">
			<val>繼續</val>
		</str>
		<str name="tryAgain" translate="yes">
			<val>再試一次</val>
		</str>
		<str name="retry" translate="yes">
			<val>重試</val>
		</str>
		<str name="remindLater" translate="yes">
			<val>稍後再提醒我</val>
		</str>
		<str name="OK" translate="yes">
			<val>確定</val>
		</str>
	</set>
	
	<set name="dspSuspended">
		<set name="activationSuspended">
			<str name="title" translate="yes">
				<val>啟用失敗</val>
			</str>
			<str name="warning" translate="yes">
				<val>我們無法啟用 {0}。</val>
			</str>
			<str name="message" translate="yes">
				<val>您的系統日期與伺服器的日期不相符。您的系統日期最多可以比 Adobe 伺服器的日期快三天 ({0})。</val>
			</str>
			<str name="info" translate="yes">
				<val>請檢查您電腦上的日期設定，然後再試一次。如果問題仍然持續存在，請聯絡{0}客戶支援{1}。</val>
			</str>
		</set>
		
		<set name="subscriptionSuspended">
			<str name="title" translate="yes">
				<val>訂閱暫停</val>
			</str>
			<str name="warning" translate="yes">
				<val>{0} 訂閱已暫停。</val>
			</str>
			<str name="message" translate="yes">
				<val>您的系統日期與伺服器的日期不相符。您的系統日期最多可以比 Adobe 伺服器的日期快三天 ({0})。</val>
			</str>
			<str name="info" translate="yes">
				<val>請檢查您電腦上的日期設定，然後再試一次。如果問題仍然持續存在，請聯絡{0}客戶支援{1}。</val>
			</str>
		</set>
		
		<set name="subscriptionWindback">
			<str name="title" translate="yes">
				<val>訂閱暫停</val>
			</str>
			<str name="warning" translate="yes">
				<val>{0} 訂閱已暫停。</val>
			</str>
			<str name="message" translate="yes">
				<val>系統日期與時間設定錯誤。請將系統時鐘設定為目前時間並選擇「再試一次」。如果問題仍然持續存在，請聯絡{0}客戶支援{1}。</val>
			</str>
		</set>
		
		<str name="customerSupportLink" translate="yes">
			<val>http://www.adobe.com/go/customer_support_tw</val>
		</str>
		<str name="activationPolicy" translate="yes">
			<val>{0}檢視啟用政策{1}</val>
		</str>
		<str name="activationPolicyLink" translate="yes">
			<val>http://www.adobe.com/go/activation_tw</val>
		</str>
		<str name="subscriptionPolicy" translate="yes">
			<val>{0}訂閱政策{1}</val>
		</str>
		<str name="subscriptionPolicyLink" translate="yes">
			<val>http://www.adobe.com/go/subscription_policy_tw</val>
		</str>
		<str name="quit" translate="yes">
			<val>結束</val>
		</str>
		<str name="tryAgain" translate="yes">
			<val>再試一次</val>
		</str>
	</set>
	
	<set name="dateTimeFormats">
		<str name="dateFormat_Long" translate="yes">
			<val>{2} 年 {0} {1} 日</val>
		</str>
	</set>

	<set name="monthsFull">
		<str name="1" translate="yes">
			<val>1 月</val>
		</str>
		<str name="2" translate="yes">
			<val>2 月</val>
		</str>
		<str name="3" translate="yes">
			<val>3 月</val>
		</str>
		<str name="4" translate="yes">
			<val>4 月</val>
		</str>
		<str name="5" translate="yes">
			<val>5 月</val>
		</str>
		<str name="6" translate="yes">
			<val>6 月</val>
		</str>
		<str name="7" translate="yes">
			<val>7 月</val>
		</str>
		<str name="8" translate="yes">
			<val>8 月</val>
		</str>
		<str name="9" translate="yes">
			<val>9 月</val>
		</str>
		<str name="10" translate="yes">
			<val>10 月</val>
		</str>
		<str name="11" translate="yes">
			<val>11 月</val>
		</str>
		<str name="12" translate="yes">
			<val>12 月</val>
		</str>
	</set>
	
	<set name="dsp_IMSBusyScrim">
		<str name="WaitAMoment" translate="yes">
			<val>請稍候...</val>
		</str>
	</set>
	
	<set name="dspSubscriptionRevoked">
		<str name="title" translate="yes">
			<val>授權暫停</val>
		</str>
		<str name="warning" translate="yes">
			<val>{0} 的授權已暫停。</val>
		</str>
		<str name="message" translate="yes">
			<val>{0} 的授權資訊已失效或已遭到撤銷。請聯絡{1}客戶支援{2}。</val>
		</str>
		<str name="subscriptionPolicy" translate="yes">
			<val>{0}訂閱政策{1}{2}{3}軟體授權合約{4}</val>
		</str>
		<str name="subscriptionPolicyLink" translate="yes">
			<val>http://www.adobe.com/go/subscription_policy_tw</val>
		</str>
		<str name="eula_Link" translate="yes">
			<val>http://www.adobe.com/go/eulas_tw</val>
		</str>
		<str name="customerSupportLink" translate="yes">
			<val>http://www.adobe.com/go/customer_support_tw</val>
		</str>
		<str name="quit" translate="yes">
			<val>結束</val>
		</str>
	</set>
	<set name="deviceBasedActivation">
		<set name="dbaLicenseExpiry">
			<str name="title" translate="yes">
				<val>授權已過期</val>
			</str>
			<str name="message" translate="yes">
				<val>{0} 一直在這個屬於 {1} 的裝置上以寬限授權執行。請聯絡系統管理員，以續約授權並繼續使用本產品而不致中斷。</val>
			</str>
			<str name="info" translate="yes">
				<val>如果已續約授權，請等候 15 分鐘後再試一次。</val>
			</str>
			<str name="tryAgain" translate="yes">
				<val>再試一次</val>
			</str>
			<str name="close" translate="yes">
				<val>關閉</val>
			</str>
		</set>
	
		<set name="dbaLicenseRenewal">
			<str name="title" translate="yes">
				<val>續約授權</val>
			</str>
			<str name="message" translate="yes">
				<val>在這個屬於部署集區 {1} 的裝置上，請聯絡系統管理員，以續約 {0} 的授權並繼續使用本產品而不致中斷。</val>
			</str>
			<str name="info" translate="yes">
				<val>如果已續約授權，請等候 15 分鐘後再試一次。</val>
			</str>
			<str name="tryAgain" translate="yes">
				<val>再試一次</val>
			</str>
			<str name="quit" translate="yes">
				<val>結束</val>
			</str>
		</set>
		<set name="dbaClockWindback">
			<str name="title" translate="yes">
				<val>授權暫停</val>
			</str>
			<str name="message" translate="yes">
				<val>此裝置的系統日期與時間設定錯誤。請將系統時鐘設定為目前時間並選擇「再試一次」。如果問題仍然持續存在，請聯絡系統管理員。</val>
			</str>
			<str name="warning" translate="yes">
				<val>{0} 的授權已暫停。</val>
			</str>
			<str name="tryAgain" translate="yes">
				<val>再試一次</val>
			</str>
			<str name="close" translate="yes">
				<val>關閉</val>
			</str>
		</set>
		<set name="dbaClockMismatch">
			<str name="title" translate="yes">
				<val>授權暫停</val>
			</str>
			<str name="message" translate="yes">
				<val>這個裝置的日期與伺服器的日期不相符。這個裝置的日期最多可以比 Adobe 伺服器的日期差三天 ({0})。</val>
			</str>
			<str name="warning" translate="yes">
				<val>{0} 的授權已暫停。</val>
			</str>
			<str name="info" translate="yes">
				<val>請檢查這個裝置上的日期設定並選擇「再試一次」。如果問題仍然持續存在，請聯絡系統管理員。</val>
			</str>
			<str name="tryAgain" translate="yes">
				<val>再試一次</val>
			</str>
			<str name="quit" translate="yes">
				<val>結束</val>
			</str>
		</set>
		<set name="dbaLicenseDenied">
			<str name="title" translate="yes">
				<val>授權遭拒</val>
			</str>
			<str name="stepError" translate="yes">
				<val>這個裝置上的 {0} 授權已遭到拒絕。</val>
			</str>
			<str name="msgError" translate="yes">
				<val>請聯絡系統管理員重新序列化這個裝置並重新加入 {0} 集區。如果系統管理員已經採取此步驟，請等候 15 分鐘後再試一次。</val>
			</str>
			<str name="msgErrorPoolRemoved" translate="yes">
				<val>請聯絡系統管理員重新序列化這個裝置。如果系統管理員已經採取此步驟，請等候 15 分鐘後再試一次。</val>
			</str>
			<str name="tryAgain" translate="yes">
				<val>再試一次</val>
			</str>
			<str name="close" translate="yes">
				<val>關閉</val>
			</str>
		</set>
		<set name="dbaActivationFailure">
			<str name="title" translate="yes">
				<val>啟用失敗</val>
			</str>
			<str name="stepError" translate="yes">
				<val>我們無法啟用 {0}。</val>
			</str>
			<str name="errorCode" translate="yes">
				<val>(錯誤代碼: {0})</val>
			</str>
			<str name="msgError" translate="yes">
				<val>您必須啟用產品，才能在這個屬於 {1} 的裝置上使用 {0}。您必須有可用的網際網路連線才能啟用本產品。請檢查連線設定並再試一次。</val>
			</str>
			<str name="info" translate="yes">
				<val>如果問題仍然持續存在，請聯絡系統管理員。</val>
			</str>
			<str name="offlineError" translate="yes">
				<val>很抱歉，目前我們無法連線至 Adobe Server。請按一下{0}這裡{1}以解決連線問題。</val>
			</str>
			<str name="clockMismatchError" translate="yes">
				<val>請檢查此裝置的日期設定並選擇「再試一次」。</val>
			</str>
			<str name="tryAgain" translate="yes">
				<val>再試一次</val>
			</str>
			<str name="close" translate="yes">
				<val>關閉</val>
			</str>
		</set>
		<set name="dbaMonthlyGraceReminderOffline">
			<str name="title" translate="yes">
				<val>很抱歉 - 我們目前無法連線至 Adobe Server</val>
			</str>
			<str name="message" translate="yes">
				<val>在此提醒您，我們需要確認在這個屬於 {0} 的裝置上您的授權是否有效。您可以繼續離線存取 {1}，直到 {2} 為止，不過，如果我們到時無法連線至網際網路，本產品將停止運作。</val>
			</str>
			<str name="info" translate="yes">
				<val>請按一下{0}這裡{1}以疑難排解連線問題。</val>
			</str>
			<str name="remindLater" translate="yes">
				<val>稍後再提醒我</val>
			</str>
			<str name="retry" translate="yes">
				<val>重試</val>
			</str>
		</set>
		<set name="dbaDailyGraceReminderOffline">
			<str name="title" translate="yes">
				<val>很抱歉 - 我們目前無法連線至 Adobe Server</val>
			</str>
			<str name="message" translate="yes">
				<val>在此提醒您，我們需要確認在這個屬於 {0} 的裝置上您的授權是否有效。您可以繼續離線存取 {1}，不過，如果您無法在顯示的期限前連線至網際網路，本產品將停止運作。</val>
			</str>
			<str name="info" translate="yes">
				<val>請按一下{0}這裡{1}以疑難排解連線問題。</val>
			</str>
			<str name="ok" translate="yes">
				<val>確定</val>
			</str>
			<str name="retry" translate="yes">
				<val>重試</val>
			</str>
		</set>
		<set name="dbaBonusLaunch">
			<str name="title" translate="yes">
				<val>最後一次啟動</val>
			</str>
			<str name="message" translate="yes">
				<val>{0} 一直在這個屬於 {1} 的裝置上以寬限授權執行。您可以使用產品最後一次。若要繼續使用本產品，請聯絡系統管理員。</val>
			</str>
			<str name="ok" translate="yes">
				<val>確定</val>
			</str>
		</set>
		<set name="errorScenarios">
			<str name="licenseDeniedError" translate="yes">
				<val>這個裝置沒有相關聯的授權。</val>
			</str>
			<str name="clockWindbackError" translate="yes">
				<val>請檢查您裝置上的日期設定並選擇「再試一次」。如果問題仍然持續存在，請聯絡系統管理員。</val>
			</str>
			<str name="offlineError" translate="yes">
				<val>很抱歉，目前我們無法連線至 Adobe Server。請按一下{0}這裡{1}以解決連線問題。如果問題仍然持續存在，請聯絡系統管理員。</val>
			</str>
			<str name="checkCallErrorGeneric" translate="yes">
				<val>擷取授權資訊時發生錯誤。請稍後再試一次。</val>
			</str>
		</set>
		<str name="quit" translate="yes">
			<val>結束</val>
		</str>
		<str name="daysRemaining" translate="yes">
			<val>剩餘天數</val>
		</str>
		<str name="dayRemaining" translate="yes">
			<val>剩餘天數</val>
		</str>
		<str name="offlineTroubleshootLink" translate="yes">
			<val>http://www.adobe.com/go/activation_network_issues_tw</val>
		</str>
	</set>
	<set name="isoToLanguage">
		<str name="ar_AE" translate="no"><val>العربية</val></str>
		<str name="en_GB" translate="no"><val>English (International)</val></str> 
		<str name="en_INT" translate="no"><val>English (International)</val></str> 
		<str name="fr_CA" translate="no"><val>Français (Canada)</val></str>
		<str name="es_QM" translate="no"><val>Español (Middle East)</val></str>
		<str name="es_LA" translate="no"><val>Español de América Latina</val></str>
		<str name="es_NA" translate="no"><val>Español Norteamericano</val></str>
		<str name="bg_BG" translate="no"><val>Български</val></str>
		<str name="lv_LV" translate="no"><val>Latviešu</val></str>
		<str name="et_EE" translate="no"><val>Eesti</val></str>
		<str name="hr_HR" translate="no"><val>hrvatski</val></str>
		<str name="sl_SI" translate="no"><val>slovenščina</val></str>
		<str name="sk_SK" translate="no"><val>slovenčina</val></str>
		<str name="th_TH" translate="no"><val>ภาษาไทย</val></str> 
		<str name="vi_VN" translate="no"><val>Việt</val></str>
		<str name="en_XC" translate="no"><val>English (Central Europe)</val></str> 
		<str name="en_XM" translate="no"><val>English (Middle East)</val></str>
		<str name="fr_XM" translate="no"><val>Français (Moyen-Orient)</val></str>
		<str name="sq_AL" translate="no"><val>Shqip</val></str> 
		<str name="ar_SA" translate="no"><val>العربية</val></str>
		<str name="be_BY" translate="no"><val>Беларуская</val></str> 
		<str name="ca_ES" translate="no"><val>Català</val></str> 
		<str name="hi_IN" translate="no"><val>हिन्दी</val></str>
		<str name="is_IS" translate="no"><val>Íslenska</val></str> 
		<str name="lt_LT" translate="no"><val>Lietuvių</val></str>
		<str name="mk_MK" translate="no"><val>македонски</val></str>
		<str name="nn_NO" translate="no"><val>Norsk (Nynorsk)</val></str>
		<str name="pt_PT" translate="no"><val>Português de Portugal</val></str> 
		<str name="sh_YU" translate="no"><val>Srpsko-Hrvatski</val></str> 
		<str name="sr_YU" translate="no"><val>Cрпски</val></str> 
		<str name="kk_KZ" translate="no"><val>Қазақ</val></str>
		<str name="az_AZ" translate="no"><val>Azərbaycan dili</val></str> 
		<str name="es_MX" translate="no"><val>Español (América Latina)</val></str>
		<str name="no_NO" translate="no"><val>Norwegian</val></str> 
		<str name="cs_CZ" translate="no"><val>česky</val></str>
		<str name="de_DE" translate="no"><val>Deutsch</val></str>
		<str name="el_GR" translate="no"><val>Ελληνικά</val></str>
		<str name="en_US" translate="no"><val>English (North America)</val></str> 
		<str name="es_ES" translate="no"><val>Español</val></str> 
		<str name="fr_FR" translate="no"><val>Français</val></str>
		<str name="he_IL" translate="no"><val>עברית</val></str> 
		<str name="hu_HU" translate="no"><val>magyar</val></str>
		<str name="it_IT" translate="no"><val>Italiano</val></str>
		<str name="ja_JP" translate="no"><val>日本語</val></str>
		<str name="ko_KR" translate="no"><val>한국어</val></str>
		<str name="nl_NL" translate="no"><val>Nederlands</val></str>
		<str name="pl_PL" translate="no"><val>polski</val></str>
		<str name="ro_RO" translate="no"><val>Română</val></str>
		<str name="ru_RU" translate="no"><val>русский</val></str>
		<str name="sv_SE" translate="no"><val>Svenska</val></str>
		<str name="tr_TR" translate="no"><val>Türkçe</val></str>
		<str name="uk_UA" translate="no"><val>українська</val></str>
		<str name="zh_CN" translate="no"><val>简体中文</val></str>
		<str name="zh_TW" translate="no"><val>繁體中文</val></str>
		<str name="da_DK" translate="no"><val>Dansk</val></str>
		<str name="fi_FI" translate="no"><val>suomi</val></str>
		<str name="nb_NO" translate="no"><val>Norsk (Bokmål)</val></str> 
		<str name="pt_BR" translate="no"><val>Português do Brasil</val></str>
		<str name="en_AE" translate="no"><val>English يدعم العربية</val></str> 
		<str name="en_IL" translate="no"><val>English תומך עברית</val></str> 
		<str name="fr_MA" translate="no"><val>Français (Maroc)</val></str>
	</set>
		
</asf>
