<?xml version='1.0' encoding='utf-8'?>
<!DOCTYPE asf SYSTEM "http://ns.adobe.com/asf/asf_1_0.dtd" >
<asf xmlns="http://ns.adobe.com/asf" locale="ko_KR" version="1.0">

	<set name="ButtonLabel">
		<str name="Yes" translate="yes">
			<val>예</val>
		</str>
		<str name="No" translate="yes">
			<val>아니요</val>
		</str>
		<str name="Accept" translate="yes">
			<val>동의</val>
		</str>
		<str name="Install" translate="yes">
			<val>설치</val>
		</str>
		<str name="Uninstall" translate="yes">
			<val>제거</val>
		</str>
		<str name="OK" translate="yes">
			<val>확인</val>
		</str>
		<str name="Continue" translate="yes">
			<val>계속</val>
		</str>
		<str name="Back" translate="yes">
			<val>뒤로</val>
		</str>
		<str name="Cancel" translate="yes">
			<val>취소</val>
		</str>
        <str name="Close" translate="yes">
            <val>닫기</val>
        </str>
		<str name="Quit" translate="yes">
			<val>종료</val>
		</str>
		<str name="SignIn" translate="yes">
			<val>로그인</val>
		</str>
		<str name="SignInNow" translate="yes">
			<val>지금 로그인</val>
		</str>
		<str name="SignInLater" translate="yes">
			<val>나중에 로그인</val>
		</str>
		<str name="StartAgain" translate="yes">
			<val>다시 시작</val>
		</str>
		<str name="Retry" translate="yes">
			<val>다시 시도</val>
		</str>
		<str name="Verify" translate="yes">
			<val>확인</val>
		</str>
		<str name="ConnectLater" translate="yes">
			<val>나중에 연결</val>
		</str>
	</set>
	
	<set name="DialogueTitle">
		<str name="Quit" translate="yes">
			<val>종료</val>
		</str>
	</set>

	<set name="Welcome">
		<str name="Title" translate="yes">
			<val>시작</val>
		</str>
		<str name="OptionOne" translate="yes">
			<val>일련 번호로 설치</val>
		</str>
		<str name="OptionOneInfo" translate="yes">
			<val>일련 번호가 있습니다.</val>
		</str>
		<str name="OptionTwo" translate="yes">
			<val>내 구독 시작</val>
		</str>
		<str name="OptionTwoInfo" translate="yes">
			<val>구독이 있습니다.</val>
		</str>
		<str name="OptionThree" translate="yes">
			<val>시험 버전 설치</val>
		</str>
		<str name="OptionThreeInfo" translate="yes">
			<val>{0} 시험 버전 체험하기(사용 기간 한정)</val>
		</str>
		<set name="MBLS">
			<str name="OptionOne" translate="yes">
				<val>설치</val>
			</str>
			<str name="OptionOneInfo" translate="yes">
				<val>구매 완료</val>
			</str>
			<str name="OptionTwo" translate="yes">
				<val>시험 사용</val>
			</str>
			<str name="OptionTwoInfo" translate="yes">
				<val>{0} 시험 버전 체험하기(사용 기간 한정)</val>
			</str>
		</set>
	</set>
	
	<set name="EULA">
		<str name="Title" translate="yes">
			<val>Adobe 소프트웨어 사용권 계약</val>
		</str>
		<str name="Para1" translate="yes">
			<val>이 계약은 사용자의 설치 그리고 이 소프트웨어를 포함하여 {0} 제품의 사용을 통제합니다. www.adobe.com/go/myaccount_kr에서 사용자가 동의한 계약을 검토할 수 있습니다.</val>
		</str>
	</set>

	<set name="Register">
		<str name="Title" translate="yes">
			<val>로그인 필요</val>
		</str>
		<set name="Trial">
			<str name="FirstTime" translate="yes">
				<val>{0} 시험 버전을 시작하려면 Adobe ID로 로그인하십시오.</val>
			</str>
			<str name="Subsequent" translate="yes">
				<val>이제 시험 버전이 Adobe ID {0}(으)로 등록됩니다.</val>
			</str>
			<set name="TnC">
				<str name="Title" translate="yes">
					<val>시험 버전 소프트웨어에 대한 약관.</val>
				</str>
				<str name="Paragraph1" translate="yes">
					<val>사용자에게 맞춤형 내용을 제공하기 위해 추가 정보를 제공하도록 요청하는 경우가 있습니다. 이 사용자 정의 내용은 언제든 시험판 화면에 있는 [개인 정보 설정]으로 이동하여 끌 수 있습니다.</val>
				</str>
				<str name="Paragraph2" translate="yes">
					<val>Adobe에서 제품 사용과 관련하여 수집하는 데이터, 그리고 관심사에 맞춘 마케팅 방법을 비롯하여 수집된 데이터가 어떻게 사용되는지 자세한 내용을 보려면 {0}여기{1}를 클릭하고 {2}Adobe 온라인 개인 정보 보호 정책{3}을 참조하십시오.</val>
				</str>
			</set>
			<set name="EntitlementInTrial">
				<str name="Title" translate="yes">
					<val>유효한 라이선스 찾음</val>
				</str>
				<str name="Para1" translate="yes">
					<val>시험 버전을 선택하셨지만 Adobe ID {0}에 대해 소프트웨어 정식 버전에 액세스하셨습니다. 설치가 끝나면 라이선스를 받은 소프트웨어를 즐기시기 바랍니다.</val>
				</str>
				<str name="Para2" translate="yes">
					<val>설치하려면 [계속]을 누르십시오.</val>
				</str>
				<str name="DiffAdobeID" translate="yes">
					<val>다른 Adobe ID가 있으십니까?</val>
				</str>
			</set>						
		</set>
		<set name="Serial">
			<str name="Paragraph1" translate="yes">
				<val>{0}의 일련 번호가 확인되었습니다.</val>
			</str>
			<str name="Paragraph2" translate="yes">
				<val>이 제품을 설치하고 Adobe ID에 등록하려면 로그인이 필요합니다. Adobe ID를 사용하여 일련 번호와 Adobe Creative Cloud 및 Adobe.com/kr 커뮤니티에 쉽게 액세스할 수 있습니다.</val>
			</str>
			<str name="SubsequentParagraph3" translate="yes">
				<val>귀하는 Adobe ID {0}으(로) 로그인됩니다.</val>
			</str>
		</set>
		<set name="MBLS">
			<str name="Paragraph1" translate="yes">
				<val>이 제품을 설치하려면 Adobe ID로 로그인해야 합니다. Adobe ID를 사용하면 Adobe 호스팅 온라인 서비스 및 Adobe.com 커뮤니티에 쉽게 액세스할 수 있습니다.</val>
			</str>
			<set name="Offline">
				<str name="Title" translate="yes">
					<val>인터넷에 연결하고 다시 시도하십시오.</val>
				</str>
				<set name="Install">
					<str name="Paragraph1" translate="yes">
						<val>구독을 시작하려면 인터넷에 연결해야 합니다. 구독이 있는 경우 인터넷에 연결하고 [다시 시도]를 선택하십시오.</val>
					</str>
					<str name="Paragraph2" translate="yes">
						<val>시리얼 번호를 가지고 있지만, 현재 인터넷에 연결할 수 없는 경우, [나중에 연결]을 선택해 주십시오. 시리얼 번호 확인은 7일 이내에 해주셔야 합니다. 그렇지 않으면 소프트웨어가 작동하지 않게 됩니다. 이 컴퓨터를 인터넷에 연결할 수 없는 경우, 인터넷 연결이 가능한 다른 기기를 사용하여 {0}에서 자세한 정보를 확인하십시오.</val>
					</str>
				</set>
				<set name="Trial">
					<str name="Paragraph1" translate="yes">
						<val>귀하의 컴퓨터가 오프라인 상태여서 연결 오류가 발생한 것 같습니다. 계속하려면 인터넷 연결이 필요합니다. 인터넷에 연결하고 다시 시도하십시오. 문제가 지속될 경우 {0}고객 지원{1}으로 문의해 주십시오.</val>
					</str>
				</set>
			</set>
		</set>
		<str name="NotYou" translate="yes">
			<val>(귀하의 Adobe ID가 아닌가요?)</val>
		</str>
		<set name="Subscription">
			<set name="FirstTime">
				<str name="Paragraph" translate="yes">
					<val>구독에 액세스하기 위해 Adobe ID로 로그인합니다.</val>
				</str>
			</set>
			<set name="Subsequent">
				<str name="Title" translate="yes">
					<val>구독 확인</val>
				</str>
				<str name="Paragraph" translate="yes">
					<val>Adobe ID {0}을(를) 사용하여 구독을 확인하십시오.</val>
				</str>
				<str name="Paragraph2" translate="yes">
					<val>원하는 응용 프로그램을 모두 받았는지 확인하십시오.</val>
				</str>
			</set>
			<set name="EntitlementCallScrim">
				<str name="WaitAMoment" translate="yes">
					<val>잠시 기다려 주십시오...</val>
				</str>
			</set>
			
			<set name="OfflineScrim">
				<str name="Title" translate="yes">
					<val>구독을 시작하려면 인터넷에 연결해야 합니다.</val>
				</str>
				<str name="Message" translate="yes">
					<val>인터넷에 연결되어 있는지 확인하고 다시 시도하십시오. 이 문제가 계속되면 {0}Adobe 고객 서비스{1}에 문의하십시오.</val>
				</str>
			</set>
			
			<set name="NoSubscriptionFound">
	        	<str name="Title" translate="yes">
	        		<val>구독을 찾을 수 없음</val>
	        	</str>
	        	<str name="ParagraphOneText" translate="yes">
	        		<val>이 Adobe ID와 연결된 {0}{1}{2} 구독을 찾을 수 없습니다. {3}새 구독{4}을 구매하거나 [뒤로]를 클릭하여 다른 Adobe ID를 입력할 수 있습니다. 구독이 있는데 액세스할 수 없는 경우 {5}고객 지원{6}에 문의하십시오.</val>
	        	</str>
	        	<str name="ParagraphTwoText" translate="yes">
	        		<val>{0}다시 시작{1}을 클릭하여 시험 버전으로 설치하거나 유효한 일련 번호로 설치하도록 선택할 수도 있습니다.</val>	
	        	</str>
	        </set>
		</set>
	</set>
	
	<set name="InstallOptions">
		<str name="Title" translate="yes">
			<val>옵션</val>
		</str>
		<str name="SelectAppInfo" translate="yes">
			<val>옵션을 사용자 정의할 제품 이름을 클릭하십시오.</val>
		</str>
		<str name="NoComponentInfo" translate="yes">
			<val>사용자 정의할 구성 요소가 없습니다.</val>
		</str>
		<str name="Components" translate="yes">
			<val>{0} 구성 요소</val>
		</str>
		<str name="TotalInstall" translate="yes">
			<val>총 설치: {0}</val>
		</str>
		<str name="Language" translate="yes">
			<val>언어:</val>
		</str>
		<str name="Location" translate="yes">
			<val>위치:</val>
		</str>
		<str name="Available" translate="yes">
			<val>{0} 사용 가능</val>
		</str>
		<str name="SpaceRequired" translate="yes">
			<val>필요한 공간: {0}</val>
		</str>
		<str name="SpaceWarning" translate="yes">
			<val>필요한 공간: {0}, 사용 가능: {1}</val>
		</str>
        <str name="InsufficientDiskSpace" translate="yes">
			<val>이 설치를 완료하는 데 필요한 디스크 공간이 부족합니다.</val>
        </str>
		<str name="DefaultDriveWarning" translate="yes">
			<val>일부 파일은 {0}에도 설치됩니다.</val>
		</str>
		
		<set name="PayloadError">
			<str name="TrialInstall" translate="yes">
				<val>이 제품이 시험 버전으로 설치됩니다.</val>
			</str>
			<str name="LicensedInstall" translate="yes">
				<val>이 소프트웨어의 라이선스 사본이 설치됩니다.</val>
			</str>
			<str name="AlreadyInstalled" translate="yes">
				<val>이 제품의 이전 설치가 발견되었습니다. 이 제품이 원래 위치에 설치됩니다.</val>
			</str>
			<set name="SystemRequirements">
				<set name="OS">
					<str name="Header" translate="yes">
						<val>OS 요구 사항이 충족되지 않았습니다.</val>
					</str>
					<str name="CurrentOS" translate="yes">
						<val>- 현재 OS: {0} {1}</val>
					</str>
					<str name="MacRecommended" translate="yes">
						<val>- Mac OS {0} 이상을 권장합니다.</val>
					</str>
					<str name="MacServer" translate="yes">
						<val>- Mac Server를 권장합니다.</val>
					</str>
					<str name="WinNotRecommended" translate="yes">
						<val>- {0}을(를) 권장하지 않습니다.</val>
					</str>
					<str name="SPRecommended" translate="yes">
						<val>- 서비스 팩 {0}을(를) 권장합니다.</val>
					</str>
					<str name="64BitRecommended" translate="yes">
						<val>- 64비트 OS를 권장합니다.</val>
					</str>
					<str name="32BitRecommended" translate="yes">
						<val>- 32비트 OS를 권장합니다.</val>
					</str>
					<str name="MacRequired" translate="yes">
						<val>- Mac OS {0} 이상이 필요합니다.</val>
					</str>
					<str name="MacServerRequired" translate="yes">
						<val>- Mac Server가 필요합니다.</val>
					</str>
					<str name="WinNotRequired" translate="yes">
						<val>- {0} 지원되지 않음.</val>
					</str>
					<str name="SPRequired" translate="yes">
						<val>- Service Pack {0}이(가) 필요합니다.</val>
					</str>
					<str name="64BitRequired" translate="yes">
						<val>- 64비트 OS가 필요합니다.</val>
					</str>
					<str name="32BitRequired" translate="yes">
						<val>- 32비트 OS가 필요합니다.</val>
					</str>
				</set>
				<str name="RAM" translate="yes">
					<val>{0} RAM을 권장합니다.</val>
				</str>
				<str name="CPU" translate="yes">
					<val>CPU 요구 사항이 충족되지 않았습니다.</val>
				</str>
				<str name="ScreenResolution" translate="yes">
					<val>{0}x{1} 이상의 화면 해상도를 권장합니다.</val>
				</str>
				<str name="Footer" translate="yes">
					<val>자세한 내용을 보려면 경고 아이콘을 클릭하십시오.</val>
				</str>
			</set>
			<str name="Conflicting" translate="yes">
				<val>{0}의 충돌 또는 시험판 버전이 컴퓨터에 존재합니다. 설치하기 전에 현재 미디어에서 충돌 버전을 제거해야 합니다.</val>
			</str>
			<str name="AlreadyUpgraded" translate="yes">
				<val>이 제품의 최신 버전이 이미 설치되어 있습니다.</val>
			</str>
			<str name="Language" translate="yes">
				<val>선택한 언어는 지원되지 않습니다.</val>
			</str>
			<str name="RequiredDisabled" translate="yes">
				<val>필수 구성 요소가 비활성화됨</val>
			</str>
		</set>
		
		<set name="InstallPathError">
			<str name="LongPath" translate="yes">
				<val>선택한 설치 경로가 너무 깁니다.</val>
			</str>
			<str name="RootDrive" translate="yes">
				<val>루트 드라이브 위치에는 설치할 수 없습니다.</val>
			</str>
			<str name="RemovableDrive" translate="yes">
				<val>이동식 플래시 드라이브에는 설치할 수 없습니다.</val>
			</str>
			<str name="MappedDrive" translate="yes">
				<val>매핑된 네트워크 드라이브에는 설치할 수 없습니다.</val>
			</str>
			<str name="CaseSensitive" translate="yes">
				<val>대/소문자 구분 볼륨에는 설치할 수 없습니다.</val>
			</str>
			<str name="LockedPath" translate="yes">
				<val>잠긴 위치에는 설치할 수 없습니다.</val>
			</str>
			<str name="Generic" translate="yes">
				<val>선택한 위치에는 설치할 수 없습니다.</val>
			</str>
		</set>
		
		<set name="WorkflowNeedClose">
			<str name="Title" translate="yes">
				<val>경고</val>
			</str>
			<str name="Message" translate="yes">
				<val>Adobe Application Manager의 다른 인스턴스가 실행 중입니다. 계속하려면 이러한 인스턴스를 닫아야 합니다.</val>
			</str>
		</set>
	</set>
	
	<set name="UninstallOptions">
		<str name="Title" translate="yes">
			<val>제거 옵션</val>
		</str>
		<str name="RemovePreferences" translate="yes">
			<val>환경 설정 제거</val>
		</str>
		<str name="ToolTipInfo" translate="yes">
			<val>선택한 제품의 알림, 경고, 보고 또는 다른 모든 환경 설정을 제거합니다.</val>
		</str>
	</set>
	
	<set name="Progress">
		<str name="MinutesRemaining" translate="yes">
			<val>약 {0}분 남음</val>
		</str>
		<str name="MinuteRemaining" translate="yes">
			<val>약 {0}분 남음</val>
		</str>
		<str name="LTMinuteRemaining" translate="yes">
			<val>1분 미만 남음</val>
		</str>
		<str name="PctComplete" translate="yes">
			<val>({0}% 완료)</val>
		</str>
		
		<set name="ConflictingProcess">
			<str name="Title" translate="yes">
				<val>계속하려면 다음 응용 프로그램을 닫으십시오.</val>
			</str>
			<str name="SubText1" translate="yes">
				<val>(응용 프로그램을 닫은 후에도 이 메시지가 나타나는 경우 일부 프로세스가 아직 백그라운드로 실행 중일 수 있습니다. 백그라운드 프로세스를 종료하는 방법에 대해 {0}자세히 알아보십시오{1}.)</val>
			</str>
			<str name="BackgroundProcessesLink" translate="yes">
				<val>http://www.adobe.com/go/learn_bgprocesses_kr</val>
			</str>
			<str name="SubText2" translate="yes">
				<val>닫아야 하는 응용 프로그램 목록:</val>
			</str>
		</set>
		
		<set name="DiskPrompt">
			<str name="Title" translate="yes">
				<val>계속하려면 디스크 {0}을(를) 삽입하십시오.</val>
			</str>
		</set>
		
		<set name="Install">
			<str name="Title" translate="yes">
				<val>설치</val>
			</str>
			<str name="Preparing" translate="yes">
				<val>설치 준비 중...</val>
			</str>
			<str name="Currently" translate="yes">
				<val>현재 {0} 설치 중</val>
			</str>
			<str name="Confirmation" translate="yes">
				<val>설치를 취소하시겠습니까?</val>
			</str>
			
			<str name="AdministratorPrivileges" translate="yes">
				<val>설치하려면 관리자 권한이 필요합니다. 관리자로 로그인하십시오.</val>
			</str>
		</set>
		<set name="Uninstall">
			<str name="Title" translate="yes">
				<val>제거</val>
			</str>
			<str name="Preparing" translate="yes">
				<val>제거 준비 중...</val>
			</str>
			<str name="Currently" translate="yes">
				<val>현재 {0} 제거 중</val>
			</str>
			<str name="Confirmation" translate="yes">
				<val>제거를 취소하시겠습니까?</val>
			</str>
			
			<str name="AdministratorPrivileges" translate="yes">
				<val>제거하려면 관리자 권한이 필요합니다. 관리자로 로그인하십시오.</val>
			</str>
		</set>
	</set>
	
	<set name="Success">
		<set name="Install">
			<str name="Title" translate="yes">
				<val>설치 완료</val>
			</str>
			<str name="MyAdobeLink" translate="yes">
				<val>http://www.adobe.com/go/adobemembership_kr</val>
			</str>
			<str name="Link1Text" translate="yes">
				<val>내 Adobe</val>
			</str>
			<str name="Link1" translate="yes">
				<val>http://www.adobe.com/go/adobemembership_kr</val>
			</str>
			<str name="Link2Text" translate="yes">
				<val>비디오 자습서</val>
			</str>
			<str name="Link2" translate="yes">
				<val>http://www.adobe.com/go/adobetv_howto_kr</val>
			</str>
			<str name="AdditionalInfo" translate="yes">
				<val>이 Adobe 소프트웨어나 다른 정품 Adobe 소프트웨어를 관리하려면 {0}(으)로 이동하십시오.</val>
			</str>
			<str name="BtnLblLaunchNow" translate="yes">
				<val>지금 시작</val>
			</str>
			<str name="BtnLblClose" translate="yes">
				<val>닫기</val>
			</str>
			<set name="PP">
				<str name="CompletedText" translate="yes">
					<val>{0}이(가) 설치되었고 사용할 준비가 되었습니다.</val>
				</str>
				<str name="RestartText" translate="yes">
				<val>시스템을 다시 시작한 다음 사용하는 것이 좋습니다.</val>
				</str>
			</set>
			<set name="Suite">
				<str name="CompletedText" translate="yes">
					<val>이러한 응용 프로그램을 사용할 준비가 되었습니다.</val>
				</str>
				<str name="RestartText" translate="yes">
				<val>이 중 일부 프로그램은 시스템을 다시 시작한 다음 사용하는 것이 좋습니다.</val>
				</str>
			</set>
		</set>
		
		<set name="Uninstall">
			<str name="Title" translate="yes">
				<val>제거 완료</val>
			</str>
			<str name="RestartText" translate="yes">
				<val>시스템을 재시작하십시오.</val>
			</str>
			<set name="PP">
				<str name="CompletedText" translate="yes">
					<val>{0}이(가) 제거되었습니다.</val>
				</str>
			</set>
			<set name="Suite">
				<str name="CompletedText" translate="yes">
					<val>다음 응용 프로그램이 제거되었습니다.</val>
				</str>
			</set>
		</set>
	</set>
	
    <set name="DoneWithError">
	    <set name="Install">
	        <str name="Title" translate="yes">
	            <val>설치 완료</val>
	        </str>
	        <str name="CompleteText" translate="yes">
	            <val>설치가 완료되었고 이러한 응용 프로그램을 사용할 준비가 되었습니다.</val>
	        </str>
	        <str name="IncompleteWarning" translate="yes">
	            <val>다음 제품의 일부 항목을 설치하지 못했습니다.</val>
	        </str>
			<set name="PP">
				<str name="RestartText" translate="yes">
					<val>시스템을 다시 시작한 다음 사용하는 것이 좋습니다.</val>
				</str>
			</set>
			<set name="Suite">
				<str name="RestartText" translate="yes">
					<val>이 중 일부 프로그램은 시스템을 다시 시작한 다음 사용하는 것이 좋습니다.</val>
				</str>
			</set>
			<set name="Cancelled">
		        <str name="Title" translate="yes">
		            <val>설치가 취소됨</val>
		        </str>
		        <str name="CompleteText" translate="yes">
	            	<val>그러나 취소 단추를 누르기 전에 다음과 같은 응용 프로그램이 설치되었습니다. 이러한 응용 프로그램을 수동으로 제거하도록 선택할 수 있습니다.</val>
		        </str>
	        </set>
            <str name="DiskSpaceText" translate="yes">
                <val>디스크 공간이 부족합니다. 필요 없는 항목을 지운 다음 다시 설치하십시오.</val>
            </str>
		</set>
	    <set name="Uninstall">
	        <str name="Title" translate="yes">
	            <val>제거 완료</val>
	        </str>
	        <str name="CompleteText" translate="yes">
	            <val>다음 응용 프로그램이 제거되었습니다</val>
	        </str>
	        <str name="IncompleteWarning" translate="yes">
	            <val>일부 구성 요소를 제거하지 못했습니다.</val>
	        </str>
	        <str name="CleanerToolText" translate="yes">
            	<val>{0}Cleaner Tool{1}을 다운로드하고 실행하여 완벽한 정리를 수행할 수 있습니다.</val>
        </str>
	    </set>
    </set>

    <set name="Failure">
	    <set name="Install">
	        <str name="Title" translate="yes">
	            <val>설치 실패</val>
	        </str>
	        <str name="WarningText" translate="yes">
	            <val>설치하는 동안 오류가 발생했습니다.</val>
	        </str>
			<str name="InitializeTroubleshootingTips" translate="yes">
			    <val>추가 문제 해결 팁:{0}1. 컴퓨터를 재시작합니다.{0}2. 시작 항목, 바이러스 검사 및 방화벽 소프트웨어를 포함한 모든 응용 프로그램을 종료합니다.{0}3. 설치 관리자를 시작하고 응용 프로그램을 제거합니다.</val>
            </str>
			<str name="TroubleshootingTips" translate="yes">
			    <val>추가 문제 해결 팁:{0}1. 컴퓨터를 재시작합니다.{0}2. 시작 항목, 바이러스 검사 및 방화벽 소프트웨어를 포함한 모든 응용 프로그램을 종료합니다.{0}3. 이 창을 닫고 설치 관리자를 다시 시작하여 응용 프로그램을 재설치합니다.</val>
            </str>
	        
	        <set name="Cancelled">
		        <str name="Title" translate="yes">
		            <val>설치가 취소됨</val>
		        </str>
		        <str name="WarningText" translate="yes">
		            <val>설치가 취소되었습니다. 나중에 다시 시도하십시오.</val>
		        </str>
	        </set>
	        
	        <set name="AGVFailure">
		        <str name="WarningText" translate="yes">
		            <val>Adobe 정품 소프트웨어 확인 실패</val>
		        </str>
		        <str name="ParagraphOneText" translate="yes">
					<val>설치하려는 제품이 Adobe 정품 소프트웨어가 아니라 불법 복제품인 것 같습니다. {0}저작권 침해를 신고{1}하거나 {2}고객 지원{3}에 문의하여 추가 지원을 받으십시오.</val>
		        </str>
		        <str name="ReportPiracyLink" translate="yes">
		            <val>http://www.adobe.com/go/reportpiracy_kr</val>
		        </str>
	        </set>
	        
	        <set name="SyncFail">
	            <str name="WarningText" translate="yes">
	                <val>설치 관리자 데이터베이스에 일관성이 없습니다. 컴퓨터를 재시작하고 다시 설치하십시오.</val>
	            </str>
	        </set>
	        
	        <set name="MSIRunning">
	            <str name="ParagraphOneText" translate="yes">
	                <val>다른 설치 프로그램이 현재 실행 중입니다. 이 제품을 설치하기 전에 이 설치 프로그램을 닫아야 합니다. 다른 설치 프로그램을 닫으십시오.</val>
	            </str>
	        </set>
	        
	        <set name="DiskSpace">
	            <str name="ParagraphOneText" translate="yes">
	                <val>디스크 공간이 부족합니다. 필요 없는 항목을 지운 다음 다시 설치하십시오.</val>
	            </str>
	        </set>
	    </set>
	    
	    <set name="Uninstall">
	        <str name="Title" translate="yes">
	            <val>제거 실패</val>
	        </str>
	        <str name="WarningText" translate="yes">
	            <val>제거하는 동안 오류가 발생했습니다.</val>
	        </str>
			<str name="InitializeTroubleshootingTips" translate="yes">
			    <val>문제 해결 팁:{0}1. 컴퓨터를 재시작합니다.{0}2. 시작 항목, 바이러스 검사 및 방화벽 소프트웨어를 포함한 모든 응용 프로그램을 종료합니다.{0}3. 다시 제거합니다.</val>
            </str>
	        <str name="TroubleshootingTips" translate="yes">
			    <val>추가 문제 해결 팁:{0}1. 컴퓨터를 재시작합니다.{0}2. 시작 항목, 바이러스 검사 및 방화벽 소프트웨어를 포함한 모든 응용 프로그램을 종료합니다.{0}3. 다시 제거합니다.</val>
            </str>
            <str name="CleanerToolText" translate="yes">
            	<val>또한 {0}Cleaner Tool{1}을 다운로드하고 실행할 수 있습니다.</val>
        	</str>
        	<str name="MSIRunning" translate="yes">
	            <val>다른 설치 프로그램이 현재 실행 중입니다. 이 제품을 제거하기 전에 해당 설치 프로그램을 닫아야 합니다. 다른 설치 프로그램을 닫으십시오.</val>
	        </str> 	        
	    </set>
	    
        <set name="InitializationFailed">
            <str name="Paragraph1" translate="yes">
                <val>설치 관리자를 초기화하지 못했습니다. 누락된 파일 때문일 수 있습니다.</val>
            </str>
        </set>
        
        <set name="ConflictingPayload">
            <str name="Paragraph1" translate="yes">
                <val>{0}의 충돌 또는 시험판 버전이 컴퓨터에 존재합니다. 설치하기 전에 현재 미디어에서 충돌 버전을 제거해야 합니다.</val>
            </str>
        </set>
        
        <set name="x64BitOn32Bit">
            <str name="Paragraph1" translate="yes">
                <val>이 제품은 64비트 시스템에만 설치할 수 있습니다.</val>
            </str>
        </set>
    </set>
    
	<set name="Common">
		<str name="DefaultProductName" translate="yes">
			<val>Adobe 제품</val>
		</str>
		<str name="QuitConfirmation" translate="yes">
            <val>종료하시겠습니까?</val>
        </str>
		
        <str name="ErrorSummaryText" translate="yes">
            <val>{0}오류 요약{1} 파일을 보시면 문제를 파악하는 데 도움이 됩니다.</val>
        </str>
        <str name="CustomerSupportText" translate="yes">
            <val>문제가 계속되면 {0}고객 지원{1}에 문의하여 추가 지원을 받으십시오.</val>
        </str>
        <str name="CustomerSupportLink" translate="yes">
            <val>http://www.adobe.com/go/customer_support_kr</val>
        </str>
        <str name="NewSubscriptionLink" translate="yes">
        	<val>http://www.adobe.com/go/products_kr</val>
        </str>
        <str name="CleanerToolLink" translate="yes">
            <val>http://www.adobe.com/go/cscleanertool_kr</val>
        </str>
        
        <str name="SystemRequirementsLink" translate="yes">
            <val>http://www.adobe.com/go/cs_systemreqs_kr</val>
        </str>

		<str name="PrivacyPortalLink" translate="yes">
			<val>http://www.adobe.com/go/adobe_privacy_portal_kr</val>
		</str>
		
		<str name="PrivacyPolicyLink" translate="yes">
			<val>http://www.adobe.com/go/privacy_kr</val>
		</str>
		<str name="GetActivated" translate="yes">
			<val>http://www.adobe.com/go/getactivated_kr</val>
		</str>
		<str name="GB" translate="yes">
			<val>GB</val>
		</str>
		<str name="MB" translate="yes">
			<val>MB</val>
		</str>
		<str name="KB" translate="yes">
			<val>KB</val>
		</str>
		<str name="decimalSeparator" translate="yes">
			<val>.</val>
		</str>
		<str name="commaSeparator" translate="yes">
			<val>,</val>
		</str>
	</set>
	
	<set name="OSName">
		<str name="6.2.1" translate="no"><val>Windows Server 2012</val></str>
		<str name="6.2.0" translate="no"><val>Windows 8</val></str>
		<str name="Win8" translate="no"><val>Windows 8</val></str>
		<str name="Win7" translate="no"><val>Windows 7</val></str>
		<str name="Server2008R2" translate="no"><val>Windows Server 2008 R2</val></str>
		<str name="Vista" translate="no"><val>Windows Vista</val></str>
		<str name="Server2008" translate="no"><val>Windows Server 2008</val></str>
		<str name="Server2003" translate="no"><val>Windows Server 2003</val></str>
		<str name="XP" translate="no"><val>Windows XP</val></str>
		<str name="2000" translate="no"><val>Windows 2000</val></str>
		<str name="ME" translate="no"><val>Windows ME</val></str>
		<str name="98" translate="no"><val>Windows 98</val></str>
		<str name="NT4.0" translate="no"><val>Windows NT 4.0</val></str>
		<str name="95" translate="no"><val>Windows 95</val></str>
		<str name="UNKNOWN" translate="no"><val>Windows</val></str>
	</set>
	
	<set name="isoToLanguage">
		<str name="en_US" translate="no"><val>English (North America)</val></str>
		<str name="en_GB" translate="no"><val>English (International)</val></str>
		<str name="en_INT" translate="no"><val>English (International)</val></str>
		<str name="en_AE" translate="no"><val>English يدعم العربية</val></str>
		<str name="en_IL" translate="no"><val>English תומך עברית</val></str>
		<str name="en_XC" translate="no"><val>English (Central Europe)</val></str>
		<str name="en_XM" translate="no"><val>English (Middle East)</val></str>
		
		<str name="fr_FR" translate="no"><val>Français</val></str>
		<str name="fr_CA" translate="no"><val>Français (Canada)</val></str>
		<str name="fr_MA" translate="no"><val>Français (Maroc)</val></str>
		<str name="fr_XM" translate="no"><val>Français (Moyen-Orient)</val></str>
		
		<str name="es_ES" translate="no"><val>Español</val></str>
		<str name="es_MX" translate="no"><val>Español (América Latina)</val></str>
		<str name="es_LA" translate="no"><val>Español de América Latina</val></str>
		<str name="es_NA" translate="no"><val>Español Norteamericano</val></str>
		<str name="es_QM" translate="no"><val>Español (Middle East)</val></str>
		
		<str name="ar_AE" translate="no"><val>العربية</val></str>
		<str name="bg_BG" translate="no"><val>Български</val></str>
		<str name="lv_LV" translate="no"><val>Latviešu</val></str>
		<str name="et_EE" translate="no"><val>Eesti</val></str>
		<str name="hr_HR" translate="no"><val>hrvatski</val></str>
		<str name="sl_SI" translate="no"><val>slovenščina</val></str>
		<str name="sk_SK" translate="no"><val>slovenčina</val></str>
		<str name="th_TH" translate="no"><val>ภาษาไทย</val></str>
		<str name="vi_VN" translate="no"><val>Việt</val></str>
		<str name="sq_AL" translate="no"><val>Shqip</val></str>
		<str name="ar_SA" translate="no"><val>العربية</val></str>
		<str name="be_BY" translate="no"><val>Беларуская</val></str>
		<str name="ca_ES" translate="no"><val>Català</val></str>
		<str name="hi_IN" translate="no"><val>हिन्दी</val></str>
		<str name="is_IS" translate="no"><val>Íslenska</val></str>
		<str name="lt_LT" translate="no"><val>Lietuvių</val></str>
		<str name="mk_MK" translate="no"><val>македонски</val></str>
		<str name="nn_NO" translate="no"><val>Norsk (Nynorsk)</val></str>
		<str name="pt_PT" translate="no"><val>Português de Portugal</val></str>
		<str name="sh_YU" translate="no"><val>Srpsko-Hrvatski</val></str>
		<str name="sr_YU" translate="no"><val>Cрпски</val></str>
		<str name="kk_KZ" translate="no"><val>Қазақ</val></str>
		<str name="az_AZ" translate="no"><val>Azərbaycan dili</val></str>
		<str name="no_NO" translate="no"><val>Norwegian</val></str>
		<str name="cs_CZ" translate="no"><val>česky</val></str>
		<str name="de_DE" translate="no"><val>Deutsch</val></str>
		<str name="el_GR" translate="no"><val>Ελληνικά</val></str>
		<str name="he_IL" translate="no"><val>עברית</val></str>
		<str name="hu_HU" translate="no"><val>magyar</val></str>
		<str name="it_IT" translate="no"><val>Italiano</val></str>
		<str name="ja_JP" translate="no"><val>日本語</val></str>
		<str name="ko_KR" translate="no"><val>한국어</val></str>
		<str name="nl_NL" translate="no"><val>Nederlands</val></str>
		<str name="pl_PL" translate="no"><val>polski</val></str>
		<str name="ro_RO" translate="no"><val>Română</val></str>
		<str name="ru_RU" translate="no"><val>русский</val></str>
		<str name="sv_SE" translate="no"><val>Svenska</val></str>
		<str name="tr_TR" translate="no"><val>Türkçe</val></str>
		<str name="uk_UA" translate="no"><val>українська</val></str>
		<str name="zh_CN" translate="no"><val>简体中文</val></str>
		<str name="zh_TW" translate="no"><val>繁體中文</val></str>
		<str name="da_DK" translate="no"><val>Dansk</val></str>
		<str name="fi_FI" translate="no"><val>suomi</val></str>
		<str name="nb_NO" translate="no"><val>Norsk (Bokmål)</val></str>
		<str name="pt_BR" translate="no"><val>Português do Brasil</val></str>
	</set>

</asf>
