<?xml version='1.0' encoding='utf-8'?>
<!DOCTYPE asf SYSTEM "http://ns.adobe.com/asf/asf_1_0.dtd" >
<asf xmlns="http://ns.adobe.com/asf" locale="fr_FR" version="1.0">
	<set name="install">
		<str name="next" translate="yes">
			<val>SUIVANT</val>
		</str>
		<str name="back" translate="yes">
			<val>RETOUR</val>
		</str>
		<str name="exit" translate="yes">
			<val>QUITTER</val>
		</str>
		<str name="quit" translate="yes">
			<val>QUITTER</val>
		</str>
		<str name="stop" translate="yes">
			<val>ARRETER</val>
		</str>
		<str name="continue" translate="yes">
			<val>CONTINUER</val>
		</str>
		<str name="cancel" translate="yes">
			<val>ANNULER</val>
		</str>
		<str name="tryAgain" translate="yes">
			<val>REESSAYER</val>
		</str>
		<str name="decline" translate="yes">
			<val>REFUSER</val>
		</str>
		<str name="accept" translate="yes">
			<val>ACCEPTER</val>
		</str>			
		<str name="create" translate="yes">
			<val>CREER UN ID ADOBE</val>
		</str>			
		<str name="info" translate="yes">
			<val>Plus d’infos</val>
		</str>
		<str name="done" translate="yes">
			<val>TERMINÉ</val>
		</str>
		<str name="install" translate="yes">
			<val>INSTALLER</val>
		</str>			
		<str name="uninstall" translate="yes">
			<val>DESINSTALLER</val>
		</str>			
		<str name="btnOK" translate="yes">
			<val>OK</val>
		</str>
		<str name="yes" translate="yes">
			<val>OUI</val>
		</str>
		<str name="no" translate="yes">
			<val>NON</val>
		</str>
		<str name="subscriptionEdition" translate="no">
			<val>Subscription Edition</val>
		</str>
	</set>
	
	<set name="welcome">
		<str name="welcome" translate="yes">
			<val>Bienvenue</val>
		</str>
		<str name="product" translate="yes">
			<val>d’installation pour {0}</val>
		</str>
		<str name="view" translate="yes">
			<val>Afficher en :</val>
		</str>
		<str name="license" translate="yes">
			<val>Contrat de licence du logiciel Adobe</val>
		</str>
		<str name="sure" translate="yes">
			<val>Voulez-vous vraiment quitter ?</val>
		</str>
		<str name="AppTitleInstall" translate="yes">
			<val>Programme d’installation - {0}</val>
		</str>
		<str name="AppTitleUninstall" translate="yes">
			<val>Programme de désinstallation pour {0}</val>
		</str>
	</set>
	
	<set name="serial">
		<str name="welcome" translate="yes">
			<val>Saisissez le numéro de série.</val>
		</str>
		<str name="serial" translate="yes">
			<val>Saisissez un numéro de série.</val>
		</str>
		<str name="trial" translate="yes">
			<val>Installez la version d’évaluation de ce produit.</val>
		</str>
		<str name="lang" translate="yes">
			<val>Langue :</val>
		</str>
		<str name="license" translate="yes">
			<val>Ce numéro de série s'appliquera à {0}.</val>
		</str>
		<str name="selectLang" translate="yes">
			<val>Choisir une langue</val>
		</str>
		<str name="locateTT" translate="yes">
			<val>Le numéro de série est situé au dos du boîtier de votre DVD, sur votre certificat de licence Adobe Open Options (achats en quantité uniquement) ou dans l’e-mail que vous avez reçu de la boutique Adobe (achats par téléchargement uniquement).</val>
		</str>
		<str name="invalid" translate="yes">
			<val>Le numéro de série saisi est incorrect pour ce produit.</val>
		</str>
		<str name="also" translate="yes">
			<val>Vous pourrez entrer un numéro de série pour convertir la version d'évaluation.</val>
		</str>
		<str name="agree" translate="yes">
			<val>Conformément au Contrat de licence du logiciel, le logiciel fera une tentative automatique d'activation sur Internet. Pour en savoir plus, rendez-vous sur {0}www.adobe.com/activation{1}.</val>
		</str>
		<str name="agreeLink" translate="yes">
			<val>http://www.adobe.com/go/activation_ca_fr</val>
		</str>
		<str name="progressMessage" translate="yes">
			<val>Vérification des informations de votre abonnement...</val>
		</str>
	</set>
	
	<set name="options">
		<str name="title" translate="yes">
			<val>Options d’installation</val>
		</str>
		<str name="unTitle" translate="yes">
			<val>Options de désinstallation</val>
		</str>
		<str name="unInstruct" translate="yes">
			<val>Si vous choisissez de désinstaller l’ensemble du produit, vous pouvez également désactiver le numéro de série.</val>
		</str>
		<str name="total" translate="yes">
			<val>Installation complète :</val>
		</str>
		<str name="all" translate="yes">
			<val>Tous les composants</val>
		</str>
		<str name="loc" translate="yes">
			<val>Emplacement :</val>
		</str>
		<str name="deactivate" translate="yes">
			<val>Désactiver</val>
		</str>
		<str name="deactivateTooltip1" translate="yes">
			<val>La désactivation vous permet d'activer votre produit Adobe sur un autre ordinateur, à condition que vous respectiez le Contrat de licence du logiciel. Vérifiez que vous êtes connecté à Internet avant de procéder à la désactivation.</val>
		</str>
		<str name="deactivateTooltip2" translate="yes">
			<val>Vous ne pouvez pas désactiver de composant individuel sur un produit Adobe sous licence. Si vous souhaitez installer et activer votre produit Adobe sur un autre ordinateur, commencez par désinstaller et désactiver l'ensemble du produit sur cet ordinateur.</val>
		</str>
		<str name="remove" translate="yes">
			<val>Supprimer les préférences</val>
		</str>
		<str name="select" translate="yes">
			<val>Cliquez sur un nom de produit pour personnaliser les options</val>
		</str>
		<str name="include" translate="yes">
			<val>Comprend :</val>
		</str>
		<str name="decimalSeparator" translate="yes">
			<val>,</val>
		</str>
		<str name="commaSeparator" translate="yes">
			<val>,</val>
		</str>
		<str name="browse" translate="yes">
			<val>Sélectionner l’emplacement de l’installation</val>
		</str>
		<str name="reqs" translate="yes">
			 <val>Le système ne remplit pas les conditions minimales requises. {0}Plus d'infos...{1}</val>
		</str>
		<str name="more" translate="yes">
			<val>Plus</val>
		</str>		
		<str name="morelink" translate="yes">
			<val>http://www.adobe.com/go/cs_systemreqs_ca_fr</val>
		</str>
		<str name="infolink" translate="yes">
			<val>http://www.adobe.com/go/cs_shared_components_ca_fr</val>
		</str>
		<str name="available" translate="yes">
			<val>disponibles</val>
		</str>
		<str name="recommend" translate="yes">
			<val>Recommandé par :</val>
		</str>	
		<str name="required" translate="yes">
			<val>Requis par :</val>
		</str>
		<str name="GB" translate="yes">
			<val>Go</val>
		</str>
		<str name="MB" translate="yes">
			<val>Mo</val>
		</str>
		<str name="KB" translate="yes">
			<val>Ko</val>
		</str>
		<str name="already" translate="yes">
			<val>Déjà installé</val>
		</str>
		
		<str name="again" translate="yes">
			<val>Si vous sélectionnez l'une des options ci-dessous pour la réinstallation, le produit sera installé à l'emplacement actuel.</val>
		</str>		
		<str name="uninstall" translate="yes">
			<val>DESINSTALLER</val>
		</str>
		<str name="install" translate="yes">
			<val>INSTALLER</val>
		</str>
		<str name="requirementError" translate="yes">
			<val>Le système ne remplit pas les conditions minimales requises.</val>
		</str>
		<str name="conflictError" translate="yes">
			<val>Une version préliminaire de ce produit est déjà installée.</val>
		</str>
		<str name="upgradedError" translate="yes">
			<val>Une version plus récente de ce produit est déjà installée.</val>
		</str>
		<str name="langNotPresent" translate="yes">
			<val>Non disponible pour la langue sélectionnée</val>
		</str>
		<str name="dependenciesNotEnabled" translate="yes">
			<val>Les composants nécessaires sont désactivés</val>
		</str>
		<str name="avail" translate="yes">
			<val>Espace disque :</val>
		</str>
		<str name="drive" translate="yes">
			<val>Lecteur {0}</val>
		</str>
		<str name="sure" translate="yes">
			<val>Voulez-vous vraiment annuler la désinstallation ?</val>
		</str>
		<str name="browseErrorCaseSensitive" translate="yes">
			<val>Les lecteurs sensibles à la casse ne sont pas pris en charge.</val>
		</str>
		<str name="browseErrorMappedNetwork" translate="yes">
			<val>L'installation sur des lecteurs réseau mappés n'est pas prise en charge.</val>
		</str>
		<str name="browseErrorRemovableDrive" translate="yes">
			<val>L'installation sur des lecteurs flash amovibles n'est pas prise en charge.</val>
		</str>
		<str name="browseErrorTooLong" translate="yes">
			<val>Le chemin d'accès du répertoire d'installation est trop long.</val>
		</str>
		<str name="browseErrorLockedPath" translate="yes">
			<val>L'installation dans un emplacement verrouillé n'est pas prise en charge.</val>
		</str>
		<str name="browseErrorGeneric" translate="yes">
			<val>Impossible d'installer à l'emplacement sélectionné.</val>
		</str>
		<str name="browseErrorRootDrive" translate="yes">
			<val>L'installation dans un emplacement racine n'est pas prise en charge.</val>
		</str>
		<str name="diskSpaceTooltip" translate="yes">
			<val>Espace disque insuffisant pour poursuivre l'installation.</val>
		</str>
		<str name="diskSpaceOverlayError" translate="yes">
			<val>La taille des options sélectionnées est supérieure à l'espace disque disponible. Sélectionnez un disque dur disposant de suffisamment d'espace disponible et exécutez de nouveau le programme d'installation.</val>
		</str>
		<str name="uninstallSubscriptionMessage" translate="yes">
			<val>La désinstallation d'applications n'affecte en rien vos abonnements. Pour modifier l'état de ces derniers, reportez-vous au gestionnaire d'abonnements. {0}Modifiez l'état de vos abonnements.{1}</val>
		</str>
		<str name="uninstallSubscriptionMessageLink" translate="no">
			<val>http://www.adobe.com/go/subscriptionedition</val>
		</str>
	</set>

	<set name="progress">
		<str name="title" translate="yes">
			<val>Progression de l'installation</val>
		</str>
		<str name="doneErrors" translate="yes">
			<val>Etat de l'installation</val>
		</str>
		<str name="curr" translate="yes">
			<val>En cours d’installation…</val>
		</str> 
		<str name="unTitle" translate="yes">
			<val>Progression de la désinstallation</val>
		</str>
		<str name="unCurr" translate="yes">
			<val>En cours de désinstallation…</val>
		</str> 
		<str name="cancelling" translate="yes">
			<val>Annulation de l'installation…</val>
		</str>
		<str name="removingCache" translate="yes">
			<val>Suppression des fichiers de la mémoire cache...</val>
		</str> 
		<str name="disc" translate="yes">
			<val>Disque</val>
		</str>		
		<str name="preparing" translate="yes"> 
			<val>Préparation de l'installation...</val>
		</str>
		<str name="preparingun" translate="yes"> 
			<val>Préparation de la désinstallation...</val>
		</str>
		<str name="calculating" translate="yes"> 
			<val>Total du temps restant : En cours de calcul...</val>
		</str>
		<str name="calculatingun" translate="yes"> 
			<val>Temps restant : En cours de calcul...</val>
		</str>
		<str name="complete" translate="yes"> 
			<val>{0}% terminé</val>
		</str>
		<str name="remainTotal" translate="yes">
			<val>Total du temps restant : environ {0} minutes</val>
		</str>
		<str name="unRemainTotal" translate="yes">
			<val>Temps restant : environ {0} minutes</val>
		</str>
		<str name="remainTotalOneMin" translate="yes">
			<val>Total du temps restant : environ {0} minute</val>
		</str>
		<str name="unRemainTotalOneMin" translate="yes">
			<val>Temps restant : environ {0} minute</val>
		</str>
		<str name="remainMin" translate="yes">
			<val>Total du temps restant : moins d'une minute</val>
		</str>
		<str name="unRemainMin" translate="yes">
			<val>Temps restant : moins d'une minute</val>
		</str>
		<str name="remainDisc" translate="yes">
			<val>Intervalle avant le prochain disque : environ {0} minutes</val>
		</str>				
		<str name="sure" translate="yes">
			<val>Voulez-vous vraiment annuler l'installation ?</val>
		</str>
		<str name="incorrect" translate="yes">
			<val>Le disque inséré est incorrect. Réessayez et cliquez sur Terminé.</val>
		</str>
		<str name="insert" translate="yes">
			<val>Insérez le disque {0} pour continuer.</val>
		</str>
		<str name="errorClose" translate="yes">
			<val>Fermez toutes les applications suivantes pour pouvoir continuer :</val>
		</str>
		<str name="contact" translate="yes">
			<val>Contactez le {0}service client{1} pour obtenir une aide supplémentaire.</val>
		</str>
		<str name="supportLink" translate="no">
			<val>http://www.adobe.com/go/support_loganalyzer</val>
		</str>
		<str name="errorLater" translate="yes">
			<val>Pour terminer l’installation au prochain démarrage de l’ordinateur, cliquez sur Terminer ultérieurement.</val>
		</str>
		<str name="finishLater" translate="yes">
			<val>Terminer ultérieurement</val>
		</str>
		<str name="cancelMsg" translate="yes">
			<val>L'installation a été annulée.</val>
		</str>
		<str name="partial" translate="yes">
			<val>Certaines applications ont été correctement installées, d'autres ont rencontré des erreurs.</val>
		</str>
		<str name="installProblems" translate="yes">
			<val>Des problèmes ont été rencontrés lors de l’installation</val>
		</str>
		<str name="requiredFailWarning" translate="yes">
			<val>L’installation de certains composants requis a probablement échoué, ce qui a eu une incidence sur la fonctionnalité des applications installées.</val>
		</str>
		<str name="helpTroubleshoot" translate="yes">
			<val>Pour résoudre le problème, consultez les informations relatives au {0}dépannage{1}</val>
		</str>
		<str name="troubleshootTips" translate="yes">
			<val>Les conseils de dépannage suivants peuvent aider à résoudre le problème :</val>
		</str>
		<str name="tipOne" translate="yes">
			<val>1. Redémarrez votre ordinateur.</val>
		</str>
		<str name="tipTwo" translate="yes">
			<val>2. Quittez l’ensemble des applications, y compris les éléments de démarrage, le logiciel antivirus et le pare-feu</val>
		</str>
		<str name="tipThree" translate="yes">
			<val>3. Lancez le programme d’installation, puis réinstallez vos applications.</val>
		</str>
		<str name="errorLogText" translate="yes">
			<val>Si le problème persiste, essayez d’en identifier l’origine à l’aide du fichier journal d’erreur (ci-dessous).</val>
		</str>
		<str name="customerSupport" translate="yes">
			<val>Veuillez contacter le {0}service client{1} pour leur communiquer ces informations.</val>
		</str>
		
		<str name="completely" translate="yes">
			<val>Ces applications sont prêtes à l'emploi :</val>
		</str>
		<str name="incomplete" translate="yes">
			<val>Les applications suivantes doivent être réinstallées :</val>
		</str>
		<str name="installed" translate="yes">
			<val>Installé :</val>
		</str>
		<str name="notInstalled" translate="yes">
			<val>Non installé :</val>
		</str>
		<str name="haserrors" translate="yes">
			<val>Votre installation a rencontré des erreurs.</val>
		</str>
		<str name="restart" translate="yes">
			<val>Essayez de redémarrer votre système et de procéder à une nouvelle installation.</val>
		</str>
		<str name="timeRemaining" translate="yes">
			<val>Temps restant</val>
		</str>
		<str name="unDoneTitle" translate="yes">
			<val>Etat de la désinstallation</val>
		</str>
		<str name="unDoneWarning" translate="yes">
			<val>Certaines applications ont été correctement désinstallées, d'autres ont rencontré des erreurs.</val>
		</str>
		<str name="unComplete" translate="yes">
			<val>Les applications suivantes doivent être désinstallées :</val>
		</str>
		<str name="unIncomplete" translate="yes">
			<val>Les applications suivantes n'ont pas été désinstallées:</val>
		</str>
		<str name="unInstruct" translate="yes">
			<val>Redémarrez votre ordinateur et essayez à nouveau de désinstaller le produit. Si le problème persiste, téléchargez et exécutez l'{0}outil de nettoyage d'Adobe Creative Suite{1\}.</val>
		</str>
		<str name="unPointWarning" translate="yes">
			<val>Des erreurs se sont produites lors de la désinstallation.</val>
		</str>		
		<str name="cleanScriptLink" translate="no">
			<val>http://www.adobe.com/go/cscleanertool</val>
		</str>
		<str name="deactivateWarning" translate="yes">
			<val>Pour désactiver ce produit, connectez-vous à Internet. Sinon décochez la case Désactiver sur l'écran précédent.</val>
		</str>
		<str name="deactivateFailureWarning" translate="yes">
			<val>Échec de la désactivation. Vous pouvez poursuivre la désinstallation mais vous ne pourrez pas l'activer sur un autre ordinateur si la désactivation n'a pas été effectuée.</val>
		</str>		
	</set>	 

	<set name="thanks">
		<str name="title" translate="yes">
			<val>Merci</val>
		</str>
		<str name="titleInsStatus" translate="yes">
			<val>Etat de l’installation</val>
		</str>
		
		<str name="subtitle" translate="yes">
			<val>L’installation est terminée. Effectuez les opérations suivantes pour profiter pleinement de votre logiciel.</val>
		</str>
		<str name="subtitle1" translate="yes">
			<val>L'installation est terminée.</val>
		</str>
		<str name="subtitle2" translate="yes">
			<val>Effectuez les opérations suivantes pour profiter pleinement de votre logiciel.</val>
		</str>
		<str name="subtitleSubsClaimFail" translate="yes">
			<val>Nous ne sommes pas en mesure de démarrer votre abonnement à {0}.</val>
		</str>
	
		
		<str name="unSubtitle" translate="yes">
			<val>Les applications suivantes ont été correctement désinstallées :</val>
		</str>

		<str name="unSubtitleNoProductList" translate="yes">
			<val>La désinstallation est terminée.</val>
		</str>

		<str name="appsInstalledHeading" translate="yes">
			<val>Les produits suivants ont été installés.</val>
		</str>
		<str name="appInstalledHeading" translate="yes">
			<val>Le produit suivant a été installé.</val>
		</str>

		<str name="services" translate="yes">
			<val>Mise en route : produits et services Adobe</val>
		</str>
		<str name="noservices" translate="yes">
			<val>Mise en route : produits Adobe</val>
		</str>
		<str name="successWithServices" translate="yes">
			<val>Nous avons utilisé votre ID Adobe pour enregistrer votre logiciel et configurer l’accès aux services Adobe CS Live.</val>
		</str>
		<str name="successWithoutServices" translate="yes">
			<val>En fournissant votre ID Adobe, vous avez enregistré votre logiciel.</val>
		</str>
		<str name="emailVerify" translate="yes">
			<val>Il est nécessaire de vérifier votre adresse électronique pour utiliser les services Adobe CS Live. Consultez votre boîte de réception.</val>
		</str>
		<str name="skippedWithServices" translate="yes">
			<val>Un ID Adobe est nécessaire pour enregistrer votre produit et vous inscrire gratuitement aux services Adobe CS Live. Il vous sera rappelé de fournir votre ID Adobe lors de l’utilisation du produit.</val>
		</str>
		<str name="skippedWithoutServices" translate="yes">
			<val>Un ID Adobe est nécessaire pour enregistrer votre produit. Il vous sera rappelé de fournir votre ID Adobe lors de l’utilisation du produit.</val>
		</str>
		<str name="trialAdobeIDtext" translate="yes">
			<val>Un ID Adobe est nécessaire pour utiliser la version d’évaluation de ce logiciel. Après le premier lancement de celle-ci, vous disposez de 7 jours pour entrer un ID Adobe.</val>
		</str>
		<str name="idinfo" translate="yes">
			<val>Nous avons utilisé votre ID Adobe pour enregistrer votre produit et configurer l’accès aux services Adobe CS Live.</val>
		</str>	
		<str name="id" translate="yes">
			<val>Votre ID Adobe permet d’enregistrer vos produits.</val>
		</str>
		<str name="provided" translate="yes">
			<val>En fournissant votre ID Adobe, vous avez enregistré votre produit.</val>
		</str>
		<str name="idservices" translate="yes">
			<val>Votre ID Adobe vous permet d’enregistrer vos produits et de configurer votre inscription aux services Adobe CS Live complémentaires.</val>
		</str>
		<str name="idis" translate="yes">
			<val>Votre ID Adobe est : {0}</val>
		</str>
		<str name="idnew" translate="yes">
			<val>Votre ID Adobe est : {0}</val>
		</str>
		
		<str name="email" translate="yes">
			<val>Un courrier électronique a été envoyé pour vérifier votre adresse électronique. La vérification est nécessaire avant d'utiliser les services Adobe CS Live.</val>
		</str>
		<str name="videos" translate="yes">
			<val>Visionner des didacticiels vidéo</val>
		</str>
		<str name="explore" translate="yes">
			<val>Découvrir les services Adobe CS LIVE</val>
		</str>
		<str name="videolink" translate="yes">
			<val>http://www.adobe.com/go/adobetv_howto_ca_fr</val>
		</str>		
		<str name="serviceslink" translate="yes">
			<val>http://www.adobe.com/go/cslive_ca_fr</val>
		</str>	
	</set> 
	
	
	<set name="upgrade">
		<str name="title" translate="yes">
			<val>Numéro de série : mise à niveau</val>
		</str>
		<str name="instruct1" translate="yes">
			<val>Le numéro de série que vous avez entré est valide, mais aucun produit remplissant les conditions requises n'a été détecté sur cet ordinateur.</val>
		</str>
		<str name="instruct2" translate="yes">
			<val>Pour utiliser le numéro de série que vous avez saisi pour votre mise à niveau, vous devez disposer de l'un des produits remplissant les conditions requises. Sélectionnez le produit et saisissez le numéro de série correspondant.</val>
		</str>
		<str name="serial" translate="yes">
			<val>Numéro de série pour ce produit :</val>
		</str>
		<str name="trial" translate="yes">
			<val>INSTALLER UNE VERSION D'EVALUATION</val>
		</str>
		<str name="confirm" translate="yes">
			<val>Ce numéro de série confirme {0}.</val>
		</str>
		<str name="second" translate="yes">
			<val>Cette mise à niveau nécessite un deuxième produit remplissant les conditions requises. Sélectionnez-le et saisissez le numéro de série correspondant :</val>
		</str>
		<str name="selproduct" translate="yes">
			<val>Sélectionnez le produit.</val>
		</str>
		<str name="nogood" translate="yes">
			<val>Le numéro de série saisi ne correspond pas à un produit remplissant les conditions requises. Veuillez saisir un autre numéro de série.</val>
		</str>
		<str name="account" translate="yes">
			<val>Si vous avez déjà enregistré des produits, vous pouvez accéder à la {0}page de votre compte{1} pour retrouver vos numéros de série existants.</val>
		</str>
		<str name="support" translate="yes">
			<val>Contactez le {0}service client{1} pour obtenir une aide supplémentaire.</val>
		</str>
		<str name="supportlink" translate="no">
			<val>http://www.adobe.com/go/support_loganalyzer</val>
		</str>
		<str name="accountlink" translate="yes">
			<val>http://www.adobe.com/go/adobemembership_ca_fr</val>
		</str>
	</set>
	
	<set name="upcode">
		<str name="header" translate="yes">
			<val>Entrez votre code de mise à niveau.</val>
		</str>
		<str name="instruct1" translate="yes">
			<val>Transmettez le code suivant à votre représentant de service sur demande :</val>
		</str>
		<str name="challenge" translate="yes">
			<val>Code challenge</val>
		</str>
		<str name="instruct2" translate="yes">
			<val>Entrez le code que votre représentant de service vous a fourni :</val>
		</str>
		<str name="support" translate="yes">
			<val>Code de prise en charge</val>
		</str>
		<str name="codeError" translate="yes">
			<val>Code de prise en charge non valide</val>
		</str>
		
	</set>
	
	<set name="dvanote">
		<str name="header" translate="yes">
			<val>Important</val>
		</str>
		<str name="warning32bit" translate="yes">
			<val>Cet ordinateur exécute un système d’exploitation 32 bits. Adobe Premiere Pro CS5.5, Adobe Premiere Pro CS5, After Effects CS5.5 et After Effects CS5 ne peuvent être exécutés que sur un système d’exploitation 64 bits. Pour pouvoir utiliser ces applications, vous devez mettre le système à niveau ou installer les versions CS4 32 bits requises. {0}En savoir plus{1} sur la localisation et l'installation des versions CS4</val>
		</str>
		<str name="learnMoreLink" translate="yes">
			<val>http://www.adobe.com/go/32bit_installation_ca_fr</val>
		</str>
	</set>

	<set name="nav">
		<str name="welcome" translate="yes">
			<val>BIENVENUE</val>
		</str>
		<str name="serial" translate="yes">
			<val>NUMERO DE SERIE</val>
		</str>
		<str name="id" translate="yes">
			<val>ID ADOBE</val>
		</str>
		<str name="options" translate="yes">
			<val>OPTIONS</val>
		</str>
		<str name="unoptions" translate="yes">
			<val>OPTIONS</val>
		</str>
		<str name="install" translate="yes">
			<val>INSTALLER</val>
		</str>
		<str name="uninstall" translate="yes">
			<val>DESINSTALLER</val>
		</str>
		<str name="thanks" translate="yes">
			<val>TERMINER</val>
		</str>
	</set>
	
	
	<set name="systemReq">
		<str name="ram" translate="yes">
			<val>{0} de mémoire vive recommandée</val>
		</str>
		<str name="processor" translate="yes">
			<val>Processeur {0} recommandé</val>
		</str>
		<str name="osWin" translate="yes">
			<val>Windows {0} recommandé</val>
		</str>
		<str name="osMac" translate="yes">
			<val>Mac {0} recommandé</val>
		</str>
		<str name="screen" translate="yes">
			<val>Résolution d'écran recommandée : {0}</val>
		</str>
	</set>
	
	<set name="installErrorCode">
		<str name="code0" translate="yes">
			<val>Installation réussie.</val>
		</str>
		<str name="code6" translate="yes">
			<val>Terminé avec des erreurs.</val>
		</str>
		<str name="code7in" translate="yes">
			<val>Echec de l'installation</val>
		</str>
		<str name="code7un" translate="yes">
			<val>Echec de la désinstallation</val>
		</str>
		<str name="code8" translate="yes">
			<val>Terminé. Le système doit être redémarré pour terminer le flux de travaux.</val>
		</str>
		<str name="code11" translate="yes">
			<val>Une instance de déploiement est déjà en cours d’exécution.</val>
		</str>
		<str name="code14" translate="yes">
			<val>Les privilèges d'administrateur sont requis pour l'installation.</val>
		</str>
		<str name="code14un" translate="yes">
			<val>Des privilèges administrateur sont requis pour la désinstallation.</val>
		</str>
		<str name="code19" translate="yes">
			<val>Des processus entrant en conflit sont en cours d’exécution.</val>
		</str>
		<str name="code24" translate="yes">
			<val>Installation annulée</val>
		</str>
		<str name="code15" translate="yes">
			<val>Incohérence dans la base de données du programme d'installation. Redémarrez votre ordinateur et recommencez l'installation.</val>
		</str>
		<str name="code31" translate="yes">
			<val>La taille des options sélectionnées est supérieure à l'espace disque disponible. Sélectionnez un disque dur disposant de suffisamment d'espace disponible et exécutez de nouveau le programme d'installation.</val>
		</str>
		<str name="code9999" translate="yes">
			<val>Une erreur interne s’est produite.</val>
		</str>
		<str name="internalError" translate="yes">
			<val>Le programme d'installation a rencontré une erreur ({0}) lors de l'installation. Redémarrez votre ordinateur et réessayez.</val>
		</str>
		<str name="uninternalError" translate="yes">
			<val>Le programme d'installation a rencontré une erreur ({0}) lors de la désinstallation. Redémarrez votre ordinateur et réessayez.</val>
		</str>
	</set>
	
	<set name="prescreenResponse">
		<str name="header_NOT_ENABLED" translate="yes">
			<val>Votre abonnement à {0} a expiré.</val>
		</str>
		<str name="body_NOT_ENABLED" translate="yes">
			<val>Renouvelez votre abonnement ou choisissez Retour pour installer la version d’évaluation du produit.</val>
		</str>
		<str name="footerLinkText_NOT_ENABLED" translate="yes">
			<val>Renouveler mon abonnement</val>
		</str>
		<str name="footerLink_NOT_ENABLED" translate="no">
			<val>http://www.adobe.com/go/subscriptionedition</val>
		</str>
		
		<str name="header_OFFLINE" translate="yes">
			<val>Connexion à Internet impossible.</val>
		</str>
		<str name="body_OFFLINE" translate="yes">
			<val>Vous devez disposer d’une connexion Internet active pour utiliser ce produit. Vérifiez vos paramètres de connexion, puis choisissez Réessayer. Si vous continuez à rencontrer des problèmes, contactez le service clientèle ou choisissez Retour pour installer la version d’évaluation de ce produit.</val>
		</str>
		<str name="footerLinkText_OFFLINE" translate="yes">
			<val>Contacter le service clientèle</val>
		</str>
		<str name="footerLink_OFFLINE" translate="yes">
			<val>http://www.adobe.com/go/support_ca_fr</val>
		</str>
		
		<str name="header_GENERIC_ERROR" translate="yes">
			<val>Nous ne sommes pas en mesure de démarrer votre abonnement à {0}.</val>
		</str>
		<str name="body_GENERIC_ERROR" translate="yes">
			<val>Pour terminer cette installation, choisissez d’installer la version d’évaluation de ce produit. Une fois le logiciel installé et l’application lancée, vous serez invité à démarrer votre abonnement.</val>
		</str>
		<str name="footerLinkText_GENERIC_ERROR" translate="yes">
			<val>Contacter le service clientèle</val>
		</str>
		<str name="footerLink_GENERIC_ERROR" translate="yes">
			<val>http://www.adobe.com/go/support_ca_fr</val>
		</str>
	</set>
	
	<set name="subsClaimResponse">
		<str name="failureStatusHeading" translate="yes">
			<val>Impossible de démarrer votre abonnement à {0}.</val>
		</str>
		<str name="successStatusHeading" translate="yes">
			<val>Mise en route : produits et services Adobe</val>
		</str>
		
		<str name="adobeIDInfo" translate="yes">
			<val>Nous avons utilisé votre ID Adobe pour démarrer votre abonnement à {0} et configurer votre accès aux services Adobe CS Live.</val>
		</str>
		
		<str name="idis" translate="yes">
			<val>Votre ID Adobe est : {0}</val>
		</str>
		<str name="idnew" translate="yes">
			<val>Votre ID Adobe est : {0}</val>
		</str>
		
		<str name="emailVerify" translate="yes">
			<val>Il est nécessaire de vérifier votre adresse électronique pour utiliser les services Adobe CS Live. Consultez votre boîte de réception.</val>
		</str>
		

		<str name="supLinkURL_EXCEPTION_DECODE_FAILED" translate="yes">
			<val>http://www.adobe.com/go/support_ca_fr</val>
		</str>			
		<str name="supLinkURL_EXCEPTION_NO_SUCH_USER" translate="yes">
			<val>http://www.adobe.com/go/support_ca_fr</val>
		</str>		
		<str name="supLinkURL_EXCEPTION_INVALID_DATA" translate="yes">
			<val>http://www.adobe.com/go/support_ca_fr</val>
		</str>
		<str name="supLinkURL_EXCEPTION_SKU_LOOKUP_FAILED" translate="yes">
			<val>http://www.adobe.com/go/support_ca_fr</val>
		</str>		
		<str name="supLinkURL_EXCEPTION_AUTHENTICATION_TIMEOUT" translate="yes">
			<val>http://www.adobe.com/go/support_ca_fr</val>
		</str>
		<str name="supLinkURL_EXCEPTION_SNSERVER_TIMEOUT" translate="yes">
			<val>http://www.adobe.com/go/support_ca_fr</val>
		</str>
		<str name="supLinkURL_EXCEPTION_INTERNAL_TIMEOUT" translate="yes">
			<val>http://www.adobe.com/go/support_ca_fr</val>
		</str>
		<str name="supLinkURL_EXCEPTION_INTERNAL_SERVER_ERROR" translate="yes">
			<val>http://www.adobe.com/go/support_ca_fr</val>
		</str>
		<str name="supLinkURL_EXCEPTION_SYSTEM_UNAVAILABLE_time" translate="yes">
			<val>http://www.adobe.com/go/support_ca_fr</val>
		</str>
		<str name="supLinkURL_EXCEPTION_SYSTEM_UNAVAILABLE" translate="yes">
			<val>http://www.adobe.com/go/support_ca_fr</val>
		</str>
		<str name="supLinkURL_EXCEPTION_COMPANY_CODE_MISMATCH" translate="yes">
			<val>http://www.adobe.com/go/subscription_learnmore_ca_fr</val>
		</str>
		<str name="supLinkURL_EXCEPTION_SUBSCRIPTION_ALREADY_CLAIMED_DIFF_ADOBEID" translate="yes">
			<val>http://www.adobe.com/go/support_ca_fr</val>
		</str>
		<str name="supLinkURL_ERROR_WITH_INFO" translate="yes">
			<val>http://www.adobe.com/go/support_ca_fr</val>
		</str>
		<str name="supLinkURL_GENERIC" translate="yes">
			<val>http://www.adobe.com/go/support_ca_fr</val>
		</str>
		
		
		<str name="supLinkLbl_EXCEPTION_DECODE_FAILED" translate="yes">
			<val>Contacter le service clientèle</val>
		</str>			
		<str name="supLinkLbl_EXCEPTION_NO_SUCH_USER" translate="yes">
			<val>Contacter le service clientèle</val>
		</str>		
		<str name="supLinkLbl_EXCEPTION_INVALID_DATA" translate="yes">
			<val>Contacter le service clientèle</val>
		</str>
		<str name="supLinkLbl_EXCEPTION_SKU_LOOKUP_FAILED" translate="yes">
			<val>Contacter le service clientèle</val>
		</str>		
		<str name="supLinkLbl_EXCEPTION_AUTHENTICATION_TIMEOUT" translate="yes">
			<val>Contacter le service clientèle</val>
		</str>
		<str name="supLinkLbl_EXCEPTION_SNSERVER_TIMEOUT" translate="yes">
			<val>Contacter le service clientèle</val>
		</str>
		<str name="supLinkLbl_EXCEPTION_INTERNAL_TIMEOUT" translate="yes">
			<val>Contacter le service clientèle</val>
		</str>
		<str name="supLinkLbl_EXCEPTION_INTERNAL_SERVER_ERROR" translate="yes">
			<val>Contacter le service clientèle</val>
		</str>
		<str name="supLinkLbl_EXCEPTION_SYSTEM_UNAVAILABLE_time" translate="yes">
			<val>Contacter le service clientèle</val>
		</str>
		<str name="supLinkLbl_EXCEPTION_SYSTEM_UNAVAILABLE" translate="yes">
			<val>Contacter le service clientèle</val>
		</str>
		<str name="supLinkLbl_EXCEPTION_SUBSCRIPTION_ALREADY_CLAIMED_DIFF_ADOBEID" translate="yes">
			<val>Contacter le service clientèle</val>
		</str>
		<str name="supLinkLbl_EXCEPTION_COMPANY_CODE_MISMATCH" translate="yes">
			<val>En savoir plus</val>
		</str>
		<str name="supLinkLbl_ERROR_WITH_INFO" translate="yes">
			<val>Contacter le service clientèle</val>
		</str>
		<str name="supLinkLbl_GENERIC" translate="yes">
			<val>Contacter le service clientèle</val>
		</str>
		
		
		<str name="code_EXCEPTION_DECODE_FAILED" translate="yes">
			<val>Vous serez invité à démarrer votre abonnement après le lancement du produit.</val>
		</str>			
		<str name="code_EXCEPTION_NO_SUCH_USER" translate="yes">
			<val>Vous serez invité à démarrer votre abonnement après le lancement du produit.</val>
		</str>		
		<str name="code_EXCEPTION_INVALID_DATA" translate="yes">
			<val>Vous serez invité à démarrer votre abonnement après le lancement du produit.</val>
		</str>
		<str name="code_EXCEPTION_SKU_LOOKUP_FAILED" translate="yes">
			<val>Vous serez invité à démarrer votre abonnement après le lancement du produit.</val>
		</str>		
		<str name="code_EXCEPTION_AUTHENTICATION_TIMEOUT" translate="yes">
			<val>Veuillez patienter quelques instants, puis réessayez. Vous serez également invité à démarrer votre abonnement après le lancement du produit.</val>
		</str>
		<str name="code_EXCEPTION_SNSERVER_TIMEOUT" translate="yes">
			<val>Veuillez patienter quelques instants, puis réessayez. Vous serez également invité à démarrer votre abonnement après le lancement du produit.</val>
		</str>
		<str name="code_EXCEPTION_INTERNAL_TIMEOUT" translate="yes">
			<val>Veuillez patienter quelques instants, puis réessayez. Vous serez également invité à démarrer votre abonnement après le lancement du produit.</val>
		</str>
		<str name="code_EXCEPTION_INTERNAL_SERVER_ERROR" translate="yes">
			<val>Veuillez patienter quelques instants, puis réessayez. Vous serez également invité à démarrer votre abonnement après le lancement du produit.</val>
		</str>
		<str name="code_EXCEPTION_SYSTEM_UNAVAILABLE_time" translate="yes">
			<val>Nos serveurs sont actuellement déconnectés pour une maintenance prévue. Nous nous excusons pour la gêne occasionnée. Réessayez à {0}. Vous serez invité à démarrer votre abonnement après le lancement du produit.</val>
		</str>
		<str name="code_EXCEPTION_SYSTEM_UNAVAILABLE" translate="yes">
			<val>Nos serveurs sont actuellement déconnectés pour une maintenance prévue. Nous nous excusons pour la gêne occasionnée. Vous serez invité à démarrer votre abonnement après le lancement du produit.</val>
		</str>
		<str name="code_EXCEPTION_COMPANY_CODE_MISMATCH" translate="yes">
			<val>Le pays dans lequel ce produit a été acheté ne correspond pas au pays spécifié dans votre compte Adobe. Vous serez invité à vous connecter à l’aide d’un autre ID Adobe au lancement du produit.</val>
		</str>
		<str name="code_EXCEPTION_SUBSCRIPTION_ALREADY_CLAIMED_DIFF_ADOBEID" translate="yes">
			<val>Nos archives indiquent que cet abonnement est actuellement attribué à un autre ID Adobe. Lorsque vous démarrerez le produit, vous serez invité à vous connecter via un ID Adobe différent. Si le problème persiste, contactez le service clientèle.</val>
		</str>
		<str name="code_ESS_TIMEOUT" translate="yes">
			<val>Veuillez patienter quelques instants, puis réessayez. Vous serez également invité à démarrer votre abonnement après le lancement du produit.</val>
		</str>
		
		<str name="code_ESS_FAILURE" translate="yes">
			<val>Veuillez patienter quelques instants, puis réessayez. Vous serez également invité à démarrer votre abonnement après le lancement du produit.</val>
		</str>
		
		<str name="code_GENERIC" translate="yes">
			<val>Vous serez invité à démarrer votre abonnement après le lancement du produit.</val>
		</str>
	</set>
	
	<set name="claimResponse">
		<str name="code_" translate="yes">
			<val></val>
		</str>
		<str name="code_NonSaas_FAILURE" translate="yes">
			<val>Impossible d'enregistrer votre produit actuellement. Réessayez ultérieurement.</val>
		</str>
		<str name="code_EXCEPTION_DECODE_FAILED" translate="yes">
			<val>Numéro de série incorrect. Impossible de lancer votre inscription aux services Adobe CS Live.</val>
		</str>
		<str name="code_EXCEPTION_NO_SUCH_USER" translate="yes">
			<val>Impossible de lancer votre inscription aux services Adobe CS Live. Réessayez ultérieurement.</val>
		</str>
		<str name="code_EXCEPTION_INVALID_DATA" translate="yes">
			<val>Impossible de lancer votre inscription aux services Adobe CS Live. Réessayez ultérieurement.</val>
		</str>
		<str name="code_EXCEPTION_WCD_TIMEOUT" translate="yes">
			<val>Impossible de lancer votre inscription aux services Adobe CS Live. Réessayez ultérieurement.</val>
		</str>
		<str name="code_EXCEPTION_AUTHENTICATION_TIMEOUT" translate="yes">
			<val>Impossible de lancer votre inscription aux services Adobe CS Live. Réessayez ultérieurement.</val>
		</str>
		<str name="code_EXCEPTION_SNSERVER_TIMEOUT" translate="yes">
			<val>Impossible de lancer votre inscription aux services Adobe CS Live. Réessayez ultérieurement.</val>
		</str>
		<str name="code_EXCEPTION_WCD_SESSION_TIMEOUT" translate="yes">
			<val>Impossible de lancer votre inscription aux services Adobe CS Live. Réessayez ultérieurement.</val>
		</str>
		<str name="code_ESS_TIMEOUT" translate="yes">
			<val>Impossible de lancer votre inscription aux services Adobe CS Live. Réessayez ultérieurement.</val>
		</str>
		<str name="code_ESS_FAILURE" translate="yes">
			<val>Impossible de lancer votre inscription aux services Adobe CS Live. Réessayez ultérieurement.</val>
		</str>
		<str name="code_EXCEPTION_INTERNAL_TIMEOUT" translate="yes">
			<val>Impossible de lancer votre inscription aux services Adobe CS Live. Réessayez ultérieurement.</val>
		</str>
		<str name="code_EXCEPTION_INTERNAL_SERVER_ERROR" translate="yes">
			<val>Impossible de lancer votre inscription aux services Adobe CS Live. Réessayez ultérieurement.</val>
		</str>
		<str name="code_EXCEPTION_SUBSCRIPTION_ALREADY_CLAIMED" translate="yes">
			<val>Vous êtes déjà inscrit aux services Adobe CS Live. Connectez-vous pour utiliser les services.</val>
		</str>
		<str name="code_EXCEPTION_CLAIM_ALREADY_PROCESSED" translate="yes">
			<val>Ce numéro de série est déjà associé à une inscription aux services Adobe CS Live. Connectez-vous pour utiliser les services.</val>
		</str>
		<str name="code_EXCEPTION_SYSTEM_UNAVAILABLE_time" translate="yes">
			<val>Le serveur d'inscription Adobe est en maintenance et devrait être de nouveau disponible à {0}. Désolé pour la gêne occasionnée. Réessayez à ce moment.</val>
		</str>
		<str name="code_EXCEPTION_SYSTEM_UNAVAILABLE" translate="yes">
			<val>Le serveur d'inscription Adobe est en maintenance. Désolé pour la gêne occasionnée. Réessayez ultérieurement.</val>
		</str>
		<str name="code_EXCEPTION_SYSTEM_UNAVAILABLE_time_saas" translate="yes">
			<val>Le serveur Adobe CS Live est en maintenance et devrait être de nouveau disponible à {0}. Désolé pour la gêne occasionnée. Réessayez à ce moment.</val>
		</str>
		<str name="code_EXCEPTION_SYSTEM_UNAVAILABLE_saas" translate="yes">
			<val>Le serveur Adobe CS Live est en maintenance. Désolé pour la gêne occasionnée. Réessayez ultérieurement.</val>
		</str>
	</set>	
	
	<set name="alert">
		<str name="alertHeader" translate="yes">
			<val>Adobe Installer</val>
		</str>
		<str name="workflowCloseError" translate="yes">
			<val>Un problème est survenu lors de la fermeture des flux de travaux de non déploiement. Fermez-les, puis cliquez sur Installer pour recommencer l’installation.</val>
		</str>
		<str name="workflowNeedCloseMessage" translate="yes">
			<val>D'autres instances d'Adobe Application Manager sont en cours d'exécution. Fermez-les pour poursuivre la procédure.</val>
		</str>
		<str name="cancelMsg" translate="yes">
			<val>Voulez-vous vraiment annuler ?</val>
		</str>
		<str name="payloadDataError" translate="yes">
			<val>L'initialisation du programme d'installation a échoué.</val>
		</str>
		<str name="payloadMappingError" translate="yes">
			<val>L'initialisation du programme d'installation a échoué.</val>
		</str>
		<str name="driverSystemRequirementError" translate="yes">
			<val>Le système ne remplit pas les conditions minimales requises pour ce produit.</val>
		</str>
		<str name="driverConflictError" translate="yes">
			<val>Il existe une version préliminaire ou non compatible de l'application {0} sur cet ordinateur. Vous devez supprimer la version non compatible avant de procéder à l'installation à partir du support actuel.</val>
		</str>
		<str name="eulaDeclineMsg" translate="yes">
			<val>Vous devez accepter le contrat de licence de l’utilisateur final Adobe pour pouvoir poursuivre. Voulez-vous vraiment refuser ?</val>
		</str>
		<str name="authAdobeID" translate="yes">
			<val>Authentification de l'ID Adobe en cours...</val>
		</str>
		<str name="sharedComponentMsgInstall" translate="yes">
			<val>Installation des composants partagés. Veuillez patienter... Ceci peut prendre quelques minutes selon les composants déjà installés.</val>
		</str>
		<str name="sharedComponentMsgUninstall" translate="yes">
			<val>Désinstallation des composants partagés. Veuillez patienter... Ceci peut prendre quelques minutes selon les composants installés.</val>
		</str>
		<str name="diskPrompt" translate="yes">
			<val>Insérez le disque {0} dans le lecteur {1}.</val>
		</str>
		<str name="noDriverError" translate="yes">
			<val>Impossible de détecter la charge du pilote.</val>
		</str>
		<str name="installerNotApplicable" translate="yes">
			<val>{0} ne peut être installé que sur un système 64 bits.</val>
		</str>
		<str name="deactivateMessage" translate="yes">
			<val>Désactivation en cours... Veuillez patienter...</val>
		</str>
		<str name="deactivateFailMessage" translate="yes">
			<val>Le produit n'a pas pu être désactivé.</val>
		</str>
		<str name="restartMessage" translate="yes">
			<val>Le redémarrage du système est recommandé.</val>
		</str>
		
		<str name="connecting" translate="yes">
			<val>Connexion...</val>
		</str>
		
	</set>	
	
	
	<set name="isoToLanguage">
		<str name="ar_AE" translate="no"><val>العربية</val></str>
		<str name="en_GB" translate="no"><val>English (International)</val></str> 
		<str name="fr_CA" translate="no"><val>Français canadien</val></str>
		<str name="es_QM" translate="no"><val>Español (Middle East)</val></str>
		<str name="es_LA" translate="no"><val>Español de América Latina</val></str>
		<str name="es_NA" translate="no"><val>Español Norteamericano</val></str>
		<str name="bg_BG" translate="no"><val>Български</val></str>
		<str name="lv_LV" translate="no"><val>Latviešu</val></str>
		<str name="et_EE" translate="no"><val>Eesti</val></str>
		<str name="hr_HR" translate="no"><val>hrvatski</val></str>
		<str name="sl_SI" translate="no"><val>slovenščina</val></str>
		<str name="sk_SK" translate="no"><val>slovenčina</val></str>
		<str name="th_TH" translate="no"><val>ภาษาไทย</val></str> 
		<str name="vi_VN" translate="no"><val>Việt</val></str>
		<str name="en_XC" translate="no"><val>English (Central Europe)</val></str> 
		<str name="en_XM" translate="no"><val>English (Middle East)</val></str>
		<str name="fr_XM" translate="no"><val>Français Oriental Moyen</val></str>
		<str name="sq_AL" translate="no"><val>Shqip</val></str> 
		<str name="ar_SA" translate="no"><val>العربية</val></str>
		<str name="be_BY" translate="no"><val>Беларуская</val></str> 
		<str name="ca_ES" translate="no"><val>Català</val></str> 
		<str name="hi_IN" translate="no"><val>हिन्दी</val></str>
		<str name="is_IS" translate="no"><val>Íslenska</val></str> 
		<str name="lt_LT" translate="no"><val>Lietuvių</val></str>
		<str name="mk_MK" translate="no"><val>македонски</val></str>
		<str name="nn_NO" translate="no"><val>Norsk (Nynorsk)</val></str>
		<str name="pt_PT" translate="no"><val>Português de Portugal</val></str> 
		<str name="sh_YU" translate="no"><val>Srpsko-Hrvatski</val></str> 
		<str name="sr_YU" translate="no"><val>Cрпски</val></str> 
		<str name="kk_KZ" translate="no"><val>Қазақ</val></str>
		<str name="az_AZ" translate="no"><val>Azərbaycan dili</val></str> 
		<str name="es_MX" translate="no"><val>Español (América Latina)</val></str>
		<str name="no_NO" translate="no"><val>Norwegian</val></str> 
		<str name="cs_CZ" translate="no"><val>Česky</val></str>
		<str name="de_DE" translate="no"><val>Deutsch</val></str>
		<str name="el_GR" translate="no"><val>Ελληνικά</val></str>
		<str name="en_US" translate="no"><val>English (North America)</val></str> 
		<str name="es_ES" translate="no"><val>Español</val></str> 
		<str name="fr_FR" translate="no"><val>Français</val></str>
		<str name="he_IL" translate="no"><val>עברית</val></str> 
		<str name="hu_HU" translate="no"><val>Magyar</val></str> 
		<str name="it_IT" translate="no"><val>Italiano</val></str>
		<str name="ja_JP" translate="no"><val>日本語</val></str>
		<str name="ko_KR" translate="no"><val>한국어</val></str>
		<str name="nl_NL" translate="no"><val>Nederlands</val></str>
		<str name="pl_PL" translate="no"><val>Polski</val></str>
		<str name="ro_RO" translate="no"><val>Română</val></str>
		<str name="ru_RU" translate="no"><val>Pусский</val></str>
		<str name="sv_SE" translate="no"><val>Svenska</val></str>
		<str name="tr_TR" translate="no"><val>Türkçe</val></str>
		<str name="uk_UA" translate="no"><val>Українська</val></str>
		<str name="zh_CN" translate="no"><val>简体中文</val></str>
		<str name="zh_TW" translate="no"><val>繁體中文</val></str>
		<str name="da_DK" translate="no"><val>Dansk</val></str>
		<str name="fi_FI" translate="no"><val>Suomi</val></str>
		<str name="nb_NO" translate="no"><val>Norsk (Bokmål)</val></str> 
		<str name="pt_BR" translate="no"><val>Português do Brasil</val></str>
	</set>	
</asf>
