<?xml version='1.0' encoding='utf-8'?>
<!DOCTYPE asf SYSTEM "http://ns.adobe.com/asf/asf_1_0.dtd" >
<asf xmlns="http://ns.adobe.com/asf" locale="pl_PL" version="1.0">
	
	<set name="common">
		<str name="windowTitle" translate="yes">
			<val>Produkt Adobe</val>
		</str>
		<str name="day" translate="yes">
			<val>dzień</val>
		</str>
		<str name="days" translate="yes">
			<val>dni</val>
		</str>
	</set>
	
	<set name="eula">
		<str name="eula" translate="yes">
			<val>Umowa licencyjna na oprogramowanie Adobe</val>
		</str>
		<str name="productLineMsg" translate="yes">
			<val>Umowa ma zastosowanie do instalacji oraz określa warunki użytkowania produktów {0}, w tym niniejszego oprogramowania. Umowy zawarte wcześniej są dostępne na stronie {1}.</val>
		</str>
		<str name="eulaOnlineLink" translate="yes">
			<val>www.adobe.com/go/myaccount_pl</val>
		</str>
		<str name="eulaOnlineLinkGoURL" translate="yes">
			<val>http://www.adobe.com/go/adobemembership_pl</val>
		</str>
		<str name="accept" translate="yes">
			<val>Zaakceptuj</val>
		</str>
		<str name="quit" translate="yes">
			<val>Zakończ</val>
		</str>		
	</set>

	<set name="register">
		<set name="trial">
			<set name="online">
				<str name="title" translate="yes">
					<val>Wymagane zalogowanie</val>
				</str>
				<str name="titleMenuSignIn" translate="yes">
					<val>Logowanie</val>
				</str>
				<str name="message" translate="yes">
					<val>Zaloguj się za pomocą identyfikatora Adobe ID.</val>
				</str>
				<str name="message_device" translate="yes">
					<val>Zaloguj się za pomocą identyfikatora Adobe ID: {0}.</val>
				</str>
				<str name="notYou" translate="yes">
					<val>(To nie Twój identyfikator Adobe ID?)</val>
				</str>
				<str name="signInNow" translate="yes">
					<val>Zaloguj się teraz</val>
				</str>
				<str name="signIn" translate="yes">
					<val>Zaloguj się</val>
				</str>
				<str name="termTitle" translate="yes">
					<val>Warunki korzystania z oprogramowania w wersji próbnej</val>
				</str>
				<str name="termPara1" translate="yes">
					<val>Możemy poprosić Cię o podanie dodatkowych informacji, tak abyśmy mogli dostosować zawartość do Twoich potrzeb. Możesz w dowolnej chwili wyłączyć zawartość niestandardową, przechodząc do opcji Ustawienia prywatności znajdującej się na ekranie produktu w wersji próbnej.</val>
				</str>
				<str name="termPara2" translate="yes">
					<val>Aby uzyskać informacje na temat zbieranych przez nas danych dotyczących używania produktu oraz tego, w jaki sposób firma Adobe wykorzystuje te dane, w tym jak wychodzimy naprzeciw Twoim oczekiwaniom, kliknij {0}tutaj{1} i zobacz {2}Zasady ochrony prywatności online firmy Adobe{3}.</val>
				</str>
				<str name="privacyPortalLink" translate="yes">
					<val>http://www.adobe.com/go/adobe_privacy_portal_pl</val>
				</str>
				<str name="privacyPolicyLink" translate="yes">
					<val>http://www.adobe.com/go/privacy_pl</val>
				</str>
			</set>
		</set>
		
		<set name="subscription">
			<str name="title" translate="yes">
				<val>Wymagane zalogowanie</val>
			</str>
			<str name="titleMenuSignIn" translate="yes">
				<val>Logowanie</val>
			</str>			
			<str name="message" translate="yes">
				<val>Zaloguj się za pomocą identyfikatora Adobe ID, aby korzystać z tego produktu i uzyskać dostęp do informacji o swoim członkostwie.</val>
			</str>
			<str name="userEmail" translate="yes">
				<val>Zalogujemy Cię za pomocą identyfikatora Adobe ID: {0}.</val>
			</str>
			<str name="notYou" translate="yes">
				<val>(To nie Twój identyfikator Adobe ID?)</val>
			</str>
			<str name="signInNow" translate="yes">
				<val>Zaloguj się teraz</val>
			</str>
			<str name="signIn" translate="yes">
				<val>Zaloguj się</val>
			</str>
			<str name="back" translate="yes">
				<val>Wstecz</val>
			</str>
			<str name="signInLater" translate="yes">
				<val>Zaloguj się później</val>
			</str>
		</set>
		
		<set name="signInForValidation">
			<str name="title" translate="yes">
				<val>Wymagane zalogowanie</val>
			</str>	
			<str name="message" translate="yes">
				<val>Zaloguj się za pomocą identyfikatora Adobe ID, aby aktywować oprogramowanie.</val>
			</str>
			<str name="benefit" translate="yes">
				<val>Podaj identyfikator Adobe ID, aby uzyskać dostęp do swojego konta i zarejestrować produkt.</val>
			</str>
			<str name="userEmail" translate="yes">
				<val>Logujesz się za pomocą identyfikatora Adobe ID: {0}.</val>
			</str>
			<str name="notYou" translate="yes">
				<val>(To nie Twój identyfikator Adobe ID?)</val>
			</str>
			<str name="signInNow" translate="yes">
				<val>Zaloguj się teraz</val>
			</str>
			<str name="signIn" translate="yes">
				<val>Zaloguj się</val>
			</str>
			<str name="signInLater" translate="yes">
				<val>Zaloguj się później</val>
			</str>	
		</set>
		
		<set name="serial">
			<set name="grace">
				<str name="title" translate="yes">
					<val>Wymagane zalogowanie</val>
				</str>	
				<str name="titleMenuSignIn" translate="yes">
					<val>Logowanie</val>
				</str>		
				<str name="message" translate="yes">
					<val>Zaloguj się za pomocą identyfikatora Adobe ID, a następnie zarejestruj produkt {0} w ciągu {1}. W przeciwnym razie produkt przestanie działać.</val>
				</str>
				<str name="benefit" translate="yes">
					<val>Podaj identyfikator Adobe ID, aby uzyskać dostęp do swojego konta i zarejestrować produkt.</val>
				</str>
				<str name="userEmail" translate="yes">
					<val>Logujesz się za pomocą identyfikatora Adobe ID: {0}.</val>
				</str>
				<str name="notYou" translate="yes">
					<val>(To nie Twój identyfikator Adobe ID?)</val>
				</str>
				<str name="signInNow" translate="yes">
					<val>Zaloguj się teraz</val>
				</str>
				<str name="signIn" translate="yes">
					<val>Zaloguj się</val>
				</str>
				<str name="signInLater" translate="yes">
					<val>Zaloguj się później</val>
				</str>
				<str name="noInternet" translate="yes">
					<val>Masz problemy z nawiązaniem połączenia z Internetem?</val>
				</str>
			</set>
			
			<set name="post_grace">
				<str name="title" translate="yes">
					<val>Wymagane zalogowanie</val>
				</str>	
				<str name="titleMenuSignIn" translate="yes">
					<val>Logowanie</val>
				</str>	
				<str name="message" translate="yes">
					<val>Przed następnym użyciem tego oprogramowania wymagane jest zalogowanie się za pomocą identyfikatora Adobe ID i przeprowadzenie rejestracji produktu {0}.</val>
				</str>
				<str name="benefit" translate="yes">
					<val>Podaj identyfikator Adobe ID, aby uzyskać dostęp do swojego konta i zarejestrować produkt.</val>
				</str>
				<str name="userEmail" translate="yes">
					<val>Logujesz się za pomocą identyfikatora Adobe ID: {0}.</val>
				</str>
				<str name="notYou" translate="yes">
					<val>(To nie Twój identyfikator Adobe ID?)</val>
				</str>
				<str name="signInNow" translate="yes">
					<val>Zaloguj się teraz</val>
				</str>
				<str name="signIn" translate="yes">
					<val>Zaloguj się</val>
				</str>
				<str name="signInLater" translate="yes">
					<val>Zaloguj się później</val>
				</str>
			</set>
		
			<set name="post_bonus">
				<str name="title" translate="yes">
					<val>Wymagane zalogowanie</val>
				</str>	
				<str name="titleMenuSignIn" translate="yes">
					<val>Logowanie</val>
				</str>		
				<str name="message" translate="yes">
					<val>Nie możesz korzystać z produktu {0}, jeśli nie zalogujesz się za pomocą identyfikatora Adobe ID.</val>
				</str>
				<str name="benefit" translate="yes">
					<val>Podaj identyfikator Adobe ID, aby uzyskać dostęp do swojego konta i zarejestrować produkt.</val>
				</str>
				<str name="userEmail" translate="yes">
					<val>Logujesz się za pomocą identyfikatora Adobe ID: {0}.</val>
				</str>
				<str name="notYou" translate="yes">
					<val>(To nie Twój identyfikator Adobe ID?)</val>
				</str>
				<str name="signInNow" translate="yes">
					<val>Zaloguj się teraz</val>
				</str>
				<str name="signIn" translate="yes">
					<val>Zaloguj się</val>
				</str>
				<str name="quit" translate="yes">
					<val>Zakończ</val>
				</str>
			</set>
		</set>
	
		<set name="exceptionScenarios">
			<set name="retail">
				<str name="title" translate="yes">
					<val>Logowanie</val>
				</str>	
				<str name="message1" translate="yes">
					<val>Zaloguj się, aby zarejestrować oprogramowanie na swój identyfikator Adobe ID.</val>
				</str>
				<str name="message2" translate="yes">
					<val>Identyfikator Adobe ID umożliwia łatwy dostęp do konta, usługi Adobe Creative Cloud i społeczności Adobe.com.</val>
				</str>		
				<str name="userEmail" translate="yes">
					<val>To oprogramowanie zostanie zalogowane i zarejestrowane na identyfikator Adobe ID: {0}.</val>
				</str>
				<str name="notYou" translate="yes">
					<val>(To nie Twój identyfikator Adobe ID?)</val>
				</str>
				<str name="signInNow" translate="yes">
					<val>Zaloguj się teraz</val>
				</str>
				<str name="signIn" translate="yes">
					<val>Zaloguj się</val>
				</str>
			</set>		
			<set name="volume">
				<str name="title" translate="yes">
					<val>Logowanie</val>
				</str>		
				<str name="message" translate="yes">
					<val>Identyfikator Adobe ID umożliwia łatwy dostęp do konta, usługi Adobe Creative Cloud i społeczności Adobe.com.</val>
				</str>		
				<str name="userEmail" translate="yes">
					<val>Zalogujemy Cię za pomocą identyfikatora Adobe ID: {0}.</val>
				</str>
				<str name="notYou" translate="yes">
					<val>(To nie Twój identyfikator Adobe ID?)</val>
				</str>
				<str name="signInNow" translate="yes">
					<val>Zaloguj się teraz</val>
				</str>
				<str name="signIn" translate="yes">
					<val>Zaloguj się</val>
				</str>
			</set>
		</set>	
	</set>
	
	<set name="trialLaunch">
		<str name="title" translate="yes">
			<val>Wersja próbna produktu {0}</val>
		</str>
		
		<set name="start">
			<str name="info" translate="yes">
				<val>Możesz korzystać z wersji próbnej tego produktu przez {0} dni.</val>
			</str>
			<str name="info_day" translate="yes">
				<val>Możesz korzystać z wersji próbnej tego produktu przez {0} dzień.</val>
			</str>
			<str name="additionalInfo" translate="yes">
				<val>Możesz nadal korzystać z produktu {0} po zakończeniu okresu próbnego, kupując oprogramowanie.</val>
			</str>
		</set>
		
		<set name="grace">
			<str name="info" translate="yes">
				<val>Okres próbny zakończy się w ciągu {0} dni.</val>
			</str>
			<str name="info_day" translate="yes">
				<val>Okres próbny zakończy się w ciągu {0} dnia.</val>
			</str>
			<str name="additionalInfo" translate="yes">
				<val>Możesz nadal korzystać z produktu {0} po zakończeniu okresu próbnego, kupując oprogramowanie.</val>
			</str>
		</set>
		
		<set name="bonus">
			<str name="info" translate="yes">
				<val>Ostatnie uruchomienie wersji próbnej produktu</val>
			</str>
			<str name="additionalInfo" translate="yes">
				<val>Okres próbny zakończył się, ale możesz po raz ostatni użyć produktu {0}.</val>
			</str>
			<str name="bonusInfo" translate="yes">
				<val>Możesz nadal korzystać z produktu {0}, kupując oprogramowanie.</val>
			</str>
		</set>
		
		<set name="expired">
			<str name="info" translate="yes">
				<val>Okres próbny zakończył się.</val>
			</str>
			<str name="additionalInfo" translate="yes">
				<val>Możesz nadal korzystać z produktu {0}, kupując oprogramowanie.</val>
			</str>
		</set>
		
		<str name="daysRemaining" translate="yes">
			<val>dni</val>
		</str>
		<str name="dayRemaining" translate="yes">
			<val>dzień pozostał</val>
		</str>
		<str name="buy" translate="yes">
			<val>Kup teraz</val>
		</str>
		<str name="buyLink" translate="no">
			<val>http://www.adobe.com/go/buy</val>
		</str>
		<str name="join" translate="yes">
			<val>Dołącz już teraz</val>
		</str>
		<str name="joinLink" translate="yes">
			<val>http://www.adobe.com/go/cc_plans_pl</val>
		</str>
		<str name="continue" translate="yes">
			<val>Kontynuuj okres próbny</val>
		</str>
		<str name="startTrial" translate="yes">
			<val>Uruchom wersję próbną</val>
		</str>
		<str name="enterSerial" translate="yes">
			<val>Uzyskaj licencję na to oprogramowanie</val>
		</str>		
	</set>
	
	<set name="deactivate">
		<str name="title" translate="yes">
			<val>Wylogowanie</val>
		</str>
		<str name="title_Fail" translate="yes">
			<val>Nieudane wylogowanie</val>
		</str>
		<str name="infoSubscription" translate="yes">
			<val>Dezaktywacja aplikacji nie powoduje zmiany subskrypcji. Subskrypcję można zmodyfikować na stronie {0}Menedżer subskrypcji{1}.</val>
		</str>
		<str name="infoSubscriptionCCMTeam" translate="yes">
			<val>Dezaktywacja aplikacji nie powoduje zmiany subskrypcji.</val>
		</str>
		<str name="adobeIDMessage" translate="yes">
			<val>Użytkownik jest obecnie zalogowany za pomocą identyfikatora {0}.</val>
		</str>
		<str name="message1" translate="yes">
			<val>Wylogowanie pozwala aktywować produkty Adobe na innym komputerze lub urządzeniu zgodnie z {0}Umową licencyjną na oprogramowanie{1}. Przed wylogowaniem upewnij się, że masz połączenie z Internetem.</val>
		</str>
		<str name="message2" translate="yes">
			<val>Po wylogowaniu następujące oprogramowanie na tym urządzeniu będzie nieaktywne do momentu ponownego zalogowania.</val>
		</str>
		<str name="messageSubscription" translate="yes">
			<val>Dezaktywacja pozwala aktywować produkty Adobe na innym komputerze, pod warunkiem że użytkownik postępuje zgodnie z {0}Umową licencyjną na oprogramowanie{1}. Do dokonania dezaktywacji potrzebne jest połączenie z Internetem.</val>
		</str>
		<str name="deActivationMsgError" translate="yes">
			<val>Jeśli ten problem będzie nadal występował, skontaktuj się z {0}działem obsługi klienta{1}. {2}</val>
		</str>
		<str name="customerSupportLink" translate="yes">
			<val>http://www.adobe.com/go/customer_support_pl</val>
		</str>
		<str name="eula_Link" translate="yes">
			<val>http://www.adobe.com/go/eulas_pl</val>
		</str>
		<str name="failure" translate="yes">
			<val>Dezaktywacja nie powiodła się. Ponów próbę.</val>
		</str>
		<str name="deactivate" translate="yes">
			<val>Wyloguj się</val>
		</str>		
		<str name="cancel" translate="yes">
			<val>Anuluj</val>
		</str>
		<str name="continue" translate="yes">
			<val>Kontynuuj</val>
		</str>
		
		<str name="offline" translate="yes">
			<val>Nawiąż połączenie z Internetem i ponów próbę</val>
		</str>		
		<str name="offlineMsg" translate="yes">
			<val>Nie można wylogować. Upewnij się, że masz połączenie z Internetem, i ponów próbę. Jeśli problem będzie nadal występował, skontaktuj się z {0}działem obsługi klienta{1}.</val>
		</str>	
		<str name="customerSupportLink" translate="yes">
			<val>http://www.adobe.com/go/customer_support_pl</val>
		</str>
	</set>
	
	<set name="trialFailed">
		<str name="title" translate="yes">
			<val>Niepowodzenie inicjacji wersji próbnej</val>
		</str>
		<str name="warning" translate="yes">
			<val>Licencja utraciła ważność.</val>
		</str>
		<str name="message" translate="yes">
			<val>Wystąpił problem z licencjonowaniem tego produktu. Zainstaluj ponownie ten produkt i ponów próbę. Jeśli po ponownym zainstalowaniu problem będzie nadal występował, skontaktuj się z {0}Obsługą klienta{1} w celu uzyskania pomocy.</val>
		</str>
		<str name="customerSupportLink" translate="yes">
			<val>http://www.adobe.com/go/customer_support_pl</val>
		</str>
		<str name="close" translate="yes">
			<val>Zamknij</val>
		</str>
		<str name="enterSerial" translate="yes">
			<val>Uzyskaj licencję na to oprogramowanie</val>
		</str>
	</set>
	
	<set name="validateSerial">
		<str name="title" translate="yes">
			<val>Weryfikacja numeru seryjnego</val>
		</str>
		
		<set name="grace">
			<str name="message" translate="yes">
				<val>Nawiąż połączenie z Internetem, aby zweryfikować numer seryjny.</val>
			</str>
		</set>
		<str name="noInternet" translate="yes">
			<val>Masz problemy z nawiązaniem połączenia z Internetem?</val>
		</str>
		<str name="validate" translate="yes">
			<val>Weryfikuj</val>
		</str>
		<str name="connectLater" translate="yes">
			<val>Nawiąż połączenie później</val>
		</str>
		<str name="quit" translate="yes">
			<val>Zakończ</val>
		</str>
	</set>
	
	<set name="offlineScrim">
		<str name="title" translate="yes">
			<val>Nawiąż połączenie z Internetem i ponów próbę</val>
		</str>
		<str name="message" translate="yes">
			<val>Twój komputer jest prawdopodobnie w trybie offline. Wymagane jest połączenie z Internetem. Nawiąż połączenie z Internetem i ponów próbę. Jeśli ten problem będzie nadal występował, skontaktuj się z {0}Obsługą klienta{1}.</val>
		</str>
		<str name="offlineActivationMsg" translate="yes">
			<val>Jeśli ten komputer nie może nawiązać połączenia z Internetem, uzyskaj więcej informacji na stronie {0} za pomocą urządzenia mającego połączenie z Internetem.</val>
		</str>
		<str name="offlineActivationLink" translate="yes">
			<val>http://www.adobe.com/go/getactivated_pl</val>
		</str>
		<str name="customerSupportLink" translate="yes">
			<val>http://www.adobe.com/go/customer_support_pl</val>
		</str>
		<str name="retry" translate="yes">
			<val>Ponów próbę</val>
		</str>
		<str name="connectLater" translate="yes">
			<val>Nawiąż połączenie później</val>
		</str>
		<str name="cancel" translate="yes">
			<val>Anuluj</val>
		</str>
	</set>
	
	<set name="dspEntitlementOfflineScrim">
		<str name="title" translate="yes">
			<val>Wymagane połączenie internetowe w celu korzystania z subskrypcji</val>
		</str>
		<str name="message" translate="yes">
			<val>Do rozpoczęcia subskrypcji wymagane jest połączenie internetowe. Jeśli masz subskrypcję, połącz się z Internetem i kliknij przycisk Ponów próbę.</val>
		</str>
		<str name="serialInfo" translate="yes">
			<val>Jeśli masz numer seryjny, kliknij przycisk Wprowadź numer seryjny, aby kontynuować.</val>
		</str>
		<str name="retry" translate="yes">
			<val>Ponów próbę</val>
		</str>
		<str name="enterSerialNumber" translate="yes">
			<val>Wprowadź numer seryjny</val>
		</str>
		<str name="cancel" translate="yes">
			<val>Wstecz</val>
		</str>
	</set>
	
	<set name="screenLoading">
		<str name="loading" translate="yes">
			<val>Trwa pobieranie...</val>
		</str>
		<str name="validatingSerial" translate="yes">
			<val>Sprawdzanie numeru seryjnego. To może potrwać kilka sekund...</val>
		</str>
		<str name="checkCall" translate="yes">
			<val>Trwa sprawdzanie stanu licencji online. Może to potrwać kilka sekund...</val>
		</str>
		<str name="autoprovisionTrial" translate="yes">
			<val>Sprawdzanie licencji na oprogramowanie...</val>
		</str>
		<str name="activation" translate="yes">
			<val>Trwa sprawdzanie licencji oprogramowania. Może to potrwać kilka sekund...</val>
		</str>
		<str name="dbaLicenseCheck" translate="yes">
			<val>Trwa sprawdzanie licencji. Może to zająć kilka sekund...</val>
		</str>
	</set>
	
	<set name="overActivation">
		<str name="title" translate="yes">
			<val>Numer seryjny</val>
		</str>
		<str name="stepMessage" translate="yes">
			<val>Numer seryjny {0} jest już wykorzystywany przez maksymalną dozwoloną liczbę komputerów. Aby korzystać z tego produktu, należy zdezaktywować w ciągu {1} dni inny komputer.</val>
		</str>
		<str name="stepMessageOneDay" translate="yes">
			<val>Numer seryjny {0} jest już wykorzystywany przez maksymalną dozwoloną liczbę komputerów. Aby korzystać z tego produktu, należy zdezaktywować w ciągu 1 dnia inny komputer.</val>
		</str>
		<str name="stepMessageBonusLaunch" translate="yes">
			<val>Numer seryjny {0} jest już wykorzystywany przez maksymalną dozwoloną liczbę komputerów. Aby ponownie korzystać z produktu {1} na tym komputerze, należy zdezaktywować inny komputer lub podać inny prawidłowy numer seryjny.</val>
		</str>
		<str name="radioButton1" translate="yes">
			<val>Ponów próbę aktywacji. Jeden z moich komputerów został już zdezaktywowany.</val>
		</str>
		<str name="radioButton2" translate="yes">
			<val>Podaj inny numer seryjny.</val>
		</str>
		<str name="continue" translate="yes">
			<val>Kontynuuj</val>
		</str>
	</set>
	<set name="overActivationPOSA">
		<str name="title" translate="yes">
			<val>Przekroczono maksymalną liczbę aktywacji</val>
		</str>
		<str name="warning" translate="yes">
			<val>Nie udało się aktywować oprogramowania na tym komputerze lub urządzeniu.</val>
		</str>
		<str name="info" translate="yes">
			<val>Ten identyfikator Adobe ID {0} został już użyty do zalogowania się i aktywacji oprogramowania na dwóch innych komputerach lub urządzeniach.</val>
		</str>
		<str name="message" translate="yes">
			<val>Ponów próbę w ciągu {0} dni od momentu dezaktywacji jednego z komputerów lub urządzeń. </val>
		</str>
		<str name="messageOneDay" translate="yes">
			<val>Ponów próbę w ciągu 1 dnia od momentu dezaktywacji jednego z komputerów lub urządzeń. </val>
		</str>
		<str name="messageBonusLaunch" translate="yes">
			<val>Ponów próbę teraz po wcześniejszej dezaktywacji jednego z komputerów lub urządzeń. </val>
		</str>
		<str name="messageExpired" translate="yes">
			<val>Ponów próbę teraz po wcześniejszej dezaktywacji jednego z komputerów lub urządzeń.</val>
		</str>
		<str name="HaveAnotherAdobeID" translate="yes">
			<val>Masz inny identyfikator Adobe ID?</val>
		</str>
		<str name="supportMessage" translate="yes">
			<val>Jeśli problem będzie nadal występował, skontaktuj się z {0}działem obsługi klienta{1}. </val>
		</str>
		<str name="customerSupportLink" translate="yes">
			<val>http://www.adobe.com/go/customer_support_pl</val>
		</str>
		<str name="retry" translate="yes">
			<val>Ponów próbę</val>
		</str>
		<str name="cancel" translate="yes">
			<val>Anuluj</val>
		</str>
		<str name="quit" translate="yes">
			<val>Zakończ</val>
		</str>
	</set>
	
	<set name="activationFailure">
		<str name="title" translate="yes">
			<val>Niepowodzenie aktywacji</val>
		</str>
		<str name="activationStepError" translate="yes">
			<val>Nie można aktywować produktu {0}.</val>
		</str>
		<str name="activationMsgError" translate="yes">
			<val>Sprawdź ustawienia połączenia z Internetem i ponów próbę. Jeśli ten problem będzie nadal występował, skontaktuj się z {0}Obsługą klienta{1}. {2}</val>
		</str>
		<str name="customerSupportLink" translate="yes">
			<val>http://www.adobe.com/go/customer_support_pl</val>
		</str>
		<str name="close" translate="yes">
			<val>Zamknij</val>
		</str>
		<str name="retry" translate="yes">
			<val>Ponów próbę</val>
		</str>
	</set>
	<set name="activationRequired">
		<str name="title" translate="yes">
			<val>Wymagana aktywacja</val>
		</str>
		<str name="activationMsgOneDay" translate="yes">
			<val>Nawiąż połączenie z Internetem. Produkt {0} należy aktywować w ciągu 1 dnia. W przeciwnym razie przestanie działać.</val>
		</str>
		<str name="activationMsg" translate="yes">
			<val>Nawiąż połączenie z Internetem. Produkt {0} należy aktywować w ciągu {1} dni. W przeciwnym razie przestanie działać.</val>
		</str>
		<str name="activationMsgBonus" translate="yes">
			<val>Nawiąż połączenie z Internetem. Produkt {0} należy aktywować dzisiaj. W przeciwnym razie przestanie działać.</val>
		</str>
		<str name="activateLater" translate="yes">
			<val>Aktywuj później</val>
		</str>
		<str name="retry" translate="yes">
			<val>Aktywuj teraz</val>
		</str>
	</set>
	<set name="licenseMismatch">
			<str name="title" translate="yes">
				<val>Nieprawidłowa licencja</val>
			</str>
			<str name="warning" translate="yes">
				<val>Zainstalowane na tym komputerze oprogramowanie ma dodatkowe funkcje, z których nie możesz korzystać w ramach obecnej licencji.</val>
			</str>
			<str name="message" translate="yes">
				<val>Aby skorzystać z tego oprogramowania, pobierz i zainstaluj bezterminową kopię tego produktu. W tym celu wykonaj poniższe instrukcje:</val>
			</str>
			<str name="point1" translate="yes">
				<val>1. Odinstaluj bieżący produkt objęty subskrypcją.</val>
			</str>
			<str name="point2" translate="yes">
				<val>2.	Pobierz produkt {0} z witryny {1}www.adobe.com{2}.</val>
			</str>
			<str name="point3" translate="yes">
				<val>3. Zainstaluj produkt {0} pobrany z witryny adobe.com.</val>
			</str>
			<str name="ok" translate="yes">
				<val>OK</val>
			</str>
			<str name="adobeLnk" translate="yes">
				<val>http://www.adobe.com/go/downloads_pl</val>
			</str>
		</set>
	
	<set name="confirmationDialog">
		<str name="title" translate="yes">
			<val>Zakończ</val>
		</str>
		<str name="message" translate="yes">
			<val>Czy na pewno chcesz zakończyć?</val>
		</str>
		<str name="primaryButtonLabel" translate="yes">
			<val>Tak</val>
		</str>
		<str name="secondaryButtonLabel" translate="yes">
			<val>Nie</val>
		</str>
	</set>
	
	<set name="inAppTrials">
		<str name="loading" translate="yes">
			<val>Trwa pobieranie...</val>
		</str>
		<str name="title" translate="yes">
			<val>Wersja próbna produktu {0}</val>
		</str>
		<str name="continue" translate="yes">
			<val>Kontynuuj okres próbny</val>
		</str>
		<str name="startTrial" translate="yes">
			<val>Uruchom wersję próbną</val>
		</str>
		<str name="enterSerial" translate="yes">
			<val>Uzyskaj licencję na to oprogramowanie</val>
		</str>
		<str name="privacySettings" translate="yes">
			<val>Ustawienia prywatności</val>
		</str>
		<str name="tutorialsList" translate="yes">
			<val>{0} z {1}</val>
		</str>
		<str name="videoLoadingError" translate="yes">
			<val>Błąd podczas ładowania wideo.</val>
		</str>
		<str name="tryAgain" translate="yes">
			<val>Ponów próbę</val>
		</str>
		<str name="exitFullScreen" translate="yes">
			<val>Naciśnij klawisz ESC, aby wyjść z trybu pełnoekranowego.</val>
		</str>
		<str name="okay" translate="yes">
			<val>OK</val>
		</str>
		<str name="cancel" translate="yes">
			<val>Anuluj</val>
		</str>
		<str name="privacyText" translate="yes">
			<val>Możemy poprosić Cię o podanie dodatkowych informacji, takich jak doświadczenie w korzystaniu z oprogramowania, tak abyśmy mogli dostosować zawartość do Twoich potrzeb.</val>
		</str>
		<str name="privacyPolicyText" translate="yes">
			<val>Aby uzyskać informacje na temat zbieranych przez nas danych dotyczących używania produktu oraz tego, w jaki sposób firma Adobe wykorzystuje te dane, w tym jak wychodzimy naprzeciw Twoim oczekiwaniom, {0}kliknij tutaj{1} i zobacz {2}Zasady ochrony prywatności online firmy Adobe{3}</val>
		</str>
		<str name="optInText" translate="yes">
			<val>Wyłącz wyświetlanie niestandardowej zawartości próbnej. Przy następnym uruchomieniu wersji próbnej nie będzie wyświetlana żadna niestandardowa zawartość.</val>
		</str>
		<str name="privacyPortalLink" translate="yes">
			<val>http://www.adobe.com/go/adobe_privacy_portal_pl</val>
		</str>
		<str name="privacyPolicyLink" translate="yes">
			<val>http://www.adobe.com/go/privacy_pl</val>
		</str>		
		
	</set>
	
	<set name="noInternetConnection">
		<str name="title" translate="yes">
			<val>Brak połączenia internetowego</val>
		</str>
		<str name="para1" translate="yes">
			<val>Na tym komputerze nie można wykryć połączenia internetowego.</val>
		</str>
		<str name="para2" translate="yes">
			<val>Aktywacja i rejestracja są wymagane i muszą zostać ukończone w ciągu {0} dni. Jeśli ten komputer ma łączność z Internetem, proces potrwa tylko kilka minut.</val>
		</str>
		<str name="para2_day" translate="yes">
			<val>Aktywacja i rejestracja są wymagane i muszą zostać ukończone w ciągu 1 dnia. Jeśli ten komputer ma łączność z Internetem, proces potrwa tylko kilka minut.</val>
		</str>
		<str name="para2_end" translate="yes">
			<val>Aktywacja i rejestracja są wymagane i muszą zostać ukończone. Jeśli ten komputer ma łączność z Internetem, proces potrwa tylko kilka minut.</val>
		</str>
		<str name="para2_optional" translate="yes">
			<val>Aktywacja jest wymagana i musi zostać ukończona w ciągu {0} dni. Jeśli ten komputer ma łączność z Internetem, proces potrwa tylko kilka minut.</val>
		</str>
		<str name="para2_day_optional" translate="yes">
			<val>Aktywacja jest wymagana i musi zostać ukończona w ciągu 1 dnia. Jeśli ten komputer ma łączność z Internetem, proces potrwa tylko kilka minut.</val>
		</str>
		<str name="para2_end_optional" translate="yes">
			<val>Aktywacja jest wymagana i musi zostać ukończona. Jeśli ten komputer ma łączność z Internetem, proces potrwa tylko kilka minut.</val>
		</str>
		<str name="para3" translate="yes">
			<val>Jeśli ten komputer nie może nawiązać połączenia z Internetem, kliknij opcję Aktywacja w trybie offline. W celu przeprowadzenia aktywacji oprogramowania w trybie offline potrzebne będzie urządzenie mające połączenie z Internetem oraz numer seryjny produktu.</val>
		</str>
		<str name="para3_optional" translate="yes">
			<val>Jeśli ten komputer w ogóle nie ma połączenia z Internetem, kliknij opcję Aktywacja w trybie offline. W celu ukończenia procesu aktywacji w trybie offline potrzebne będzie urządzenie mające połączenie z Internetem oraz numer seryjny produktu.</val>
		</str>
		<str name="hyperlinkText" translate="yes">
			<val>Ten komputer jest podłączony do Internetu. Przyczyna problemu nieznana.</val>
		</str>
		<str name="hyperlinkTooltipText" translate="yes">
			<val>Skontaktuj się z administratorem lub zadzwoń do działu obsługi klienta firmy Adobe.</val>
		</str>
		<str name="offlineActivate" translate="yes">
			<val>Aktywacja w trybie offline</val>
		</str>
		<str name="back" translate="yes">
			<val>Wstecz</val>
		</str>
	</set>
	
	<set name="offlineActivation">
		<str name="title" translate="yes">
			<val>Aktywacja w trybie offline</val>
		</str>
		<set name="StepError">
			<str name="requestCodeExpired" translate="yes">
				<val>Kod żądania {0} wygasł. Postępuj zgodnie z krokami podanymi poniżej, aby ukończyć aktywację w trybie offline.</val>
			</str>
			<str name="requestCodeGenError" translate="yes">
				<val>Nie można wygenerować kodu żądania. Ponów próbę.</val>
			</str>
		</set>
		<str name="para1" translate="yes">
			<val>1. Kliknij przycisk Wygeneruj kod żądania znajdujący się poniżej. Kod jest powiązany z danym komputerem i będzie ważny tylko przez 72 godziny. Jeśli nie uda Ci się ukończyć aktywacji w ciągu 72 godzin, poproś o nowy kod.</val>
		</str>
		<str name="para2" translate="yes">
			<val>2. Za pomocą urządzenia mającego połączenie z Internetem przejdź do strony Adobe.com/go/getactivated_pl.</val>
		</str>
		<str name="para3" translate="yes">
			<val>3. Po pojawieniu się odpowiednich monitów wprowadź kod otrzymany w kroku 1 oraz numer seryjny. Zostanie wygenerowany kod odpowiedzi.</val>
		</str>
		<str name="para4" translate="yes">
			<val>4. Wprowadź kod odpowiedzi na komputerze pracującym w trybie offline i kliknij przycisk Aktywuj.</val>
		</str>
		<str name="para5" translate="yes">
			<val>Kliknij przycisk Wstecz, aby aktywować oprogramowanie w trybie online.</val>
		</str>
		<str name="hyperlinkText" translate="yes">
			<val>Chcę przeprowadzić aktywację szybciej przez Internet.</val>
		</str>
		<str name="back" translate="yes">
			<val>Wstecz</val>
		</str>
		<str name="activateLater" translate="yes">
			<val>Aktywuj później</val>
		</str>
		<str name="quit" translate="yes">
			<val>Zakończ</val>
		</str>
		<str name="generateRequestCode" translate="yes">
			<val>Wygeneruj kod żądania</val>
		</str>
		<str name="customerSupportLink" translate="yes">
			<val>http://www.adobe.com/go/customer_support_pl</val>
		</str>
	</set>
	
	<set name="offlineActivationCode">
		<str name="title" translate="yes">
			<val>Aktywacja w trybie offline</val>
		</str>
		<set name="StepError">
			<str name="invalidResponseCode" translate="yes">
				<val>Wprowadzony kod odpowiedzi jest nieprawidłowy. Wprowadź ponownie.</val>
			</str>
			<str name="requestCodeExpired" translate="yes">
				<val>Kod żądania {0} wygasł. Postępuj zgodnie z krokami podanymi poniżej, aby ukończyć aktywację w trybie offline.</val>
			</str>
			<str name="verifyError" translate="yes">
				<val>Nie można zweryfikować wprowadzonego kodu odpowiedzi. Ponów próbę.</val>
			</str>
		</set>
		<str name="requestCode" translate="yes">
			<val>Kod żądania:</val>
		</str>
		<str name="para1" translate="yes">
			<val>Masz {0} na pobranie kodu odpowiedzi ze strony www.adobe.com/go/getactivated_pl i wprowadzenie go poniżej.</val>
		</str>
		<str name="responseCode" translate="yes">
			<val>Kod odpowiedzi:</val>
		</str>
		<str name="hyperlinkText" translate="yes">
			<val>Chcę przeprowadzić aktywację szybciej przez Internet.</val>
		</str>
		<str name="back" translate="yes">
			<val>Wstecz</val>
		</str>
		<str name="activateLater" translate="yes">
			<val>Aktywuj później</val>
		</str>
		<str name="quit" translate="yes">
			<val>Zakończ</val>
		</str>
		<str name="activate" translate="yes">
			<val>Aktywuj</val>
		</str>
		<str name="hour" translate="yes">
			<val>godz.</val>
		</str>
		<str name="hours" translate="yes">
			<val>godz.</val>
		</str>
		<str name="customerSupportLink" translate="yes">
			<val>http://www.adobe.com/go/customer_support_pl</val>
		</str>
	</set>
	
	<set name="offlineActivationComplete">
		<str name="title" translate="yes">
			<val>Aktywacja w trybie offline ukończona</val>
		</str>
		<str name="message" translate="yes">
			<val>Produkt {0} został pomyślnie aktywowany i jest gotowy do użycia.</val>
		</str>
		<str name="close" translate="yes">
			<val>Zamknij</val>
		</str>
		<str name="launch" translate="yes">
			<val>Uruchom</val>
		</str>
	</set>
	
	<set name="unableToActivate">
		<str name="title" translate="yes">
			<val>Niepowodzenie aktywacji</val>
		</str>
		<str name="warning" translate="yes">
			<val>Nie można aktywować produktu {0}.</val>
		</str>
		<str name="para1" translate="yes">
			<val>Aby korzystać z tego produktu, należy go aktywować.</val>
		</str>
		<str name="para2" translate="yes">
			<val>Do aktywacji produktu niezbędne jest sprawne połączenie internetowe. Sprawdź ustawienia połączenia i wybierz opcję Ponów próbę.</val>
		</str>
		<str name="tryAgain" translate="yes">
			<val>Ponów próbę</val>
		</str>
		<str name="close" translate="yes">
			<val>Zamknij</val>
		</str>
		<str name="noInternet" translate="yes">
			<val>Masz problemy z nawiązaniem połączenia z Internetem?</val>
		</str>
	</set>
	
	<set name="dspSubscriptionActivated">
		<str name="title" translate="yes">
			<val>Dziękujemy</val>
		</str>
		<str name="message" translate="yes">
			<val>Licencja na produkt {0} będzie od tej pory przypisana do identyfikatora {1}. Kliknij przycisk Kontynuuj, aby zacząć korzystać z oprogramowania.</val>
		</str>
		<str name="continue" translate="yes">
			<val>Kontynuuj</val>
		</str>
	</set>
	<set name="dspSubscriptionActivatedForTrial">
		<str name="title" translate="yes">
			<val>Dziękujemy</val>
		</str>
		<str name="message" translate="yes">
			<val>Gratulujemy zakupu produktu {0} przy użyciu następującego identyfikatora Adobe ID: {1}. Kliknij przycisk Kontynuuj, aby zacząć korzystać z licencjonowanej kopii oprogramowania.</val>
		</str>
		<str name="continue" translate="yes">
			<val>Kontynuuj</val>
		</str>
	</set>
	
	<set name="dspOverActivation">
		<str name="title" translate="yes">
			<val>Przekroczono maksymalną liczbę aktywacji</val>
		</str>
		<str name="warning" translate="yes">
			<val>Nie można aktywować produktu {0}.</val>
		</str>
		<str name="message" translate="yes">
			<val>Subskrypcja na ten produkt powiązana z tym identyfikatorem Adobe ID jest już aktywna na co najmniej dwóch komputerach. Kliknij przycisk Kontynuuj, aby zdezaktywować subskrypcję na innych komputerach i aktywować ją na tym komputerze, albo przycisk Uzyskaj licencję na to oprogramowanie, aby zalogować się za pomocą innego identyfikatora Adobe ID.</val>
		</str>
		<str name="activationPolicy" translate="yes">
			<val>{0}Zasady aktywacji{1}</val>
		</str>
		<str name="activationPolicyLink" translate="yes">
			<val>http://www.adobe.com/go/activation_pl</val>
		</str>
		<str name="licenseThisSoftware" translate="yes">
			<val>Uzyskaj licencję na to oprogramowanie</val>
		</str>
		<str name="continue" translate="yes">
			<val>Kontynuuj</val>
		</str>
	</set>
	<set name="dspSignInFailedOA">
		<str name="title" translate="yes">
			<val>Niepowodzenie logowania</val>
		</str>
		<str name="warning" translate="yes">
			<val>Zalogowanie na tym komputerze lub urządzeniu jest niemożliwe.</val>
		</str>
		<str name="message" translate="yes">
			<val>Ten identyfikator Adobe ID {0} został już użyty do aktywacji oprogramowania na dwóch różnych komputerach lub urządzeniach.</val>
		</str>
		<str name="radioButton1" translate="yes">
			<val>Ponów próbę. Nastąpiło wylogowanie na jednym z urządzeń.</val>
		</str>
		<str name="radioButton2" translate="yes">
			<val>Wyloguj mnie na wszystkich pozostałych komputerach lub urządzeniach.</val>
		</str>
		<str name="differentAdobeIDLink" translate="yes">
			<val>Masz inny identyfikator Adobe ID?</val>
		</str>
		<str name="continue" translate="yes">
			<val>Kontynuuj</val>
		</str>
	</set>
	<set name="subscriptionNotFound">
		<str name="title" translate="yes">
			<val>Nie znaleziono subskrypcji</val>
		</str>
		<str name="message" translate="yes">
			<val>Nie udało się znaleźć subskrypcji na produkt {0} powiązanej z tym identyfikatorem Adobe ID. Kup {1}nową subskrypcję{2}. Jeśli masz subskrypcję, ale nie możesz uzyskać do niej dostępu, skontaktuj się z {3}działem obsługi klienta{4}.</val>
		</str>
		<str name="messageTrial" translate="yes">
			<val>Możesz również uruchomić ten produkt w wersji próbnej.</val>
		</str>
		<str name="messageTrialContinue" translate="yes">
			<val>Możesz również kontynuować pracę z tym produktem w ramach okresu próbnego.</val>
		</str>
		<str name="differentAdobeIDLink" translate="yes">
			<val>Masz inny identyfikator Adobe ID?</val>
		</str>
		<str name="quit" translate="yes">
			<val>Zakończ</val>
		</str>
		<str name="startTrial" translate="yes">
			<val>Uruchom wersję próbną</val>
		</str>
		<str name="continueTrial" translate="yes">
			<val>Kontynuuj okres próbny</val>
		</str>
		<str name="NewSubscriptionLinkForCC" translate="yes">
        	<val>http://www.adobe.com/go/cc_plans_pl</val>
        </str>
        <str name="NewSubscriptionLinkForNonCC" translate="yes">
        	<val>http://www.adobe.com/go/products_pl</val>
        </str>
		<str name="customerSupportLink" translate="yes">
			<val>http://www.adobe.com/go/customer_support_pl</val>
		</str>
	</set>
	
	<set name="dspAdobeIDMismatch">
		<str name="title" translate="yes">
			<val>Ponów próbę</val>
		</str>
		<str name="titleReactivationWF" translate="yes">
			<val>Niepowodzenie logowania</val>
		</str>
		<str name="warning" translate="yes">
			<val>Niezgodny identyfikator Adobe ID</val>
		</str>
		<str name="warningReactivationWF" translate="yes">
			<val>Nie udało się aktywować subskrypcji na tym komputerze lub urządzeniu.</val>
		</str>
		<str name="message" translate="yes">
			<val>Identyfikator Adobe ID użyty do zalogowania się jest niezgodny z identyfikatorem powiązanym z tą subskrypcją. Zaloguj się za pomocą identyfikatora Adobe ID powiązanego z tą subskrypcją.</val>
		</str>
		<str name="message1ReactivationWF" translate="yes">
			<val>Identyfikator Adobe ID użyty do zalogowania się nie jest taki sam jak identyfikator powiązany z bieżącą licencją subskrypcyjną obecną na tym komputerze lub urządzeniu.</val>
		</str>
		<str name="message2ReactivationWF" translate="yes">
			<val>Kliknij przycisk Wstecz i zaloguj się za pomocą identyfikatora Adobe ID powiązanego z tą subskrypcją lub kliknij przycisk Zaloguj się później, aby zalogować się za pomocą innego identyfikatora przy następnym uruchomieniu oprogramowania.</val>
		</str>
		<str name="back" translate="yes">
			<val>Wstecz</val>
		</str>
		<str name="quit" translate="yes">
			<val>Zakończ</val>
		</str>
		<str name="signInLater" translate="yes">
			<val>Zaloguj się później</val>
		</str>
	</set>
	
	<set name="dspSubscriptionExpired">
		<str name="title" translate="yes">
			<val>Odnawianie subskrypcji</val>
		</str>
		<str name="message" translate="yes">
			<val>Przejdź do {0}Menedżera subskrypcji{1}, aby odnowić subskrypcję na produkt {2} i korzystać z niego bez zakłóceń. Jeśli subskrypcja została właśnie odnowiona, zaczekaj 15 min i ponów próbę.</val>
		</str>
		<str name="messageCCMTeamPara1" translate="yes">
			<val>Skontaktuj się z administratorem, aby odnowić subskrypcję i kontynuować korzystanie z produktu.</val>
		</str>
		<str name="messageCCMTeamPara2" translate="yes">
			<val>Jeśli subskrypcja została już odnowiona, odczekaj 15 min i ponów próbę.</val>
		</str>
		<str name="signedInMessage" translate="yes">
			<val>Do zalogowania użyto następującego identyfikatora Adobe ID: {0}.</val>
		</str>
		<str name="subscriptionManagerLinkForCC" translate="yes">
			<val> http://www.adobe.com/go/cc_manage_act_pl</val>
		</str>
		<str name="subscriptionManagerLinkForNonCC" translate="yes">
			<val>http://www.adobe.com/go/subscriptionedition_pl</val>
		</str>
		<str name="tryAgain" translate="yes">
			<val>Ponów próbę</val>
		</str>
		<str name="close" translate="yes">
			<val>Zamknij</val>
		</str>
		<str name="differentAdobeIDLink" translate="yes">
			<val>Masz inny identyfikator Adobe ID?</val>
		</str>
		<str name="OfflineMessage" translate="yes">
			<val>Niestety teraz nie możemy połączyć się z serwerem Adobe Server. Kliknij {0}tutaj{1}, aby rozwiązać problemy z połączeniem. Jeśli ten problem będzie nadal występował, skontaktuj się z {2}działem obsługi klienta{3}.</val>
		</str>
	</set>
	<set name="dspSubscriptionExpiredCCT">
		<str name="title" translate="yes">
			<val>Członkostwo wygasło</val>
		</str>
		<str name="message" translate="yes">
			<val>Nie masz już dostępu do produktu {0}. Skontaktuj się z administratorem, aby odnowić członkostwo i kontynuować korzystanie z produktu {1}.</val>
		</str>
		<str name="signedInMessage" translate="yes">
			<val>Do zalogowania użyto następującego identyfikatora Adobe ID: {0}.</val>
		</str>
		<str name="info" translate="yes">
			<val>Kliknij, aby wyświetlić {0}szczegóły konta{1} lub uzyskać {2}więcej informacji{3} o planach członkowskich Adobe.</val>
		</str>
		<str name="accountDetailsLink" translate="yes">
			<val> http://www.adobe.com/go/cc_manage_act_pl</val>
		</str>
		<str name="learnMoreLink" translate="yes">
			<val>http://www.adobe.com/go/cc_plans_pl </val>
		</str>
		<str name="tryAgain" translate="yes">
			<val>Ponów próbę</val>
		</str>
		<str name="close" translate="yes">
			<val>Zamknij</val>
		</str>
		<str name="differentAdobeIDLink" translate="yes">
			<val>Masz inny identyfikator Adobe ID?</val>
		</str>
		<str name="OfflineMessage" translate="yes">
			<val>Niestety teraz nie możemy połączyć się z serwerem Adobe Server. Kliknij {0}tutaj{1}, aby rozwiązać problemy z połączeniem. Jeśli ten problem będzie nadal występował, skontaktuj się z {2}działem obsługi klienta{3}.</val>
		</str>
	</set>
	
	<set name="dspCheckGenericError">
		<str name="title" translate="yes">
			<val>Ponów próbę</val>
		</str>
		<str name="warning" translate="yes">
			<val>Nie udało się rozpocząć subskrypcji na produkt {0}.</val>
		</str>
		<str name="message" translate="yes">
			<val>Odczekaj chwilę i ponów próbę.</val>
		</str>
		<str name="tryAgain" translate="yes">
			<val>Ponów próbę</val>
		</str>
		<str name="quit" translate="yes">
			<val>Zakończ</val>
		</str>
	</set>
	
	<set name="dspSubscriptionVerified">
		<str name="title" translate="yes">
			<val>Dziękujemy</val>
		</str>
		<str name="message" translate="yes">
			<val>Subskrypcja na produkt {0} jest teraz aktywna. Kliknij przycisk Kontynuuj, aby rozpocząć pracę z produktem.</val>
		</str>
		<str name="continue" translate="yes">
			<val>Kontynuuj</val>
		</str>
	</set>
	
	<set name="dspSubscriptionReactivation">
		<str name="title" translate="yes">
			<val>Wymagane zalogowanie</val>
		</str>
		<str name="message" translate="yes">
			<val>Nastąpiło wylogowanie z tego komputera lub urządzenia. Kliknij przycisk Zaloguj się teraz, aby aktywować licencję na tym urządzeniu, albo przycisk Kontynuuj, aby zalogować się przy następnym uruchomieniu.</val>
		</str>
		<str name="signInNow" translate="yes">
			<val>Zaloguj się teraz</val>
		</str>
		<str name="continue" translate="yes">
			<val>Kontynuuj</val>
		</str>
	</set>
	
	<set name="dspReminder">
		<set name="ccInfoReminder">
			<str name="title" translate="yes">
				<val>Przypomnienie o subskrypcji</val>
			</str>
			<str name="message" translate="yes">
				<val>Subskrypcja wkrótce wygaśnie.</val>
			</str>
			<str name="info" translate="yes">
				<val>Z posiadanych danych wynika, że z tym kontem subskrypcji nie jest powiązana żadna forma płatności. Przejdź do {0}Menedżera subskrypcji{1} i podaj wymagane informacje dotyczące płatności, aby odnowić subskrypcję na produkt {2} i korzystać z niego bez zakłóceń.</val>
			</str>
			<str name="infoCCMTeam" translate="yes">
				<val>Skontaktuj się z administratorem, aby zachować stały dostęp do tego produktu.</val>
			</str>
		</set>
		
		<set name="graceReminder">
			<str name="title" translate="yes">
				<val>Subskrypcja wygasła</val>
			</str>
			<str name="message" translate="yes">
				<val>Subskrypcja na produkt {0} wygasła.</val>
			</str>
			<str name="info" translate="yes">
				<val>Przejdź do {0}Menedżera subskrypcji{1}, aby odnowić subskrypcję na produkt {2} i korzystać z niego bez zakłóceń. Pozostał jeszcze krótki okres na odnowienie subskrypcji, po upływie którego dostęp do produktu nie będzie już możliwy.</val>
			</str>
			<str name="infoCCMTeam" translate="yes">
				<val>Skontaktuj się z administratorem, aby odnowić subskrypcję i kontynuować korzystanie z produktu. Okres, w którym możesz odnowić subskrypcję, jest ograniczony i po jego upływie nie będziesz mieć już dostępu do produktu.</val>
			</str>
		</set>
		<set name="monthlyGraceReminderOffline">
			<str name="title" translate="yes">
				<val>Niestety teraz nie możemy połączyć się z serwerem Adobe Server</val>
			</str>
			<str name="message" translate="yes">
				<val>Przypominamy, że musimy zweryfikować ważność Twojego członkostwa. Do dnia {1} możesz korzystać z produktu {0} w trybie offline, jednak gdy do tego czasu nie będziemy mogli połączyć się z serwerem Adobe Server, produkt przestanie działać.</val>
			</str>
			<str name="info" translate="yes">
				<val>Kliknij {0}tutaj{1}, aby rozwiązać problemy z połączeniem.</val>
			</str>
		</set>
		<set name="dailyGraceReminderOffline">
			<str name="title" translate="yes">
				<val>Niestety teraz nie możemy połączyć się z serwerem Adobe Server</val>
			</str>
			<str name="message" translate="yes">
				<val>Przypominamy, że musimy zweryfikować ważność Twojego członkostwa. Możesz korzystać z produktu {0} w trybie offline, jednak gdy nie połączysz się z serwerem Adobe Server w wyświetlonym czasie, produkt przestanie działać.</val>
			</str>
			<str name="info" translate="yes">
				<val>Kliknij {0}tutaj{1}, aby rozwiązać problemy z połączeniem.</val>
			</str>
		</set>
		<set name="billingFailureReminder">
			<str name="title" translate="yes">
				<val>Sprawdź informacje rozliczeniowe</val>
			</str>
			<str name="message" translate="yes">
				<val>Wykryliśmy problem z dokonaną ostatnio przez Ciebie opłatą za produkt {0}. Połącz się z Internetem, aby {1}zarządzać kontem{2} i sprawdzić swoje informacje rozliczeniowe.</val>
			</str>
			<str name="info" translate="yes">
				<val>Jeśli problem nie zostanie rozwiązany w podanym czasie, produkt {0} przestanie działać. W przypadku niedawnej zmiany informacji rozliczeniowych aktualizacja statusu członkostwa może zająć do 24 godzin.</val>
			</str>
			<str name="messageCCMTeam" translate="yes">
				<val>Wykryliśmy problem z dokonaną ostatnio przez Twój zespół opłatą za produkt {0}. Skontaktuj się z administratorem, aby rozwiązać problem, lub jeśli jesteś administratorem głównym, połącz się z Internetem, aby {1}zarządzać kontem{2}. Jeśli problem nie zostanie rozwiązany w wyświetlonym czasie, produkt przestanie działać.</val>
			</str>
			<str name="offlineError" translate="yes">
				<val>Niestety teraz nie możemy połączyć się z serwerem Adobe Server, aby sprawdzić, czy problem z rozliczeniami został rozwiązany. Kliknij {0}tutaj{1}, aby rozwiązać problemy z połączeniem.</val>
			</str>
		</set>
		<set name="billingFailureReminderCCT">
			<str name="title" translate="yes">
				<val>Wygaśnięcie członkostwa</val>
			</str>
			<str name="warning" translate="yes">
				<val>Twoje członkostwo wygasło.</val>
			</str>
			<str name="message" translate="yes">
				<val>Za {0} d. wygaśnie Twoje członkostwo zapewniające dostęp do produktu {1}. Skontaktuj się z administratorem, aby uzyskać dodatkową pomoc.</val>
			</str>
			<str name="messageOneDay" translate="yes">
				<val>Za 1 dzień wygaśnie Twoje członkostwo zapewniające dostęp do produktu {0}. Skontaktuj się z administratorem, aby uzyskać dodatkową pomoc.</val>
			</str>
			<str name="messageBonusLaunch" translate="yes">
				<val>Wygasło członkostwo zapewniające Ci dostęp do produktu {0}. Możesz go użyć po raz ostatni. Skontaktuj się z administratorem, aby uzyskać dodatkową pomoc.</val>
			</str>
			<str name="messageBonusLaunchShort" translate="yes">
				<val>Możesz użyć tego produktu po raz ostatni. Skontaktuj się z administratorem, aby uzyskać dodatkową pomoc.</val>
			</str>
			<str name="info" translate="yes">
				<val>Kliknij, aby wyświetlić {0}szczegóły konta{1} lub uzyskać {2}więcej informacji{3} o planach członkowskich Adobe.</val>
			</str>
			<str name="accountDetailsLink" translate="yes">
				<val> http://www.adobe.com/go/cc_manage_act_pl</val>
			</str>
			<str name="learnMoreLink" translate="yes">
				<val>http://www.adobe.com/go/cc_plans_pl </val>
			</str>
			<str name="offlineError" translate="yes">
				<val>Niestety teraz nie możemy połączyć się z serwerem Adobe Server, aby sprawdzić, czy problem z rozliczeniami został rozwiązany. Kliknij {0}tutaj{1}, aby rozwiązać problemy z połączeniem.</val>
			</str>
		</set>
		<set name="combinedSubIssueReminder">
			<str name="title" translate="yes">
				<val>Wystąpił problem z weryfikacją Twojego konta</val>
			</str>
			<str name="message" translate="yes">
				<val>Jesteś w trybie offline lub wystąpił problem rozliczeniowy na Twoim koncie. Przejdź do trybu online, aby zarządzać kontem i zweryfikować informacje rozliczeniowe. Jeśli masz inne pytania lub wystąpiły inne problemy, skontaktuj się z {0}działem obsługi klienta{1}.</val>
			</str>
			<str name="messageCCMTeam1" translate="yes">
				<val>Jesteś w trybie offline lub wystąpił problem rozliczeniowy na Twoim koncie grupowym. Skontaktuj się z administratorem, aby rozwiązać ten problem.</val>
			</str>
			<str name="messageCCMTeam2" translate="yes">
				<val> Jeśli masz inne pytania, skontaktuj się z {0}działem obsługi klienta{1}.</val>
			</str>
			<str name="offlineError" translate="yes">
				<val>Przejdź do trybu online, abyśmy mogli usunąć problem, lub kliknij przycisk Kontynuuj, aby pozostać w trybie offline i otrzymać przypomnienie później.</val>
			</str>
		</set>
		
		<str name="subscriptionManagerLinkForCC" translate="yes">
			<val>http://www.adobe.com/go/cc_manage_act_pl</val>
		</str>
		<str name="subscriptionManagerLinkForNonCC" translate="yes">
			<val>http://www.adobe.com/go/subscriptionedition_pl</val>
		</str>
		<str name="offline" translate="yes">
			<val>Łączenie z serwerem Adobe Server nie powiodło się. Sprawdź ustawienia połączenia i kliknij przycisk Ponów próbę.</val>
		</str>
		<str name="subscriptionPolicy" translate="yes">
			<val>{0}Zasady subskrypcji{1}</val>
		</str>
		<str name="subscriptionPolicyLink" translate="yes">
			<val>http://www.adobe.com/go/subscription_policy_pl</val>
		</str>
		<str name="customerSupportLink" translate="yes">
			<val>http://www.adobe.com/go/customer_support_pl</val>
		</str>
		<str name="offlineTroubleshootLink" translate="yes">
			<val>http://www.adobe.com/go/activation_network_issues_pl</val>
		</str>
		<str name="daysRemaining" translate="yes">
			<val>dni</val>
		</str>
		<str name="dayRemaining" translate="yes">
			<val>dzień pozostał</val>
		</str>
		<str name="continue" translate="yes">
			<val>Kontynuuj</val>
		</str>
		<str name="tryAgain" translate="yes">
			<val>Ponów próbę</val>
		</str>
		<str name="retry" translate="yes">
			<val>Ponów próbę</val>
		</str>
		<str name="remindLater" translate="yes">
			<val>Przypomnij mi później</val>
		</str>
		<str name="OK" translate="yes">
			<val>OK</val>
		</str>
	</set>
	
	<set name="dspSuspended">
		<set name="activationSuspended">
			<str name="title" translate="yes">
				<val>Niepowodzenie aktywacji</val>
			</str>
			<str name="warning" translate="yes">
				<val>Nie można aktywować produktu {0}.</val>
			</str>
			<str name="message" translate="yes">
				<val>Data w systemie użytkownika różni się od daty na naszym serwerze. Data w systemie użytkownika może różnić się od daty na serwerze Adobe o maksymalnie trzy dni ({0}).</val>
			</str>
			<str name="info" translate="yes">
				<val>Sprawdź ustawienia daty na komputerze i ponów próbę. Jeśli ten problem będzie nadal występował, skontaktuj się z {0}Obsługą klienta{1}.</val>
			</str>
		</set>
		
		<set name="subscriptionSuspended">
			<str name="title" translate="yes">
				<val>Subskrypcja zawieszona</val>
			</str>
			<str name="warning" translate="yes">
				<val>Subskrypcja na produkt {0} została zawieszona.</val>
			</str>
			<str name="message" translate="yes">
				<val>Data w systemie użytkownika różni się od daty na naszym serwerze. Data w systemie użytkownika może różnić się od daty na serwerze Adobe o maksymalnie trzy dni ({0}).</val>
			</str>
			<str name="info" translate="yes">
				<val>Sprawdź ustawienia daty na komputerze i ponów próbę. Jeśli ten problem będzie nadal występował, skontaktuj się z {0}Obsługą klienta{1}.</val>
			</str>
		</set>
		
		<set name="subscriptionWindback">
			<str name="title" translate="yes">
				<val>Subskrypcja zawieszona</val>
			</str>
			<str name="warning" translate="yes">
				<val>Subskrypcja na produkt {0} została zawieszona.</val>
			</str>
			<str name="message" translate="yes">
				<val>Data i godzina systemowa są nieprawidłowe. Ustaw aktualny czas w zegarze systemowym i kliknij przycisk Ponów próbę. Jeśli ten problem będzie nadal występował, skontaktuj się z {0}Obsługą klienta{1}.</val>
			</str>
		</set>
		
		<str name="customerSupportLink" translate="yes">
			<val>http://www.adobe.com/go/customer_support_pl</val>
		</str>
		<str name="activationPolicy" translate="yes">
			<val>{0}Zapoznaj się z Zasadami aktywacji{1}</val>
		</str>
		<str name="activationPolicyLink" translate="yes">
			<val>http://www.adobe.com/go/activation_pl</val>
		</str>
		<str name="subscriptionPolicy" translate="yes">
			<val>{0}Zasady subskrypcji{1}</val>
		</str>
		<str name="subscriptionPolicyLink" translate="yes">
			<val>http://www.adobe.com/go/subscription_policy_pl</val>
		</str>
		<str name="quit" translate="yes">
			<val>Zakończ</val>
		</str>
		<str name="tryAgain" translate="yes">
			<val>Ponów próbę</val>
		</str>
	</set>
	
	<set name="dateTimeFormats">
		<str name="dateFormat_Long" translate="yes">
			<val>{1} {0} {2}</val>
		</str>
	</set>

	<set name="monthsFull">
		<str name="1" translate="yes">
			<val>stycznia</val>
		</str>
		<str name="2" translate="yes">
			<val>lutego</val>
		</str>
		<str name="3" translate="yes">
			<val>marca</val>
		</str>
		<str name="4" translate="yes">
			<val>kwietnia</val>
		</str>
		<str name="5" translate="yes">
			<val>maja</val>
		</str>
		<str name="6" translate="yes">
			<val>czerwca</val>
		</str>
		<str name="7" translate="yes">
			<val>lipca</val>
		</str>
		<str name="8" translate="yes">
			<val>sierpnia</val>
		</str>
		<str name="9" translate="yes">
			<val>września</val>
		</str>
		<str name="10" translate="yes">
			<val>października</val>
		</str>
		<str name="11" translate="yes">
			<val>listopada</val>
		</str>
		<str name="12" translate="yes">
			<val>grudnia</val>
		</str>
	</set>
	
	<set name="dsp_IMSBusyScrim">
		<str name="WaitAMoment" translate="yes">
			<val>Prosimy chwilę zaczekać...</val>
		</str>
	</set>
	
	<set name="dspSubscriptionRevoked">
		<str name="title" translate="yes">
			<val>Licencja zawieszona</val>
		</str>
		<str name="warning" translate="yes">
			<val>Licencja na produkt {0} została zawieszona.</val>
		</str>
		<str name="message" translate="yes">
			<val>Dane licencji dla konta {0} są nieprawidłowe lub zostały unieważnione. Skontaktuj się z {1}Obsługą klienta{2}.</val>
		</str>
		<str name="subscriptionPolicy" translate="yes">
			<val>{0}Zasady subskrypcji{1}{2}{3}Umowa licencyjna oprogramowania{4}</val>
		</str>
		<str name="subscriptionPolicyLink" translate="yes">
			<val>http://www.adobe.com/go/subscription_policy_pl</val>
		</str>
		<str name="eula_Link" translate="yes">
			<val>http://www.adobe.com/go/eulas_pl</val>
		</str>
		<str name="customerSupportLink" translate="yes">
			<val>http://www.adobe.com/go/customer_support_pl</val>
		</str>
		<str name="quit" translate="yes">
			<val>Zakończ</val>
		</str>
	</set>
	<set name="deviceBasedActivation">
		<set name="dbaLicenseExpiry">
			<str name="title" translate="yes">
				<val>Licencja wygasła</val>
			</str>
			<str name="message" translate="yes">
				<val>Produkt {0} należący do {1} korzysta z ograniczonej licencji na tym urządzeniu. Skontaktuj się z administratorem, aby odnowić licencję i kontynuować pracę z produktem.</val>
			</str>
			<str name="info" translate="yes">
				<val>Jeśli licencja została już odnowiona, odczekaj 15 min i ponów próbę.</val>
			</str>
			<str name="tryAgain" translate="yes">
				<val>Ponów próbę</val>
			</str>
			<str name="close" translate="yes">
				<val>Zamknij</val>
			</str>
		</set>
	
		<set name="dbaLicenseRenewal">
			<str name="title" translate="yes">
				<val>Odnów licencję</val>
			</str>
			<str name="message" translate="yes">
				<val>Skontaktuj się z administratorem, aby odnowić licencję na {0} na tym urządzeniu należącym do puli wdrożeniowej {1} i kontynuować pracę z produktem.</val>
			</str>
			<str name="info" translate="yes">
				<val>Jeśli licencja została już odnowiona, odczekaj 15 min i ponów próbę.</val>
			</str>
			<str name="tryAgain" translate="yes">
				<val>Ponów próbę</val>
			</str>
			<str name="quit" translate="yes">
				<val>Zakończ</val>
			</str>
		</set>
		<set name="dbaClockWindback">
			<str name="title" translate="yes">
				<val>Licencja zawieszona</val>
			</str>
			<str name="message" translate="yes">
				<val>Data i godzina systemowa na tym urządzeniu są nieprawidłowe. Ustaw aktualny czas w zegarze systemowym i kliknij przycisk Ponów próbę. Jeśli ten problem będzie nadal występował, skontaktuj się z administratorem.</val>
			</str>
			<str name="warning" translate="yes">
				<val>Licencja na produkt {0} została zawieszona.</val>
			</str>
			<str name="tryAgain" translate="yes">
				<val>Ponów próbę</val>
			</str>
			<str name="close" translate="yes">
				<val>Zamknij</val>
			</str>
		</set>
		<set name="dbaClockMismatch">
			<str name="title" translate="yes">
				<val>Licencja zawieszona</val>
			</str>
			<str name="message" translate="yes">
				<val>Data na tym urządzeniu różni się od daty na naszym serwerze. Data na tym urządzeniu może różnić się od daty na serwerze Adobe o maksymalnie trzy dni ({0}). </val>
			</str>
			<str name="warning" translate="yes">
				<val>Licencja na produkt {0} została zawieszona.</val>
			</str>
			<str name="info" translate="yes">
				<val>Sprawdź ustawienia daty na urządzeniu i kliknij przycisk Ponów próbę. Jeśli ten problem będzie nadal występował, skontaktuj się z administratorem.</val>
			</str>
			<str name="tryAgain" translate="yes">
				<val>Ponów próbę</val>
			</str>
			<str name="quit" translate="yes">
				<val>Zakończ</val>
			</str>
		</set>
		<set name="dbaLicenseDenied">
			<str name="title" translate="yes">
				<val>Odmowa licencji</val>
			</str>
			<str name="stepError" translate="yes">
				<val>Odmówiono licencji na produkt {0} na tym urządzeniu.</val>
			</str>
			<str name="msgError" translate="yes">
				<val>Skontaktuj się z administratorem, aby ponownie nadać temu urządzeniu numer seryjny i dodać je z powrotem do puli {0}. Jeśli administrator wykonał już ten krok, zaczekaj 15 minut i ponów próbę.</val>
			</str>
			<str name="msgErrorPoolRemoved" translate="yes">
				<val>Skontaktuj się z administratorem, aby ponownie nadać temu urządzeniu numer seryjny. Jeśli administrator wykonał już ten krok, zaczekaj 15 minut i ponów próbę.</val>
			</str>
			<str name="tryAgain" translate="yes">
				<val>Ponów próbę</val>
			</str>
			<str name="close" translate="yes">
				<val>Zamknij</val>
			</str>
		</set>
		<set name="dbaActivationFailure">
			<str name="title" translate="yes">
				<val>Niepowodzenie aktywacji</val>
			</str>
			<str name="stepError" translate="yes">
				<val>Nie można aktywować produktu {0}.</val>
			</str>
			<str name="errorCode" translate="yes">
				<val>(Kod błędu: {0})</val>
			</str>
			<str name="msgError" translate="yes">
				<val>Aby korzystać z produktu {0} na tym urządzeniu należącym do {1}, wymagana jest aktywacja produktu. W tym celu niezbędne jest sprawne połączenie internetowe. Sprawdź ustawienia połączenia i ponów próbę.</val>
			</str>
			<str name="info" translate="yes">
				<val>Jeśli ten problem będzie nadal występował, skontaktuj się z administratorem.</val>
			</str>
			<str name="offlineError" translate="yes">
				<val>Niestety nie możemy połączyć się teraz z serwerem Adobe Server. Kliknij {0}tutaj{1}, aby rozwiązać problemy z połączeniem.</val>
			</str>
			<str name="clockMismatchError" translate="yes">
				<val>Sprawdź ustawienia daty na tym urządzeniu i kliknij przycisk Ponów próbę.</val>
			</str>
			<str name="tryAgain" translate="yes">
				<val>Ponów próbę</val>
			</str>
			<str name="close" translate="yes">
				<val>Zamknij</val>
			</str>
		</set>
		<set name="dbaMonthlyGraceReminderOffline">
			<str name="title" translate="yes">
				<val>Niestety teraz nie możemy połączyć się z serwerem Adobe Server</val>
			</str>
			<str name="message" translate="yes">
				<val>Przypominamy, że musimy zweryfikować ważność licencji na tym urządzeniu należącym do {0}. Możesz korzystać z produktu {1} w trybie offline do dnia {2}, jednak gdy do tego czasu nie nastąpi połączenie z Internetem, produkt przestanie działać.</val>
			</str>
			<str name="info" translate="yes">
				<val>Kliknij {0}tutaj{1}, aby rozwiązać problemy z połączeniem.</val>
			</str>
			<str name="remindLater" translate="yes">
				<val>Przypomnij mi później</val>
			</str>
			<str name="retry" translate="yes">
				<val>Ponów próbę</val>
			</str>
		</set>
		<set name="dbaDailyGraceReminderOffline">
			<str name="title" translate="yes">
				<val>Niestety teraz nie możemy połączyć się z serwerem Adobe Server</val>
			</str>
			<str name="message" translate="yes">
				<val>Przypominamy, że musimy zweryfikować ważność licencji na tym urządzeniu należącym do {0}. Możesz korzystać z produktu {1} w trybie offline, jednak gdy nie połączysz się z Internetem w wyświetlonym czasie, produkt przestanie działać.</val>
			</str>
			<str name="info" translate="yes">
				<val>Kliknij {0}tutaj{1}, aby rozwiązać problemy z połączeniem.</val>
			</str>
			<str name="ok" translate="yes">
				<val>OK</val>
			</str>
			<str name="retry" translate="yes">
				<val>Ponów próbę</val>
			</str>
		</set>
		<set name="dbaBonusLaunch">
			<str name="title" translate="yes">
				<val>Ostatnie uruchomienie</val>
			</str>
			<str name="message" translate="yes">
				<val>Produkt {0} należący do {1} korzysta z ograniczonej licencji na tym urządzeniu. Możesz użyć tego produktu po raz ostatni. Skontaktuj się z administratorem, aby kontynuować pracę z produktem.</val>
			</str>
			<str name="ok" translate="yes">
				<val>OK</val>
			</str>
		</set>
		<set name="errorScenarios">
			<str name="licenseDeniedError" translate="yes">
				<val>Z tym urządzeniem nie jest skojarzona żadna licencja.</val>
			</str>
			<str name="clockWindbackError" translate="yes">
				<val>Sprawdź ustawienia daty na urządzeniu i kliknij przycisk Ponów próbę. Jeśli ten problem będzie nadal występował, skontaktuj się z administratorem.</val>
			</str>
			<str name="offlineError" translate="yes">
				<val>Niestety nie możemy połączyć się teraz z serwerem Adobe Server. Kliknij {0}tutaj{1}, aby rozwiązać problemy z połączeniem. Jeśli problem będzie nadal występował, skontaktuj się z administratorem.</val>
			</str>
			<str name="checkCallErrorGeneric" translate="yes">
				<val>Podczas pobierania informacji licencyjnych wystąpił błąd. Spróbuj ponownie później.</val>
			</str>
		</set>
		<str name="quit" translate="yes">
			<val>Zakończ</val>
		</str>
		<str name="daysRemaining" translate="yes">
			<val>dni</val>
		</str>
		<str name="dayRemaining" translate="yes">
			<val>dzień pozostał</val>
		</str>
		<str name="offlineTroubleshootLink" translate="yes">
			<val>http://www.adobe.com/go/activation_network_issues_pl</val>
		</str>
	</set>
	<set name="isoToLanguage">
		<str name="ar_AE" translate="no"><val>العربية</val></str>
		<str name="en_GB" translate="no"><val>English (International)</val></str> 
		<str name="en_INT" translate="no"><val>English (International)</val></str> 
		<str name="fr_CA" translate="no"><val>Français (Canada)</val></str>
		<str name="es_QM" translate="no"><val>Español (Middle East)</val></str>
		<str name="es_LA" translate="no"><val>Español de América Latina</val></str>
		<str name="es_NA" translate="no"><val>Español Norteamericano</val></str>
		<str name="bg_BG" translate="no"><val>Български</val></str>
		<str name="lv_LV" translate="no"><val>Latviešu</val></str>
		<str name="et_EE" translate="no"><val>Eesti</val></str>
		<str name="hr_HR" translate="no"><val>hrvatski</val></str>
		<str name="sl_SI" translate="no"><val>slovenščina</val></str>
		<str name="sk_SK" translate="no"><val>slovenčina</val></str>
		<str name="th_TH" translate="no"><val>ภาษาไทย</val></str> 
		<str name="vi_VN" translate="no"><val>Việt</val></str>
		<str name="en_XC" translate="no"><val>English (Central Europe)</val></str> 
		<str name="en_XM" translate="no"><val>English (Middle East)</val></str>
		<str name="fr_XM" translate="no"><val>Français (Moyen-Orient)</val></str>
		<str name="sq_AL" translate="no"><val>Shqip</val></str> 
		<str name="ar_SA" translate="no"><val>العربية</val></str>
		<str name="be_BY" translate="no"><val>Беларуская</val></str> 
		<str name="ca_ES" translate="no"><val>Català</val></str> 
		<str name="hi_IN" translate="no"><val>हिन्दी</val></str>
		<str name="is_IS" translate="no"><val>Íslenska</val></str> 
		<str name="lt_LT" translate="no"><val>Lietuvių</val></str>
		<str name="mk_MK" translate="no"><val>македонски</val></str>
		<str name="nn_NO" translate="no"><val>Norsk (Nynorsk)</val></str>
		<str name="pt_PT" translate="no"><val>Português de Portugal</val></str> 
		<str name="sh_YU" translate="no"><val>Srpsko-Hrvatski</val></str> 
		<str name="sr_YU" translate="no"><val>Cрпски</val></str> 
		<str name="kk_KZ" translate="no"><val>Қазақ</val></str>
		<str name="az_AZ" translate="no"><val>Azərbaycan dili</val></str> 
		<str name="es_MX" translate="no"><val>Español (América Latina)</val></str>
		<str name="no_NO" translate="no"><val>Norwegian</val></str> 
		<str name="cs_CZ" translate="no"><val>česky</val></str>
		<str name="de_DE" translate="no"><val>Deutsch</val></str>
		<str name="el_GR" translate="no"><val>Ελληνικά</val></str>
		<str name="en_US" translate="no"><val>English (North America)</val></str> 
		<str name="es_ES" translate="no"><val>Español</val></str> 
		<str name="fr_FR" translate="no"><val>Français</val></str>
		<str name="he_IL" translate="no"><val>עברית</val></str> 
		<str name="hu_HU" translate="no"><val>magyar</val></str>
		<str name="it_IT" translate="no"><val>Italiano</val></str>
		<str name="ja_JP" translate="no"><val>日本語</val></str>
		<str name="ko_KR" translate="no"><val>한국어</val></str>
		<str name="nl_NL" translate="no"><val>Nederlands</val></str>
		<str name="pl_PL" translate="no"><val>polski</val></str>
		<str name="ro_RO" translate="no"><val>Română</val></str>
		<str name="ru_RU" translate="no"><val>русский</val></str>
		<str name="sv_SE" translate="no"><val>Svenska</val></str>
		<str name="tr_TR" translate="no"><val>Türkçe</val></str>
		<str name="uk_UA" translate="no"><val>українська</val></str>
		<str name="zh_CN" translate="no"><val>简体中文</val></str>
		<str name="zh_TW" translate="no"><val>繁體中文</val></str>
		<str name="da_DK" translate="no"><val>Dansk</val></str>
		<str name="fi_FI" translate="no"><val>suomi</val></str>
		<str name="nb_NO" translate="no"><val>Norsk (Bokmål)</val></str> 
		<str name="pt_BR" translate="no"><val>Português do Brasil</val></str>
		<str name="en_AE" translate="no"><val>English يدعم العربية</val></str> 
		<str name="en_IL" translate="no"><val>English תומך עברית</val></str> 
		<str name="fr_MA" translate="no"><val>Français (Maroc)</val></str>
	</set>
		
</asf>
