<?xml version='1.0' encoding='utf-8'?>
<!DOCTYPE asf SYSTEM "http://ns.adobe.com/asf/asf_1_0.dtd" >
<asf xmlns="http://ns.adobe.com/asf" locale="hr_HR" version="1.0">
	
	<set name="common">
		<str name="windowTitle" translate="yes">
			<val>Adobeov proizvod</val>
		</str>
		<str name="day" translate="yes">
			<val>dan</val>
		</str>
		<str name="days" translate="yes">
			<val>dana</val>
		</str>
	</set>
	
	<set name="eula">
		<str name="eula" translate="yes">
			<val>Licencni ugovor za Adobeov softver</val>
		</str>
		<str name="accept" translate="yes">
			<val>Prihvati</val>
		</str>
		<str name="quit" translate="yes">
			<val>Prekini</val>
		</str>		
	</set>

	<set name="register">
		<set name="trial">
			<set name="online">
				<str name="title" translate="yes">
					<val>Potrebna je prijava</val>
				</str>
				<str name="message" translate="yes">
					<val>Prijavite se sa svojim Adobe ID-jem da biste koristili probnu verziju proizvoda {0}.</val>
				</str>
				<str name="message_device" translate="yes">
					<val>Sada ćemo registrirati probnu verziju na vaš Adobe ID: {0}.</val>
				</str>
				<str name="notYou" translate="yes">
					<val>(To nije vaš Adobe ID?)</val>
				</str>
				<str name="signInNow" translate="yes">
					<val>Prijavite se odmah</val>
				</str>
				<str name="signIn" translate="yes">
					<val>Prijava</val>
				</str>
				<str name="termTitle" translate="yes">
					<val>Uvjeti i odredbe za probnu verziju softvera</val>
				</str>
				<str name="termPara1" translate="yes">
					<val>Možda ćemo zatražiti određene dodatne informacije da bismo sadržaj mogli prilagoditi vama. Prilagođeni sadržaj možete isključiti u bilo kojem trenutku putem postavki zaštite privatnosti dostupnih na zaslonu za korisnički doživljaj probne verzije.</val>
				</str>
				<str name="termPara2" translate="yes">
					<val>Kliknite {0}ovdje{1} da biste pogledali {2}Adobeova pravila zaštite privatnosti na internetu{3} i pristupili informacijama o podacima koje prikupljamo, a koji su vezani uz vašu upotrebu proizvoda, te o tome kako Adobe koristi te podatke, uključujući i to kako se prilagođavamo vašim interesima.</val>
				</str>
				<str name="privacyPortalLink" translate="yes">
					<val>http://www.adobe.com/go/adobe_privacy_portal_hr</val>
				</str>
				<str name="privacyPolicyLink" translate="yes">
					<val>http://www.adobe.com/go/privacy_hr</val>
				</str>
			</set>
		</set>
		
		<set name="subscription">
			<str name="title" translate="yes">
				<val>Potrebna je prijava</val>
			</str>			
			<str name="message" translate="yes">
				<val>Da biste koristili ovaj proizvod i registrirali ga na svoj Adobe ID, morate se prijaviti. Adobe ID omogućuje jednostavan pristup serijskim brojevima, servisu Adobe Creative Cloud i zajednici Adobe.com.</val>
			</str>
			<str name="userEmail" translate="yes">
				<val>Prijavit ćemo vas s Adobe ID-jem: {0}.</val>
			</str>
			<str name="notYou" translate="yes">
				<val>(To nije vaš Adobe ID?)</val>
			</str>
			<str name="signInNow" translate="yes">
				<val>Prijavi se odmah</val>
			</str>
			<str name="signIn" translate="yes">
				<val>Prijava</val>
			</str>
			<str name="back" translate="yes">
				<val>Natrag</val>
			</str>
		</set>
		
		
		<set name="serial">
			<set name="grace">
				<str name="title" translate="yes">
					<val>Potrebna je prijava</val>
				</str>			
				<str name="message" translate="yes">
					<val>U roku od {1} morate se prijaviti putem svojeg Adobe ID-ja i registrirati {0}. U suprotnom će prestati funkcionirati.</val>
				</str>
				<str name="benefit" translate="yes">
					<val>Adobe ID omogućuje jednostavan pristup serijskim brojevima, servisu Adobe Creative Cloud i zajednici Adobe.com.</val>
				</str>
				<str name="userEmail" translate="yes">
					<val>Prijavit ćemo vas s Adobe ID-jem: {0}.</val>
				</str>
				<str name="notYou" translate="yes">
					<val>(To nije vaš Adobe ID?)</val>
				</str>
				<str name="signInNow" translate="yes">
					<val>Prijavite se odmah</val>
				</str>
				<str name="signIn" translate="yes">
					<val>Prijava</val>
				</str>
				<str name="signInLater" translate="yes">
					<val>Prijavite se kasnije</val>
				</str>
			</set>
			
			<set name="post_grace">
				<str name="title" translate="yes">
					<val>Potrebna je prijava</val>
				</str>			
				<str name="message" translate="yes">
					<val>Da biste sljedeći put mogli koristiti softver, morate se prijaviti putem Adobe ID-ja i registrirati {0}.</val>
				</str>
				<str name="benefit" translate="yes">
					<val>Adobe ID omogućuje jednostavan pristup serijskim brojevima, servisu Adobe Creative Cloud i zajednici Adobe.com.</val>
				</str>
				<str name="userEmail" translate="yes">
					<val>Prijavit ćemo vas s Adobe ID-jem: {0}.</val>
				</str>
				<str name="notYou" translate="yes">
					<val>(To nije vaš Adobe ID?)</val>
				</str>
				<str name="signInNow" translate="yes">
					<val>Prijavite se odmah</val>
				</str>
				<str name="signIn" translate="yes">
					<val>Prijava</val>
				</str>
				<str name="signInLater" translate="yes">
					<val>Prijavite se kasnije</val>
				</str>
			</set>
		
			<set name="post_bonus">
				<str name="title" translate="yes">
					<val>Potrebna je prijava</val>
				</str>			
				<str name="message" translate="yes">
					<val>Ne možete koristiti {0} dok se ne prijavite putem Adobe ID-ja i registrirate ga.</val>
				</str>
				<str name="benefit" translate="yes">
					<val>Adobe ID omogućuje jednostavan pristup serijskim brojevima, servisu Adobe Creative Cloud i zajednici Adobe.com.</val>
				</str>
				<str name="userEmail" translate="yes">
					<val>Prijavit ćemo vas s Adobe ID-jem: {0}.</val>
				</str>
				<str name="notYou" translate="yes">
					<val>(To nije vaš Adobe ID?)</val>
				</str>
				<str name="signInNow" translate="yes">
					<val>Prijavite se odmah</val>
				</str>
				<str name="signIn" translate="yes">
					<val>Prijava</val>
				</str>
				<str name="quit" translate="yes">
					<val>Prekid</val>
				</str>
			</set>
		
			<set name="go_online_grace">
				<str name="title" translate="yes">
					<val>Potrebna je prijava</val>
				</str>			
				<str name="message" translate="yes">
					<val>Povežite se s internetom. U roku od {1} morate se prijaviti putem svojeg Adobe ID-ja i registrirati {0}. U suprotnom će prestati funkcionirati.</val>
				</str>
				<str name="benefit" translate="yes">
					<val>Adobe ID omogućuje jednostavan pristup serijskim brojevima, servisu Adobe Creative Cloud i zajednici Adobe.com.</val>
				</str>
				<str name="userEmail" translate="yes">
					<val>Prijavit ćemo vas s Adobe ID-jem: {0}.</val>
				</str>
				<str name="notYou" translate="yes">
					<val>(To nije vaš Adobe ID?)</val>
				</str>
				<str name="noInternet" translate="yes">
					<val>Imate li poteškoća pri povezivanju s internetom?</val>
				</str>
				<str name="signInNow" translate="yes">
					<val>Prijavite se odmah</val>
				</str>
				<str name="signIn" translate="yes">
					<val>Prijava</val>
				</str>
				<str name="signInLater" translate="yes">
					<val>Prijavite se kasnije</val>
				</str>
			</set>
		
			<set name="go_online_post_grace">
				<str name="title" translate="yes">
					<val>Potrebna je prijava</val>
				</str>			
				<str name="message" translate="yes">
					<val>Da biste sljedeći put mogli koristiti softver, morate se prijaviti putem Adobe ID-ja i registrirati {0}.</val>
				</str>
				<str name="benefit" translate="yes">
					<val>Adobe ID omogućuje jednostavan pristup serijskim brojevima, servisu Adobe Creative Cloud i zajednici Adobe.com.</val>
				</str>
				<str name="userEmail" translate="yes">
					<val>Prijavit ćemo vas s Adobe ID-jem: {0}.</val>
				</str>
				<str name="notYou" translate="yes">
					<val>(To nije vaš Adobe ID?)</val>
				</str>
				<str name="noInternet" translate="yes">
					<val>Imate li poteškoća pri povezivanju s internetom?</val>
				</str>
				<str name="signInNow" translate="yes">
					<val>Prijavite se odmah</val>
				</str>
				<str name="signIn" translate="yes">
					<val>Prijava</val>
				</str>
				<str name="signInLater" translate="yes">
					<val>Prijavite se kasnije</val>
				</str>
			</set>
		
			<set name="go_online_post_bonus">
				<str name="title" translate="yes">
					<val>Potrebna je prijava</val>
				</str>			
				<str name="message" translate="yes">
					<val>Ne možete koristiti {0} dok se ne prijavite putem Adobe ID-ja i registrirate ga.</val>
				</str>
				<str name="benefit" translate="yes">
					<val>Adobe ID omogućuje jednostavan pristup serijskim brojevima, servisu Adobe Creative Cloud i zajednici Adobe.com.</val>
				</str>
				<str name="userEmail" translate="yes">
					<val>Prijavit ćemo vas s Adobe ID-jem: {0}.</val>
				</str>
				<str name="noInternet" translate="yes">
					<val>Imate li poteškoća pri povezivanju s internetom?</val>
				</str>
				<str name="notYou" translate="yes">
					<val>(To nije vaš Adobe ID?)</val>
				</str>
				<str name="signInNow" translate="yes">
					<val>Prijavite se odmah</val>
				</str>
				<str name="signIn" translate="yes">
					<val>Prijava</val>
				</str>
				<str name="quit" translate="yes">
					<val>Prekid</val>
				</str>
			</set>
		</set>
	</set>
	
	
	<set name="registerOptional">
		<set name="serial">
			<str name="title" translate="yes">
				<val>Registrirajte proizvod</val>
			</str>			
			<str name="paragraphOneText" translate="yes">
				<val>Registrirajte {0} koristeći Adobe ID.</val>
			</str>
			<str name="paragraphOneTextWithAdobeID" translate="yes">
				<val>Registrirajte {0} koristeći Adobe ID:</val>
			</str>
			<str name="paragraphTwoHeader" translate="yes">
				<val>Ako se registrirate za proizvod, dostupno vam je sljedeće:</val>
			</str>
			<str name="pointOne" translate="yes">
				<val>Pristupite tehničkoj podršci</val>
			</str>
			<str name="pointTwo" translate="yes">
				<val>Vodite evidenciju o svojem serijskom broju</val>
			</str>
			<str name="pointThree" translate="yes">
				<val>Budite među prvima koji će primiti ažuriranja i obavijesti o {0}</val>
			</str>
			<str name="pointFour" translate="yes">
				<val>Primit ćete i {0}besplatnu pogodnost{1} zato što ste se registrirali.</val>
			</str>
			<str name="complementaryBenefitsLink" translate="yes">
				<val>https://www.adobe.com/go/benefit_hr</val>
			</str>
			<str name="notYou" translate="yes">
				<val>(Ovo niste vi?)</val>
			</str>
			<str name="neverCheckBoxText" translate="yes">
				<val>Više ne prikazuj ovo</val>
			</str>
			<str name="registerNow" translate="yes">
				<val>Odmah se registrirajte</val>
			</str>
			<str name="skip" translate="yes">
				<val>Preskoči</val>
			</str>
		</set>
	</set>
	
	<set name="trialLaunch">
		<str name="title" translate="yes">
			<val>{0} - probna verzija</val>
		</str>
		
		<set name="start">
			<str name="info" translate="yes">
				<val>Ovu probnu verziju proizvoda možete koristiti {0} dana.</val>
			</str>
			<str name="info_day" translate="yes">
				<val>Ovu probnu verziju proizvoda možete koristiti {0} dan.</val>
			</str>
			<str name="additionalInfo" translate="yes">
				<val>{0} možete koristiti i nakon isteka probnog razdoblja tako da kupite softver.</val>
			</str>
		</set>
		
		<set name="grace">
			<str name="info" translate="yes">
				<val>Vaša probna verzija istječe za {0} dana.</val>
			</str>
			<str name="info_day" translate="yes">
				<val>Vaša probna verzija istječe za {0} dan.</val>
			</str>
			<str name="additionalInfo" translate="yes">
				<val>{0} možete koristiti i nakon isteka probnog razdoblja tako da kupite softver.</val>
			</str>
		</set>
		
		<set name="bonus">
			<str name="info" translate="yes">
				<val>Zadnje pokretanje probne verzije</val>
			</str>
			<str name="additionalInfo" translate="yes">
				<val>Vaša je probna verzija istekla, no {0} možete koristiti još jedanput.</val>
			</str>
			<str name="bonusInfo" translate="yes">
				<val>{0} možete i dalje koristiti tako da kupite softver.</val>
			</str>
		</set>
		
		<set name="expired">
			<str name="info" translate="yes">
				<val>Vaša je probna verzija istekla.</val>
			</str>
			<str name="additionalInfo" translate="yes">
				<val>{0} možete i dalje koristiti tako da kupite softver.</val>
			</str>
		</set>
		
		<str name="daysRemaining" translate="yes">
			<val>Preostalo dana</val>
		</str>
		<str name="dayRemaining" translate="yes">
			<val>Preostalo dana</val>
		</str>
		<str name="buy" translate="yes">
			<val>Kupite odmah</val>
		</str>
		<str name="buyLink" translate="no">
			<val>http://www.adobe.com/go/buy</val>
		</str>
		<str name="continue" translate="yes">
			<val>Nastavite probno korištenje</val>
		</str>
		<str name="startTrial" translate="yes">
			<val>Započni probno korištenje</val>
		</str>
		<str name="enterSerial" translate="yes">
			<val>Licenciraj ovaj softver</val>
		</str>		
	</set>
	
	<set name="deactivate">
		<str name="title" translate="yes">
			<val>Deaktivacija</val>
		</str>
		<str name="title_Fail" translate="yes">
			<val>Deaktivacija nije uspjela</val>
		</str>
		<str name="infoSubscription" translate="yes">
			<val>Deaktivacijom aplikacije ne mijenjate pretplatu. Da biste izmijenili pretplatu, posjetite {0}upravitelj za pretplate{1}.</val>
		</str>
		<str name="infoSubscriptionCCMTeam" translate="yes">
			<val>Deactivating application does not alter your subscription.</val>
		</str>
		<str name="message" translate="yes">
			<val>Deaktivacijom omogućujete aktiviranje proizvoda tvrtke Adobe na drugom računalu ako postupate u skladu s {0}licencnim ugovorom za softver{1}. Prije deaktivacije provjerite jeste li povezani s internetom. Ponovnim unosom serijskog broja proizvod možete ponovno aktivirati na ovom računalu.</val>
		</str>
		<str name="messageSubscription" translate="yes">
			<val>Deaktivacijom omogućujete aktiviranje proizvoda tvrtke Adobe na drugom računalu ako postupate u skladu s {0}licencnim ugovorom za softver{1}. Prije deaktivacije provjerite jeste li povezani s internetom.</val>
		</str>
		<str name="deActivationMsgError" translate="yes">
			<val>Ako se problem i dalje pojavljuje, obratite se {0}podršci za korisnike{1}. {2}</val>
		</str>
		<str name="customerSupportLink" translate="yes">
			<val>http://www.adobe.com/go/customer_support_hr</val>
		</str>
		<str name="eula_Link" translate="yes">
			<val>http://www.adobe.com/go/eulas_hr</val>
		</str>
		<str name="subscriptionManagerLink" translate="no">
			<val>http://www.creative.adobe.com/go/account</val>
		</str>
		<str name="failure" translate="yes">
			<val>Deaktivacija nije bila uspješna. Pokušajte ponovno.</val>
		</str>
		<str name="deactivate" translate="yes">
			<val>Deaktiviraj</val>
		</str>		
		<str name="cancel" translate="yes">
			<val>Odustani</val>
		</str>
		<str name="continue" translate="yes">
			<val>Nastavi</val>
		</str>
		
		<str name="offline" translate="yes">
			<val>Povežite se s internetom i pokušajte ponovno</val>
		</str>		
		<str name="offlineMsg" translate="yes">
			<val>Deaktivacija nije moguća. Provjerite jeste li povezani s internetom i pokušajte ponovno. Ako se problem i dalje pojavljuje, obratite se {0}podršci za korisnike{1}.</val>
		</str>	
		<str name="customerSupportLink" translate="yes">
			<val>http://www.adobe.com/go/customer_support_hr</val>
		</str>
	</set>
	
	<set name="trialFailed">
		<str name="title" translate="yes">
			<val>Pokretanje probne verzije nije uspjelo</val>
		</str>
		<str name="warning" translate="yes">
			<val>Licenciranje više ne funkcionira.</val>
		</str>
		<str name="message" translate="yes">
			<val>Došlo je do problema s licenciranjem proizvoda. Ponovno instalirajte proizvod i pokušajte ponovno. Ako se problem i dalje pojavljuje nakon ponovnog pokretanja, obratite se {0}podršci za korisnike{1} da biste dobili daljnju pomoć.</val>
		</str>
		<str name="customerSupportLink" translate="yes">
			<val>http://www.adobe.com/go/customer_support_hr</val>
		</str>
		<str name="close" translate="yes">
			<val>Zatvori</val>
		</str>
		<str name="enterSerial" translate="yes">
			<val>Licenciraj ovaj softver</val>
		</str>
	</set>
	
	<set name="validateSerial">
		<str name="title" translate="yes">
			<val>Provjera valjanosti serijskog broja</val>
		</str>
		
		<set name="grace">
			<str name="message" translate="yes">
				<val>Povežite se s internetom radi provjere valjanosti serijskog broja. Valjanost morate provjeriti u roku od {0}. Softver će u suprotnom prestati funkcionirati.</val>
			</str>
		</set>
		
		<set name="post_grace">
			<str name="message" translate="yes">
				<val>Povežite se s internetom radi provjere valjanosti serijskog broja. Prilikom sljedećeg pokretanja softvera morat ćete se povezati s internetom. Softver u suprotnom neće funkcionirati.</val>
			</str>
		</set>
		
		<set name="post_bonus">
			<str name="message" translate="yes">
				<val>Povežite se s internetom radi provjere valjanosti serijskog broja. Softver neće funkcionirati dok ga ne aktivirate i ne provjerite valjanost serijskog broja. Da biste nastavili, morate se povezati s internetom.</val>
			</str>
		</set>
		
		<str name="noInternet" translate="yes">
			<val>Imate li poteškoća pri povezivanju s internetom?</val>
		</str>
		<str name="validate" translate="yes">
			<val>Provjeri valjanost</val>
		</str>
		<str name="connectLater" translate="yes">
			<val>Poveži se kasnije</val>
		</str>
		<str name="quit" translate="yes">
			<val>Prekid</val>
		</str>
	</set>

	<set name="deactivateSuccess">
		<str name="title" translate="yes">
			<val>Uspješno deaktivirano</val>
		</str>
		<str name="message" translate="yes">
			<val>{0} možete koristiti na drugom računalu. Da biste ponovno koristili {0} na ovom računalu, ponovno unesite valjan serijski broj ili odaberite probnu verziju i upišite Adobe ID pridružen pretplati.</val>
		</str>
		<str name="close" translate="yes">
			<val>Zatvori</val>
		</str>	
	</set>
	
	<set name="offlineScrim">
		<str name="title" translate="yes">
			<val>Povežite se s internetom i pokušajte ponovno</val>
		</str>
		<str name="message" translate="yes">
			<val>Čini se da vaše računalo nije povezano s mrežom. Potrebna je veza s internetom. Povežite se s internetom i pokušajte ponovno. Ako se problem i dalje pojavljuje, obratite se {0}korisničkoj službi{1}.</val>
		</str>
		<str name="offlineActivationMsg" translate="yes">
			<val>Ako ovo računalo nema pristup internetu, dodatne pojedinosti potražite na {0} pomoću uređaja s pristupom internetu.</val>
		</str>
		<str name="offlineActivationLink" translate="yes">
			<val>http://www.adobe.com/go/getactivated_hr</val>
		</str>
		<str name="customerSupportLink" translate="yes">
			<val>http://www.adobe.com/go/customer_support_hr</val>
		</str>
		<str name="retry" translate="yes">
			<val>Pokušaj ponovno</val>
		</str>
		<str name="connectLater" translate="yes">
			<val>Poveži se kasnije</val>
		</str>
		<str name="cancel" translate="yes">
			<val>Odustani</val>
		</str>
	</set>
	
	<set name="dspEntitlementOfflineScrim">
		<str name="title" translate="yes">
			<val>Potrebna je internetska veza za pretplate</val>
		</str>
		<str name="message" translate="yes">
			<val>Za pokretanje pretplate potrebna vam je internetska veza. Ako ste već pretplaćeni, povežite se s internetom i odaberite Pokušaj ponovno.</val>
		</str>
		<str name="serialInfo" translate="yes">
			<val>Ako imate serijski broj, za nastavak odaberite Upišite serijski broj.</val>
		</str>
		<str name="retry" translate="yes">
			<val>Pokušaj ponovno</val>
		</str>
		<str name="enterSerialNumber" translate="yes">
			<val>Upišite serijski broj</val>
		</str>
		<str name="cancel" translate="yes">
			<val>Natrag</val>
		</str>
	</set>
	
	<set name="screenLoading">
		<str name="loading" translate="yes">
			<val>Učitavanje...</val>
		</str>
		<str name="validatingSerial" translate="yes">
			<val>Provjera serijskog broja. Ovo može potrajati nekoliko sekundi...</val>
		</str>
	</set>
	
	<set name="overActivation">
		<str name="title" translate="yes">
			<val>Serijski broj</val>
		</str>
		<str name="stepMessage" translate="yes">
			<val>Serijski broj {0} već je u upotrebi na maksimalnom broju dopuštenih računala. Da biste koristili ovaj proizvod, morate deaktivirati drugo računalo u roku od {1} dana.</val>
		</str>
		<str name="stepMessageOneDay" translate="yes">
			<val>Serijski broj {0} već je u upotrebi na maksimalnom broju dopuštenih računala. Da biste koristili ovaj proizvod, morate deaktivirati drugo računalo u roku od jednog dana.</val>
		</str>
		<str name="stepMessageBonusLaunch" translate="yes">
			<val>Serijski broj {0} već je u upotrebi na maksimalnom broju dopuštenih računala. Da biste ponovno koristili {1} na ovom računalu, morate deaktivirati drugo računalo ili upisati drugi valjani serijski broj.</val>
		</str>
		<str name="radioButton1" translate="yes">
			<val>Ponovi pokušaj aktivacije. Već sam deaktivirao jedno od svojih računala.</val>
		</str>
		<str name="radioButton2" translate="yes">
			<val>Navedite neki drugi serijski broj.</val>
		</str>
		<str name="continue" translate="yes">
			<val>Nastavi</val>
		</str>
	</set>
	
	<set name="activationFailure">
		<str name="title" translate="yes">
			<val>Aktivacija nije uspjela</val>
		</str>
		<str name="activationStepError" translate="yes">
			<val>Nije moguće aktivirati {0}</val>
		</str>
		<str name="activationMsgError" translate="yes">
			<val>Provjerite jeste li povezani s internetom i pokušajte ponovno. Ako se problem i dalje pojavljuje, obratite se {0}podršci za korisnike{1}. {2}</val>
		</str>
		<str name="customerSupportLink" translate="yes">
			<val>http://www.adobe.com/go/customer_support_hr</val>
		</str>
		<str name="close" translate="yes">
			<val>Zatvori</val>
		</str>
		<str name="retry" translate="yes">
			<val>Pokušaj ponovno</val>
		</str>
	</set>
	<set name="activationRequired">
		<str name="title" translate="yes">
			<val>Potrebna je aktivacija</val>
		</str>
		<str name="activationMsgOneDay" translate="yes">
			<val>Povežite se s internetom. Za aktiviranje {0} imate još jedan dan. U suprotnom će proizvod prestati funkcionirati.</val>
		</str>
		<str name="activationMsg" translate="yes">
			<val>Povežite se s internetom. Za aktiviranje {0} imate još {1} dana. U suprotnom će proizvod prestati funkcionirati.</val>
		</str>
		<str name="activationMsgBonus" translate="yes">
			<val>Povežite se s internetom. {0} morate aktivirati danas. U suprotnom će proizvod prestati funkcionirati.</val>
		</str>
		<str name="activateLater" translate="yes">
			<val>Aktiviraj kasnije</val>
		</str>
		<str name="retry" translate="yes">
			<val>Aktiviraj odmah</val>
		</str>
	</set>
	
	<set name="confirmationDialog">
		<str name="title" translate="yes">
			<val>Prekid</val>
		</str>
		<str name="message" translate="yes">
			<val>Jeste li sigurni da želite izaći iz programa?</val>
		</str>
		<str name="primaryButtonLabel" translate="yes">
			<val>Da</val>
		</str>
		<str name="secondaryButtonLabel" translate="yes">
			<val>Ne</val>
		</str>
	</set>
	
	<set name="inAppTrials">
		<str name="loading" translate="yes">
			<val>Učitavanje...</val>
		</str>
		<str name="title" translate="yes">
			<val>{0} - probna verzija</val>
		</str>
		<str name="continue" translate="yes">
			<val>Nastavite probno korištenje</val>
		</str>
		<str name="startTrial" translate="yes">
			<val>Započni probno korištenje</val>
		</str>
		<str name="enterSerial" translate="yes">
			<val>Licenciraj ovaj softver</val>
		</str>
		<str name="privacySettings" translate="yes">
			<val>Postavke zaštite privatnosti</val>
		</str>
		<str name="tutorialsList" translate="yes">
			<val>{0} od {1}</val>
		</str>
		<str name="videoLoadingError" translate="yes">
			<val>Pogreška pri učitavanju videozapisa.</val>
		</str>
		<str name="tryAgain" translate="yes">
			<val>Pokušaj ponovno</val>
		</str>
		<str name="exitFullScreen" translate="yes">
			<val>Pritisnite Esc da biste izašli iz prikaza preko cijelog zaslona.</val>
		</str>
		<str name="okay" translate="yes">
			<val>U REDU</val>
		</str>
		<str name="cancel" translate="yes">
			<val>Odustani</val>
		</str>
		<str name="privacyText" translate="yes">
			<val>Možda ćemo zatražiti da navedete dodatne informacije kao što je razina iskustva u korištenju softvera da bismo vam mogli prilagoditi sadržaj.</val>
		</str>
		<str name="privacyPolicyText" translate="yes">
			<val>{0}Kliknite ovdje{1} da biste pogledali {2}Adobeova pravila zaštite privatnosti na internetu{3} i pristupili informacijama o podacima koje prikupljamo, a koji su vezani uz vašu upotrebu proizvoda, te o tome kako Adobe koristi te podatke, uključujući i to kako se prilagođavamo vašim interesima.</val>
		</str>
		<str name="optInText" translate="yes">
			<val>Isključi prikaz prilagođenog probnog sadržaja. Sljedeći put kada pokrenete probnu verziju nećete vidjeti nikakav prilagođeni sadržaj.</val>
		</str>
		<str name="privacyPortalLink" translate="yes">
			<val>http://www.adobe.com/go/adobe_privacy_portal_hr</val>
		</str>
		<str name="privacyPolicyLink" translate="yes">
			<val>http://www.adobe.com/go/privacy_hr</val>
		</str>		
		
	</set>
	
	<set name="noInternetConnection">
		<str name="title" translate="yes">
			<val>Nema internetske veze</val>
		</str>
		<str name="para1" translate="yes">
			<val>Ne možemo otkriti internetsku vezu na ovom uređaju.</val>
		</str>
		<str name="para2" translate="yes">
			<val>Aktivacija i registracija su obavezne te ih je potrebno dovršiti kroz sljedeći broj dana: {0}. Ako se računalo može povezati s internetom, postupak traje tek nekoliko minuta.</val>
		</str>
		<str name="para2_day" translate="yes">
			<val>Aktivacija i registracija su obavezne te ih je potrebno dovršiti u roku od jednog dana. Ako se računalo može povezati s internetom, postupak traje tek nekoliko minuta.</val>
		</str>
		<str name="para2_end" translate="yes">
			<val>Aktivacija i registracija su obavezne te ih je potrebno dovršiti. Ako se računalo može povezati s internetom, postupak traje tek nekoliko minuta.</val>
		</str>
		<str name="para2_optional" translate="yes">
			<val>Aktivacija je obavezna te ju je potrebno dovršiti u sljedećem broju dana {0}. Ako se računalo može povezati s internetom, postupak traje tek nekoliko minuta.</val>
		</str>
		<str name="para2_day_optional" translate="yes">
			<val>Aktivacija je obavezna te ju je potrebno dovršiti u roku od 1 dan. Ako se računalo može povezati s internetom, postupak traje tek nekoliko minuta.</val>
		</str>
		<str name="para2_end_optional" translate="yes">
			<val>Aktivacija je obavezna te ju je potrebno dovršiti. Ako se računalo može povezati s internetom, postupak traje tek nekoliko minuta.</val>
		</str>
		<str name="para3" translate="yes">
			<val>Ako se ovo računalo ne može povezati s internetom, kliknite mogućnost izvanmrežne aktivacije. Da biste izvanmrežno aktivirali uređaj, trebat će vam uređaj koji se može povezati s internetom i serijski broj proizvoda.</val>
		</str>
		<str name="para3_optional" translate="yes">
			<val>Ako se ovo računalo nikada ne povezuje s internetom, kliknite mogućnost izvanmrežne aktivacije. Da biste dovršili postupak izvanmrežne aktivacije, trebat će vam uređaj koji se može povezati s internetom i serijski broj računala.</val>
		</str>
		<str name="hyperlinkText" translate="yes">
			<val>Računalo je povezano s internetom. Ne znam u čemu je problem.</val>
		</str>
		<str name="hyperlinkTooltipText" translate="yes">
			<val>Obratite se administratoru ili nazovite podršku za korisnike tvrtke Adobe.</val>
		</str>
		<str name="offlineActivate" translate="yes">
			<val>Izvanmrežna aktivacija</val>
		</str>
		<str name="back" translate="yes">
			<val>Natrag</val>
		</str>
	</set>
	
	<set name="offlineActivation">
		<str name="title" translate="yes">
			<val>Izvanmrežna aktivacija</val>
		</str>
		<set name="StepError">
			<str name="requestCodeExpired" translate="yes">
				<val>Šifra zahtjeva {0} je istekla. Slijedite korake u nastavku da biste dovršili izvanmrežnu aktivaciju.</val>
			</str>
			<str name="requestCodeGenError" translate="yes">
				<val>Ne možemo generirati šifru zahtjeva. Pokušajte ponovno.</val>
			</str>
		</set>
		<str name="para1" translate="yes">
			<val>1. Kliknite Generiraj šifru zahtjeva u nastavku. Svaki uređaj dobiva posebnu šifru koja vrijedi 72 sata. Ako postupak ne možete dovršiti u roku od 72 sata, zatražite novu šifru.</val>
		</str>
		<str name="para2" translate="yes">
			<val>2. Pomoću uređaja s pristupom internetu idite na web-mjesto Adobe.com/go/getactivated_hr.</val>
		</str>
		<str name="para3" translate="yes">
			<val>3. Upišite šifru iz 1. koraka i serijski broj kada se to zatraži na web-mjestu. Time ćete generirati šifru odgovora.</val>
		</str>
		<str name="para4" translate="yes">
			<val>4. Upišite šifru odgovora na izvanmrežnom računalu i kliknite Aktiviraj.</val>
		</str>
		<str name="para5" translate="yes">
			<val>Kliknite Natrag da biste softver aktivirali putem interneta.</val>
		</str>
		<str name="hyperlinkText" translate="yes">
			<val>Želim brže aktivirati proizvod putem interneta.</val>
		</str>
		<str name="back" translate="yes">
			<val>Natrag</val>
		</str>
		<str name="activateLater" translate="yes">
			<val>Aktiviraj kasnije</val>
		</str>
		<str name="quit" translate="yes">
			<val>Prekini</val>
		</str>
		<str name="generateRequestCode" translate="yes">
			<val>Generiraj šifru zahtjeva</val>
		</str>
		<str name="customerSupportLink" translate="yes">
			<val>http://www.adobe.com/go/customer_support_hr</val>
		</str>
	</set>
	
	<set name="offlineActivationCode">
		<str name="title" translate="yes">
			<val>Izvanmrežna aktivacija</val>
		</str>
		<set name="StepError">
			<str name="invalidResponseCode" translate="yes">
				<val>Šifra odgovora koju ste upisali nije valjana. Upišite je ponovno.</val>
			</str>
			<str name="requestCodeExpired" translate="yes">
				<val>Šifra zahtjeva {0} je istekla. Slijedite korake u nastavku da biste dovršili izvanmrežnu aktivaciju.</val>
			</str>
			<str name="verifyError" translate="yes">
				<val>Ne možemo potvrditi šifru zahtjeva koju ste unijeli. Pokušajte ponovno.</val>
			</str>
		</set>
		<str name="requestCode" translate="yes">
			<val>Šifra zahtjeva:</val>
		</str>
		<str name="para1" translate="yes">
			<val>Tijekom sljedećeg broja sati: {0} morate nabaviti šifru odgovora s web-mjesta www.adobe.com/go/getactivated_hr i upisati je u nastavku.</val>
		</str>
		<str name="responseCode" translate="yes">
			<val>Šifra odgovora:</val>
		</str>
		<str name="hyperlinkText" translate="yes">
			<val>Želim brže aktivirati proizvod putem interneta.</val>
		</str>
		<str name="back" translate="yes">
			<val>Natrag</val>
		</str>
		<str name="activateLater" translate="yes">
			<val>Aktiviraj kasnije</val>
		</str>
		<str name="quit" translate="yes">
			<val>Prekini</val>
		</str>
		<str name="activate" translate="yes">
			<val>Aktivacija</val>
		</str>
		<str name="hour" translate="yes">
			<val>sat</val>
		</str>
		<str name="hours" translate="yes">
			<val>sati</val>
		</str>
		<str name="customerSupportLink" translate="yes">
			<val>http://www.adobe.com/go/customer_support_hr</val>
		</str>
	</set>
	
	<set name="offlineActivationComplete">
		<str name="title" translate="yes">
			<val>Izvanmrežna aktivacija je dovršena</val>
		</str>
		<str name="message" translate="yes">
			<val>Proizvod {0} uspješno je aktiviran i spreman je za upotrebu.</val>
		</str>
		<str name="close" translate="yes">
			<val>Zatvori</val>
		</str>
		<str name="launch" translate="yes">
			<val>Pokreni</val>
		</str>
	</set>
	
	<set name="unableToActivate">
		<str name="title" translate="yes">
			<val>Aktivacija nije uspjela</val>
		</str>
		<str name="warning" translate="yes">
			<val>Nije moguće aktivirati {0}</val>
		</str>
		<str name="para1" translate="yes">
			<val>Da biste koristili ovaj proizvod, morate ga aktivirati.</val>
		</str>
		<str name="para2" translate="yes">
			<val>Da biste aktivirali ovaj proizvod, morate imati funkcionalnu internetsku vezu. Provjerite postavke veze i odaberite Pokušaj ponovno.</val>
		</str>
		<str name="tryAgain" translate="yes">
			<val>Pokušaj ponovno</val>
		</str>
		<str name="close" translate="yes">
			<val>Zatvori</val>
		</str>
		<str name="noInternet" translate="yes">
			<val>Imate li poteškoća pri povezivanju s internetom?</val>
		</str>
	</set>
	
	<set name="dspSubscriptionActivated">
		<str name="title" translate="yes">
			<val>Pretplata je aktivirana</val>
		</str>
		<str name="message" translate="yes">
			<val>Hvala vam što ste se pretplatili na {0}.</val>
		</str>
		<str name="close" translate="yes">
			<val>Zatvori</val>
		</str>
	</set>
	
	<set name="dspOverActivation">
		<str name="title" translate="yes">
			<val>Prekoračen je maksimalni broj aktivacija</val>
		</str>
		<str name="warning" translate="yes">
			<val>Nije moguće aktivirati {0}.</val>
		</str>
		<str name="message" translate="yes">
			<val>Pretplata na ovaj proizvod i putem ovog Adobe ID-a već je aktivna na maksimalno dopuštena 2 računala. Odaberite Nastavi da biste deaktivirali druga računala i aktivirali pretplatu na ovom ili odaberite Licenciraj ovaj softver da biste se prijavili s drugim Adobe ID-jem.</val>
		</str>
		<str name="activationPolicy" translate="yes">
			<val>{0}Pravila o aktivaciji{1}</val>
		</str>
		<str name="activationPolicyLink" translate="yes">
			<val>http://www.adobe.com/go/activation_hr</val>
		</str>
		<str name="licenseThisSoftware" translate="yes">
			<val>Licenciraj ovaj softver</val>
		</str>
		<str name="continue" translate="yes">
			<val>Nastavi</val>
		</str>
	</set>
	
	<set name="dspAdobeIDMismatch">
		<str name="title" translate="yes">
			<val>Pokušajte ponovno</val>
		</str>
		<str name="warning" translate="yes">
			<val>Adobe ID-jevi se ne podudaraju</val>
		</str>
		<str name="message" translate="yes">
			<val>Adobe ID s kojim ste se prijavili ne podudara se s Adobe ID-jem koji je pridružen ovoj pretplati. Prijavite se s Adobe ID-jem koji je pridružen pretplati.</val>
		</str>
		<str name="back" translate="yes">
			<val>Natrag</val>
		</str>
		<str name="quit" translate="yes">
			<val>Prekid</val>
		</str>
	</set>
	
	<set name="dspSubscriptionExpired">
		<str name="title" translate="yes">
			<val>Obnova pretplate</val>
		</str>
		<str name="message" translate="yes">
			<val>Da biste obnovili svoju pretplatu na {2} i nastavili neometano koristiti svoj proizvod, idite na {0}Upravitelj za pretplate{1}. Ako ste upravo obnovili pretplatu, pričekajte 15 minuta i pokušajte ponovno.</val>
		</str>
		<str name="messageCCMTeamPara1" translate="yes">
			<val>Please contact Administrator to renew the subscription and continue using your product.</val>
		</str>
		<str name="messageCCMTeamPara2" translate="yes">
			<val>If the subscription is already renewed, wait 15 minutes and try again.</val>
		</str>
		<str name="signedInMessage" translate="yes">
			<val>Prijavili ste se s Adobe ID-jem: {0}. Ako se želite prijaviti s drugim Adobe ID-jem, odaberite Licenciraj ovaj softver.</val>
		</str>
		<str name="subscriptionManagerLink" translate="no">
			<val>http://www.creative.adobe.com/go/account</val>
		</str>
		<str name="tryAgain" translate="yes">
			<val>Pokušaj ponovno</val>
		</str>
		<str name="close" translate="yes">
			<val>Zatvori</val>
		</str>
		<str name="licenseThisSoftware" translate="yes">
			<val>Licenciraj ovaj softver</val>
		</str>
	</set>
	
	<set name="dspCheckGenericError">
		<str name="title" translate="yes">
			<val>Pokušajte ponovno</val>
		</str>
		<str name="warning" translate="yes">
			<val>Nije moguće pokrenuti vašu pretplatu na {0}.</val>
		</str>
		<str name="message" translate="yes">
			<val>Pričekajte nekoliko trenutaka i pokušajte ponovno.</val>
		</str>
		<str name="tryAgain" translate="yes">
			<val>Pokušaj ponovno</val>
		</str>
		<str name="quit" translate="yes">
			<val>Prekid</val>
		</str>
	</set>
	
	<set name="dspSubscriptionVerified">
		<str name="title" translate="yes">
			<val>Hvala vam</val>
		</str>
		<str name="message" translate="yes">
			<val>Vaša je pretplata na {0} sada aktivna. Kliknite Nastavi da biste koristili proizvod.</val>
		</str>
		<str name="continue" translate="yes">
			<val>Nastavi</val>
		</str>
	</set>
	
	<set name="dspSubscriptionReactivation">
		<str name="title" translate="yes">
			<val>Potrebna je prijava</val>
		</str>
		<str name="message" translate="yes">
			<val>Prema našoj evidenciji ta je pretplata već aktivna na drugom računalu. Da biste aktivirali {0} na ovom računalu, prijavite se pomoću svojeg Adobe ID-ja.</val>
		</str>
		<str name="signIn" translate="yes">
			<val>Prijava</val>
		</str>
		<str name="quit" translate="yes">
			<val>Prekid</val>
		</str>
	</set>
	
	<set name="dspReminder">
		<set name="ccInfoReminder">
			<str name="title" translate="yes">
				<val>Podsjetnik na pretplatu</val>
			</str>
			<str name="message" translate="yes">
				<val>Vaša će pretplata uskoro isteći.</val>
			</str>
			<str name="info" translate="yes">
				<val>Prema našoj evidenciji ovom pretplatničkom računu nije pridružena kreditna kartica. Idite na {0}Upravitelj za pretplate{1} i za obnovu pretplate na {2} te neometan nastavak korištenja proizvoda navedite podatke o kreditnoj kartici.</val>
			</str>
			<str name="infoCCMTeam" translate="yes">
				<val>Contact your Administrator to ensure continued access to this product.</val>
			</str>
		</set>
		
		<set name="graceReminder">
			<str name="title" translate="yes">
				<val>Pretplata je istekla</val>
			</str>
			<str name="message" translate="yes">
				<val>Vaša je pretplata na {0} je istekla.</val>
			</str>
			<str name="info" translate="yes">
				<val>Idite na {0}Upravitelj za pretplate{1} i za obnovu pretplate na {2} te neometan nastavak korištenja proizvoda navedite podatke o kreditnoj kartici. Imate kratak poček za obnovu pretplate, nakon kojeg više nećete moći pristupati ovom proizvodu.</val>
			</str>
			<str name="infoCCMTeam" translate="yes">
				<val>Please contact Administrator to renew the subscription and continue using your product uninterrupted. There is a short grace period to renew the subscription, after which you will no longer be able to access this product.</val>
			</str>
		</set>
		
		<str name="subscriptionManagerLink" translate="no">
			<val>http://www.creative.adobe.com/go/account</val>
		</str>
		<str name="offline" translate="yes">
			<val>Nije moguće povezati se s internetom. Provjerite postavke veze i odaberite Pokušaj ponovno.</val>
		</str>
		<str name="subscriptionPolicy" translate="yes">
			<val>{0}Pravila o pretplati{1}</val>
		</str>
		<str name="subscriptionPolicyLink" translate="yes">
			<val>http://www.adobe.com/go/subscription_policy_hr</val>
		</str>
		<str name="daysRemaining" translate="yes">
			<val>Preostalo dana</val>
		</str>
		<str name="dayRemaining" translate="yes">
			<val>Preostalo dana</val>
		</str>
		<str name="continue" translate="yes">
			<val>Nastavi</val>
		</str>
		<str name="tryAgain" translate="yes">
			<val>Pokušaj ponovno</val>
		</str>
	</set>
	
	<set name="dspSuspended">
		<set name="activationSuspended">
			<str name="title" translate="yes">
				<val>Aktivacija nije uspjela</val>
			</str>
			<str name="warning" translate="yes">
				<val>Nije moguće aktivirati {0}.</val>
			</str>
			<str name="message" translate="yes">
				<val>Datum u vašem sustavu ne odgovara datumu na našem poslužitelju. Vaš se sistemski datum može razlikovati od datuma na poslužitelju tvrtke Adobe ({0}) za tri dana.</val>
			</str>
			<str name="info" translate="yes">
				<val>Provjerite postavke datuma na svojem računalu i pokušajte ponovno. Ako se problem i dalje pojavljuje, obratite se {0}podršci za korisnike{1}.</val>
			</str>
		</set>
		
		<set name="subscriptionSuspended">
			<str name="title" translate="yes">
				<val>Pretplata je obustavljena</val>
			</str>
			<str name="warning" translate="yes">
				<val>Pretplata na {0} je obustavljena.</val>
			</str>
			<str name="message" translate="yes">
				<val>Datum u vašem sustavu ne odgovara datumu na našem poslužitelju. Vaš se sistemski datum može razlikovati od datuma na poslužitelju tvrtke Adobe ({0}) za tri dana.</val>
			</str>
			<str name="info" translate="yes">
				<val>Provjerite postavke datuma na svojem računalu i pokušajte ponovno. Ako se problem i dalje pojavljuje, obratite se {0}podršci za korisnike{1}.</val>
			</str>
		</set>
		
		<set name="subscriptionWindback">
			<str name="title" translate="yes">
				<val>Pretplata je obustavljena</val>
			</str>
			<str name="warning" translate="yes">
				<val>Pretplata na {0} je obustavljena.</val>
			</str>
			<str name="message" translate="yes">
				<val>Sistemski datum i vrijeme nisu točni. Postavite sistemski sat na trenutno vrijeme i odaberite Pokušaj ponovno. Ako se problem i dalje pojavljuje, obratite se {0}podršci za korisnike{1}.</val>
			</str>
		</set>
		
		<str name="customerSupportLink" translate="yes">
			<val>http://www.adobe.com/go/customer_support_hr</val>
		</str>
		<str name="activationPolicy" translate="yes">
			<val>{0}Prikaži pravila o aktivaciji{1}</val>
		</str>
		<str name="activationPolicyLink" translate="yes">
			<val>http://www.adobe.com/go/activation_hr</val>
		</str>
		<str name="subscriptionPolicy" translate="yes">
			<val>{0}Pravila o pretplati{1}</val>
		</str>
		<str name="subscriptionPolicyLink" translate="yes">
			<val>http://www.adobe.com/go/subscription_policy_hr</val>
		</str>
		<str name="quit" translate="yes">
			<val>Prekid</val>
		</str>
		<str name="tryAgain" translate="yes">
			<val>Pokušaj ponovno</val>
		</str>
	</set>
	
	<set name="dateTimeFormats">
		<str name="dateFormat_Long" translate="yes">
			<val>{1}. {0} {2}.</val>
		</str>
	</set>

	<set name="monthsFull">
		<str name="1" translate="yes">
			<val>sij.</val>
		</str>
		<str name="2" translate="yes">
			<val>vlj.</val>
		</str>
		<str name="3" translate="yes">
			<val>ožu.</val>
		</str>
		<str name="4" translate="yes">
			<val>tra.</val>
		</str>
		<str name="5" translate="yes">
			<val>svi.</val>
		</str>
		<str name="6" translate="yes">
			<val>lip.</val>
		</str>
		<str name="7" translate="yes">
			<val>srp.</val>
		</str>
		<str name="8" translate="yes">
			<val>kol.</val>
		</str>
		<str name="9" translate="yes">
			<val>ruj.</val>
		</str>
		<str name="10" translate="yes">
			<val>lis.</val>
		</str>
		<str name="11" translate="yes">
			<val>stu.</val>
		</str>
		<str name="12" translate="yes">
			<val>pro.</val>
		</str>
	</set>
	
	<set name="dsp_IMSBusyScrim">
		<str name="WaitAMoment" translate="yes">
			<val>Pričekajte trenutak...</val>
		</str>
	</set>
	
	<set name="dspSubscriptionRevoked">
		<str name="title" translate="yes">
			<val>Pretplata je obustavljena</val>
		</str>
		<str name="warning" translate="yes">
			<val>Pretplata na {0} je obustavljena.</val>
		</str>
		<str name="message" translate="yes">
			<val>Pretplatnička licenca više nije valjana ili je ukinuta. Obratite se {0}podršci za korisnike{1}.</val>
		</str>
		<str name="subscriptionPolicy" translate="yes">
			<val>{0}Pravila o pretplati{1}</val>
		</str>
		<str name="subscriptionPolicyLink" translate="yes">
			<val>http://www.adobe.com/go/subscription_policy_hr</val>
		</str>
		<str name="customerSupportLink" translate="yes">
			<val>http://www.adobe.com/go/customer_support_hr</val>
		</str>
		<str name="quit" translate="yes">
			<val>Prekini</val>
		</str>
	</set>
	
	<set name="isoToLanguage">
		<str name="ar_AE" translate="no"><val>العربية</val></str>
		<str name="en_GB" translate="no"><val>English (International)</val></str> 
		<str name="en_INT" translate="no"><val>English (International)</val></str> 
		<str name="fr_CA" translate="no"><val>Français canadien</val></str>
		<str name="es_QM" translate="no"><val>Español (Middle East)</val></str>
		<str name="es_LA" translate="no"><val>Español de América Latina</val></str>
		<str name="es_NA" translate="no"><val>Español Norteamericano</val></str>
		<str name="bg_BG" translate="no"><val>Български</val></str>
		<str name="lv_LV" translate="no"><val>Latviešu</val></str>
		<str name="et_EE" translate="no"><val>Eesti</val></str>
		<str name="hr_HR" translate="no"><val>hrvatski</val></str>
		<str name="sl_SI" translate="no"><val>slovenščina</val></str>
		<str name="sk_SK" translate="no"><val>Slovenčina</val></str>
		<str name="th_TH" translate="no"><val>ภาษาไทย</val></str> 
		<str name="vi_VN" translate="no"><val>Việt</val></str>
		<str name="en_XC" translate="no"><val>English (Central Europe)</val></str> 
		<str name="en_XM" translate="no"><val>English (Middle East)</val></str>
		<str name="fr_XM" translate="no"><val>Français Oriental Moyen</val></str>
		<str name="sq_AL" translate="no"><val>Shqip</val></str> 
		<str name="ar_SA" translate="no"><val>العربية</val></str>
		<str name="be_BY" translate="no"><val>Беларуская</val></str> 
		<str name="ca_ES" translate="no"><val>Català</val></str> 
		<str name="hi_IN" translate="no"><val>हिन्दी</val></str>
		<str name="is_IS" translate="no"><val>Íslenska</val></str> 
		<str name="lt_LT" translate="no"><val>Lietuvių</val></str>
		<str name="mk_MK" translate="no"><val>македонски</val></str>
		<str name="nn_NO" translate="no"><val>Norsk (Nynorsk)</val></str>
		<str name="pt_PT" translate="no"><val>Português de Portugal</val></str> 
		<str name="sh_YU" translate="no"><val>Srpsko-Hrvatski</val></str> 
		<str name="sr_YU" translate="no"><val>Cрпски</val></str> 
		<str name="kk_KZ" translate="no"><val>Қазақ</val></str>
		<str name="az_AZ" translate="no"><val>Azərbaycan dili</val></str> 
		<str name="es_MX" translate="no"><val>Español (América Latina)</val></str>
		<str name="no_NO" translate="no"><val>Norwegian</val></str> 
		<str name="cs_CZ" translate="no"><val>Česky</val></str>
		<str name="de_DE" translate="no"><val>Deutsch</val></str>
		<str name="el_GR" translate="no"><val>Ελληνικά</val></str>
		<str name="en_US" translate="no"><val>English (North America)</val></str> 
		<str name="es_ES" translate="no"><val>Español</val></str> 
		<str name="fr_FR" translate="no"><val>Français</val></str>
		<str name="he_IL" translate="no"><val>עברית</val></str> 
		<str name="hu_HU" translate="no"><val>Magyar</val></str> 
		<str name="it_IT" translate="no"><val>Italiano</val></str>
		<str name="ja_JP" translate="no"><val>日本語</val></str>
		<str name="ko_KR" translate="no"><val>한국어</val></str>
		<str name="nl_NL" translate="no"><val>Nederlands</val></str>
		<str name="pl_PL" translate="no"><val>Polski</val></str>
		<str name="ro_RO" translate="no"><val>Română</val></str>
		<str name="ru_RU" translate="no"><val>Pусский</val></str>
		<str name="sv_SE" translate="no"><val>Svenska</val></str>
		<str name="tr_TR" translate="no"><val>Türkçe</val></str>
		<str name="uk_UA" translate="no"><val>Українська</val></str>
		<str name="zh_CN" translate="no"><val>简体中文</val></str>
		<str name="zh_TW" translate="no"><val>繁體中文</val></str>
		<str name="da_DK" translate="no"><val>Dansk</val></str>
		<str name="fi_FI" translate="no"><val>Suomi</val></str>
		<str name="nb_NO" translate="no"><val>Norsk (Bokmål)</val></str> 
		<str name="pt_BR" translate="no"><val>Português do Brasil</val></str>
		<str name="en_AE" translate="no"><val>English يدعم العربية</val></str> 
		<str name="en_IL" translate="no"><val>English תומך עברית</val></str> 
		<str name="fr_MA" translate="no"><val>Français (Maroc)</val></str>
	</set>
		
</asf>
