<?xml version='1.0' encoding='utf-8'?>
<!DOCTYPE asf SYSTEM "http://ns.adobe.com/asf/asf_1_0.dtd" >
<asf xmlns="http://ns.adobe.com/asf" locale="ro_RO" version="1.0">
	
	<set name="common">
		<str name="windowTitle" translate="yes">
			<val>Produs Adobe</val>
		</str>
		<str name="day" translate="yes">
			<val>zi</val>
		</str>
		<str name="days" translate="yes">
			<val>(de) zile</val>
		</str>
	</set>
	
	<set name="eula">
		<str name="eula" translate="yes">
			<val>Acordul de licenţă pentru software Adobe</val>
		</str>
		<str name="accept" translate="yes">
			<val>Accept</val>
		</str>
		<str name="quit" translate="yes">
			<val>Părăsire</val>
		</str>		
	</set>

	<set name="register">
		<set name="trial">
			<set name="online">
				<str name="title" translate="yes">
					<val>Conectare necesară</val>
				</str>
				<str name="message" translate="yes">
					<val>Pentru a utiliza versiunea de încercare a produsului {0}, conectaţi-vă utilizând ID-ul Adobe.</val>
				</str>
				<str name="message_device" translate="yes">
					<val>Vom înregistra acum versiunea de încercare pentru ID-ul dvs. Adobe: {0}.</val>
				</str>
				<str name="notYou" translate="yes">
					<val>(Nu este ID-ul dvs. Adobe?)</val>
				</str>
				<str name="signInNow" translate="yes">
					<val>Conectare imediată</val>
				</str>
				<str name="signIn" translate="yes">
					<val>Conectare</val>
				</str>
				<str name="termTitle" translate="yes">
					<val>Condiţiile de utilizare pentru software-ul în versiune de încercare.</val>
				</str>
				<str name="termPara1" translate="yes">
					<val>S-ar putea să vă solicităm furnizarea unor informaţii opţionale, pentru a putea personaliza conţinutul pentru dvs. Puteţi dezactiva oricând conţinutul personalizat, accesând Setările de confidenţialitate situate pe ecranul versiunii de încercare.</val>
				</str>
				<str name="termPara2" translate="yes">
					<val>Pentru informaţii despre datele colectate privind utilizarea de către dvs. a produsului şi despre modul în care Adobe utilizează aceste date, inclusiv modul în care luăm în considerare interesele dvs. la punerea pe piaţă a produselor noastre, faceţi clic {0}aici{1} şi consultaţi {2}Politica de confidenţialitate online a companiei Adobe{3}.</val>
				</str>
				<str name="privacyPortalLink" translate="yes">
					<val>http://www.adobe.com/go/adobe_privacy_portal_ro</val>
				</str>
				<str name="privacyPolicyLink" translate="yes">
					<val>http://www.adobe.com/go/privacy_ro</val>
				</str>
			</set>
		</set>
		
		<set name="subscription">
			<str name="title" translate="yes">
				<val>Conectare necesară</val>
			</str>			
			<str name="message" translate="yes">
				<val>Pentru a utiliza acest produs şi pentru a-l înregistra cu ID-ul dvs. Adobe, este necesară conectarea. ID-ul dvs. Adobe vă oferă o modalitate uşoară de a accesa numerele de serie, precum şi Adobe Creative Cloud şi comunitatea Adobe.com.</val>
			</str>
			<str name="userEmail" translate="yes">
				<val>Vă vom conecta utilizând ID-ul Adobe: {0}.</val>
			</str>
			<str name="notYou" translate="yes">
				<val>(Nu este ID-ul dvs. Adobe?)</val>
			</str>
			<str name="signInNow" translate="yes">
				<val>Conectare imediată</val>
			</str>
			<str name="signIn" translate="yes">
				<val>Conectare</val>
			</str>
			<str name="back" translate="yes">
				<val>Înapoi</val>
			</str>
		</set>
		
		
		<set name="serial">
			<set name="grace">
				<str name="title" translate="yes">
					<val>Conectare necesară</val>
				</str>			
				<str name="message" translate="yes">
					<val>Conectarea utilizând un ID Adobe şi înregistrarea {0} este necesară în decurs de {1}; în caz contrar, acesta va înceta să mai funcţioneze.</val>
				</str>
				<str name="benefit" translate="yes">
					<val>ID-ul dvs. Adobe vă oferă o modalitate uşoară de a accesa numerele de serie, precum şi Adobe Creative Cloud şi comunitatea Adobe.com.</val>
				</str>
				<str name="userEmail" translate="yes">
					<val>Vă vom conecta utilizând ID-ul Adobe: {0}.</val>
				</str>
				<str name="notYou" translate="yes">
					<val>(Nu este ID-ul dvs. Adobe?)</val>
				</str>
				<str name="signInNow" translate="yes">
					<val>Conectare imediată</val>
				</str>
				<str name="signIn" translate="yes">
					<val>Conectare</val>
				</str>
				<str name="signInLater" translate="yes">
					<val>Conectare ulterioară</val>
				</str>
			</set>
			
			<set name="post_grace">
				<str name="title" translate="yes">
					<val>Conectare necesară</val>
				</str>			
				<str name="message" translate="yes">
					<val>Conectarea utilizând ID-ul Adobe pentru a înregistra {0} este necesară înaintea următoarei utilizări a acestui software.</val>
				</str>
				<str name="benefit" translate="yes">
					<val>ID-ul dvs. Adobe vă oferă o modalitate uşoară de a accesa numerele de serie, precum şi Adobe Creative Cloud şi comunitatea Adobe.com.</val>
				</str>
				<str name="userEmail" translate="yes">
					<val>Vă vom conecta utilizând ID-ul Adobe: {0}.</val>
				</str>
				<str name="notYou" translate="yes">
					<val>(Nu este ID-ul dvs. Adobe?)</val>
				</str>
				<str name="signInNow" translate="yes">
					<val>Conectare imediată</val>
				</str>
				<str name="signIn" translate="yes">
					<val>Conectare</val>
				</str>
				<str name="signInLater" translate="yes">
					<val>Conectare ulterioară</val>
				</str>
			</set>
		
			<set name="post_bonus">
				<str name="title" translate="yes">
					<val>Conectare necesară</val>
				</str>			
				<str name="message" translate="yes">
					<val>Nu puteţi utiliza {0} fără a vă conecta utilizând ID-ul dvs. Adobe pentru a vă înregistra.</val>
				</str>
				<str name="benefit" translate="yes">
					<val>ID-ul dvs. Adobe vă oferă o modalitate uşoară de a accesa numerele de serie, precum şi Adobe Creative Cloud şi comunitatea Adobe.com.</val>
				</str>
				<str name="userEmail" translate="yes">
					<val>Vă vom conecta utilizând ID-ul Adobe: {0}.</val>
				</str>
				<str name="notYou" translate="yes">
					<val>(Nu este ID-ul dvs. Adobe?)</val>
				</str>
				<str name="signInNow" translate="yes">
					<val>Conectare imediată</val>
				</str>
				<str name="signIn" translate="yes">
					<val>Conectare</val>
				</str>
				<str name="quit" translate="yes">
					<val>Părăsire</val>
				</str>
			</set>
		
			<set name="go_online_grace">
				<str name="title" translate="yes">
					<val>Conectare necesară</val>
				</str>			
				<str name="message" translate="yes">
					<val>Conectaţi-vă la Internet. Conectarea utilizând ID-ul Adobe pentru a înregistra {0} este necesară în decurs de {1}; în caz contrar, acesta va înceta să mai funcţioneze.</val>
				</str>
				<str name="benefit" translate="yes">
					<val>ID-ul dvs. Adobe vă oferă o modalitate uşoară de a accesa numerele de serie, precum şi Adobe Creative Cloud şi comunitatea Adobe.com.</val>
				</str>
				<str name="userEmail" translate="yes">
					<val>Vă vom conecta utilizând ID-ul Adobe: {0}.</val>
				</str>
				<str name="notYou" translate="yes">
					<val>(Nu este ID-ul dvs. Adobe?)</val>
				</str>
				<str name="noInternet" translate="yes">
					<val>Întâmpinaţi probleme când vă conectaţi la Internet?</val>
				</str>
				<str name="signInNow" translate="yes">
					<val>Conectare imediată</val>
				</str>
				<str name="signIn" translate="yes">
					<val>Conectare</val>
				</str>
				<str name="signInLater" translate="yes">
					<val>Conectare ulterioară</val>
				</str>
			</set>
		
			<set name="go_online_post_grace">
				<str name="title" translate="yes">
					<val>Conectare necesară</val>
				</str>			
				<str name="message" translate="yes">
					<val>Conectarea utilizând ID-ul Adobe pentru a înregistra {0} este necesară înaintea următoarei utilizări a acestui software.</val>
				</str>
				<str name="benefit" translate="yes">
					<val>ID-ul dvs. Adobe vă oferă o modalitate uşoară de a accesa numerele de serie, precum şi Adobe Creative Cloud şi comunitatea Adobe.com.</val>
				</str>
				<str name="userEmail" translate="yes">
					<val>Vă vom conecta utilizând ID-ul Adobe: {0}.</val>
				</str>
				<str name="notYou" translate="yes">
					<val>(Nu este ID-ul dvs. Adobe?)</val>
				</str>
				<str name="noInternet" translate="yes">
					<val>Întâmpinaţi probleme când vă conectaţi la Internet?</val>
				</str>
				<str name="signInNow" translate="yes">
					<val>Conectare imediată</val>
				</str>
				<str name="signIn" translate="yes">
					<val>Conectare</val>
				</str>
				<str name="signInLater" translate="yes">
					<val>Conectare ulterioară</val>
				</str>
			</set>
		
			<set name="go_online_post_bonus">
				<str name="title" translate="yes">
					<val>Conectare necesară</val>
				</str>			
				<str name="message" translate="yes">
					<val>Nu puteţi utiliza {0} fără a vă conecta utilizând ID-ul dvs. Adobe pentru a vă înregistra.</val>
				</str>
				<str name="benefit" translate="yes">
					<val>ID-ul dvs. Adobe vă oferă o modalitate uşoară de a accesa numerele de serie, precum şi Adobe Creative Cloud şi comunitatea Adobe.com.</val>
				</str>
				<str name="userEmail" translate="yes">
					<val>Vă vom conecta utilizând ID-ul Adobe: {0}.</val>
				</str>
				<str name="noInternet" translate="yes">
					<val>Întâmpinaţi probleme când vă conectaţi la Internet?</val>
				</str>
				<str name="notYou" translate="yes">
					<val>(Nu este ID-ul dvs. Adobe?)</val>
				</str>
				<str name="signInNow" translate="yes">
					<val>Conectare imediată</val>
				</str>
				<str name="signIn" translate="yes">
					<val>Conectare</val>
				</str>
				<str name="quit" translate="yes">
					<val>Părăsire</val>
				</str>
			</set>
		</set>
	</set>
	
	
	<set name="registerOptional">
		<set name="serial">
			<str name="title" translate="yes">
				<val>Înregistrarea produsului</val>
			</str>			
			<str name="paragraphOneText" translate="yes">
				<val>Înregistraţi {0} utilizând ID-ul Adobe.</val>
			</str>
			<str name="paragraphOneTextWithAdobeID" translate="yes">
				<val>Înregistraţi {0} utilizând ID-ul Adobe:</val>
			</str>
			<str name="paragraphTwoHeader" translate="yes">
				<val>Prin înregistrarea produsului dvs., puteţi să:</val>
			</str>
			<str name="pointOne" translate="yes">
				<val>Obţineţi acces la asistenţa tehnică</val>
			</str>
			<str name="pointTwo" translate="yes">
				<val>Ţineţi evidenţa privind numărul de serie</val>
			</str>
			<str name="pointThree" translate="yes">
				<val>Fiţi printre primii utilizatori care obţin actualizări şi notificări referitoare la {0}</val>
			</str>
			<str name="pointFour" translate="yes">
				<val>Veţi primi, de asemenea, un {0}beneficiu gratuit{1} pentru înregistrare.</val>
			</str>
			<str name="complementaryBenefitsLink" translate="yes">
				<val>https://www.adobe.com/go/benefit_ro</val>
			</str>
			<str name="notYou" translate="yes">
				<val>(Nu sunteţi dvs.?)</val>
			</str>
			<str name="neverCheckBoxText" translate="yes">
				<val>Nu doresc să se mai afişeze acest mesaj</val>
			</str>
			<str name="registerNow" translate="yes">
				<val>Înregistrare imediată</val>
			</str>
			<str name="skip" translate="yes">
				<val>Ignorare</val>
			</str>
		</set>
	</set>
	
	<set name="trialLaunch">
		<str name="title" translate="yes">
			<val>Versiune de încercare {0}</val>
		</str>
		
		<set name="start">
			<str name="info" translate="yes">
				<val>Puteţi încerca acest produs timp de {0} (de) zile.</val>
			</str>
			<str name="info_day" translate="yes">
				<val>Puteţi încerca acest produs timp de {0} zi.</val>
			</str>
			<str name="additionalInfo" translate="yes">
				<val>Puteţi continua să utilizaţi {0} după perioada de încercare achiziţionând acest software.</val>
			</str>
		</set>
		
		<set name="grace">
			<str name="info" translate="yes">
				<val>Versiunea de încercare va expira peste {0} (de) zile.</val>
			</str>
			<str name="info_day" translate="yes">
				<val>Versiunea de încercare va expira peste {0} zi.</val>
			</str>
			<str name="additionalInfo" translate="yes">
				<val>Puteţi continua să utilizaţi {0} după perioada de încercare achiziţionând acest software.</val>
			</str>
		</set>
		
		<set name="bonus">
			<str name="info" translate="yes">
				<val>Ultima lansare a versiunii de încercare</val>
			</str>
			<str name="additionalInfo" translate="yes">
				<val>Versiunea de încercare a expirat, dar mai puteţi utiliza {0} o singură dată.</val>
			</str>
			<str name="bonusInfo" translate="yes">
				<val>Puteţi continua să utilizaţi {0} achiziţionând acest software.</val>
			</str>
		</set>
		
		<set name="expired">
			<str name="info" translate="yes">
				<val>Versiunea de încercare a expirat.</val>
			</str>
			<str name="additionalInfo" translate="yes">
				<val>Puteţi continua să utilizaţi {0} achiziţionând acest software.</val>
			</str>
		</set>
		
		<str name="daysRemaining" translate="yes">
			<val>Zile rămase</val>
		</str>
		<str name="dayRemaining" translate="yes">
			<val>Zi rămasă</val>
		</str>
		<str name="buy" translate="yes">
			<val>Cumpăraţi acum</val>
		</str>
		<str name="buyLink" translate="no">
			<val>http://www.adobe.com/go/buy</val>
		</str>
		<str name="continue" translate="yes">
			<val>Continuare vers. de încercare</val>
		</str>
		<str name="startTrial" translate="yes">
			<val>Pornire versiune de încercare</val>
		</str>
		<str name="enterSerial" translate="yes">
			<val>Licenţiere software</val>
		</str>		
	</set>
	
	<set name="deactivate">
		<str name="title" translate="yes">
			<val>Dezactivare</val>
		</str>
		<str name="title_Fail" translate="yes">
			<val>Dezactivare nereuşită</val>
		</str>
		<str name="infoSubscription" translate="yes">
			<val>Dezactivarea aplicaţiei nu modifică abonamentul dvs. Pentru a vă modifica abonamentul, accesaţi {0}Managerul de abonare{1}.</val>
		</str>
		<str name="infoSubscriptionCCMTeam" translate="yes">
			<val>Deactivating application does not alter your subscription.</val>
		</str>
		<str name="message" translate="yes">
			<val>Dezactivarea vă permite să activaţi produsele dvs. Adobe pe un alt computer, cu condiţia să acţionaţi conform cu {0}Acordul de licenţă pentru software{1}. Înainte de a dezactiva, asiguraţi-vă că sunteţi conectat la Internet. Puteţi reactiva pe acest computer introducând din nou numărul de serie.</val>
		</str>
		<str name="messageSubscription" translate="yes">
			<val>Dezactivarea vă permite să activaţi produsele dvs. Adobe pe un alt computer, cu condiţia să acţionaţi conform cu {0}Acordul de licenţă pentru software{1}. Înainte de a dezactiva, asiguraţi-vă că sunteţi conectat la Internet.</val>
		</str>
		<str name="deActivationMsgError" translate="yes">
			<val>Dacă această problemă persistă, contactaţi {0}Asistenţa pentru clienţi{1}. {2}</val>
		</str>
		<str name="customerSupportLink" translate="yes">
			<val>http://www.adobe.com/go/customer_support_ro</val>
		</str>
		<str name="eula_Link" translate="yes">
			<val>http://www.adobe.com/go/eulas_ro</val>
		</str>
		<str name="subscriptionManagerLink" translate="no">
			<val>http://www.creative.adobe.com/go/account</val>
		</str>
		<str name="failure" translate="yes">
			<val>Dezactivarea nu a reuşit. Încercaţi din nou.</val>
		</str>
		<str name="deactivate" translate="yes">
			<val>Dezactivare</val>
		</str>		
		<str name="cancel" translate="yes">
			<val>Anulare</val>
		</str>
		<str name="continue" translate="yes">
			<val>Continuare</val>
		</str>
		
		<str name="offline" translate="yes">
			<val>Conectaţi-vă la Internet şi reîncercaţi</val>
		</str>		
		<str name="offlineMsg" translate="yes">
			<val>Imposibil de dezactivat. Asiguraţi-vă că sunteţi conectat la Internet şi încercaţi din nou. Dacă problema persistă, contactaţi {0}Asistenţa pentru clienţi{1}.</val>
		</str>	
		<str name="customerSupportLink" translate="yes">
			<val>http://www.adobe.com/go/customer_support_ro</val>
		</str>
	</set>
	
	<set name="trialFailed">
		<str name="title" translate="yes">
			<val>Iniţializare nereuşită a versiunii de încercare</val>
		</str>
		<str name="warning" translate="yes">
			<val>Licenţierea a încetat să funcţioneze.</val>
		</str>
		<str name="message" translate="yes">
			<val>A apărut o problemă la licenţierea acestui produs. Reinstalaţi produsul şi încercaţi din nou. Dacă această problemă mai apare şi după reinstalare, contactaţi {0}Asistenţa pentru clienţi{1} pentru ajutor suplimentar.</val>
		</str>
		<str name="customerSupportLink" translate="yes">
			<val>http://www.adobe.com/go/customer_support_ro</val>
		</str>
		<str name="close" translate="yes">
			<val>Închidere</val>
		</str>
		<str name="enterSerial" translate="yes">
			<val>Licenţiere software</val>
		</str>
	</set>
	
	<set name="validateSerial">
		<str name="title" translate="yes">
			<val>Validare număr de serie</val>
		</str>
		
		<set name="grace">
			<str name="message" translate="yes">
				<val>Conectaţi-vă la Internet pentru a valida numărul dvs. de serie. Pentru a valida, aveţi la dispoziţie {0}; în caz contrar, software-ul va înceta să mai funcţioneze.</val>
			</str>
		</set>
		
		<set name="post_grace">
			<str name="message" translate="yes">
				<val>Conectaţi-vă la Internet pentru a valida numărul dvs. de serie. La următoarea lansare vi se va solicita să vă conectaţi la Internet; în caz contrar, software-ul nu va funcţiona.</val>
			</str>
		</set>
		
		<set name="post_bonus">
			<str name="message" translate="yes">
				<val>Conectaţi-vă la Internet pentru a valida numărul dvs. de serie. Acest software nu va funcţiona fără activare şi fără validarea numărului de serie. Pentru a continua, este necesar să vă conectaţi la Internet.</val>
			</str>
		</set>
		
		<str name="noInternet" translate="yes">
			<val>Întâmpinaţi probleme când vă conectaţi la Internet?</val>
		</str>
		<str name="validate" translate="yes">
			<val>Validare</val>
		</str>
		<str name="connectLater" translate="yes">
			<val>Conectare ulterioară</val>
		</str>
		<str name="quit" translate="yes">
			<val>Părăsire</val>
		</str>
	</set>

	<set name="deactivateSuccess">
		<str name="title" translate="yes">
			<val>Dezactivare reuşită</val>
		</str>
		<str name="message" translate="yes">
			<val>Acum puteţi utiliza {0} pe un alt computer. Pentru a utiliza din nou {0} pe acest computer, reintroduceţi un număr de serie valid sau selectaţi Încercare şi introduceţi ID-ul Adobe asociat abonamentului.</val>
		</str>
		<str name="close" translate="yes">
			<val>Închidere</val>
		</str>	
	</set>
	
	<set name="offlineScrim">
		<str name="title" translate="yes">
			<val>Conectaţi-vă la Internet şi reîncercaţi</val>
		</str>
		<str name="message" translate="yes">
			<val>Computerul dvs. pare să fie offline. Este necesară o conexiune la Internet. Conectaţi-vă la Internet şi încercaţi din nou. Dacă această problemă persistă, contactaţi {0}Serviciul pentru clienţi{1}.</val>
		</str>
		<str name="offlineActivationMsg" translate="yes">
			<val>În cazul în care acest computer nu are acces la Internet, obţineţi mai multe detalii la {0} utilizând un dispozitiv cu conexiune la Internet.</val>
		</str>
		<str name="offlineActivationLink" translate="yes">
			<val>http://www.adobe.com/go/getactivated_ro</val>
		</str>
		<str name="customerSupportLink" translate="yes">
			<val>http://www.adobe.com/go/customer_support_ro</val>
		</str>
		<str name="retry" translate="yes">
			<val>Reîncercare</val>
		</str>
		<str name="connectLater" translate="yes">
			<val>Conectare ulterioară</val>
		</str>
		<str name="cancel" translate="yes">
			<val>Anulare</val>
		</str>
	</set>
	
	<set name="dspEntitlementOfflineScrim">
		<str name="title" translate="yes">
			<val>Conexiune la Internet necesară pentru abonamente</val>
		</str>
		<str name="message" translate="yes">
			<val>Pentru a porni un abonament, este necesară o conexiune la Internet. Dacă aveţi un abonament, conectaţi-vă la Internet şi selectaţi Reîncercare.</val>
		</str>
		<str name="serialInfo" translate="yes">
			<val>Dacă aveţi un număr de serie, selectaţi Introducere număr de serie pentru a continua.</val>
		</str>
		<str name="retry" translate="yes">
			<val>Reîncercare</val>
		</str>
		<str name="enterSerialNumber" translate="yes">
			<val>Introducere număr de serie</val>
		</str>
		<str name="cancel" translate="yes">
			<val>Înapoi</val>
		</str>
	</set>
	
	<set name="screenLoading">
		<str name="loading" translate="yes">
			<val>Se încarcă...</val>
		</str>
		<str name="validatingSerial" translate="yes">
			<val>Se validează numărul de serie. Această acţiune poate dura câteva secunde...</val>
		</str>
	</set>
	
	<set name="overActivation">
		<str name="title" translate="yes">
			<val>Număr de serie</val>
		</str>
		<str name="stepMessage" translate="yes">
			<val>Numărul de serie {0} este deja utilizat pe numărul maxim permis de computere. Pentru a utiliza acest produs, trebuie să dezactivaţi un alt computer în decurs de {1} (de) zile.</val>
		</str>
		<str name="stepMessageOneDay" translate="yes">
			<val>Numărul de serie {0} este deja utilizat pe numărul maxim permis de computere. Pentru a utiliza acest produs, trebuie să dezactivaţi un alt computer în decurs de 1 zi.</val>
		</str>
		<str name="stepMessageBonusLaunch" translate="yes">
			<val>Numărul de serie {0} este deja utilizat pe numărul maxim permis de computere. Pentru a utiliza din nou {1} pe acest computer, trebuie să dezactivaţi un alt computer sau să furnizaţi un alt număr de serie valid.</val>
		</str>
		<str name="radioButton1" translate="yes">
			<val>Reîncercaţi activarea. Am dezactivat deja unul dintre celelalte computere.</val>
		</str>
		<str name="radioButton2" translate="yes">
			<val>Furnizaţi un alt număr de serie.</val>
		</str>
		<str name="continue" translate="yes">
			<val>Continuare</val>
		</str>
	</set>
	
	<set name="activationFailure">
		<str name="title" translate="yes">
			<val>Activare nereuşită</val>
		</str>
		<str name="activationStepError" translate="yes">
			<val>Nu putem să activăm {0}</val>
		</str>
		<str name="activationMsgError" translate="yes">
			<val>Verificaţi setările conexiunii la Internet şi încercaţi din nou. Dacă problema persistă, contactaţi {0}Asistenţa pentru clienţi{1}. {2}</val>
		</str>
		<str name="customerSupportLink" translate="yes">
			<val>http://www.adobe.com/go/customer_support_ro</val>
		</str>
		<str name="close" translate="yes">
			<val>Închidere</val>
		</str>
		<str name="retry" translate="yes">
			<val>Reîncercare</val>
		</str>
	</set>
	<set name="activationRequired">
		<str name="title" translate="yes">
			<val>Activare necesară</val>
		</str>
		<str name="activationMsgOneDay" translate="yes">
			<val>Conectaţi-vă la Internet. Activarea {0} este necesară în decurs de 1 zi; în caz contrar, acesta va înceta să mai funcţioneze.</val>
		</str>
		<str name="activationMsg" translate="yes">
			<val>Conectaţi-vă la Internet. Activarea {0} este necesară în decurs de {1} (de) zile; în caz contrar, acesta va înceta să mai funcţioneze.</val>
		</str>
		<str name="activationMsgBonus" translate="yes">
			<val>Conectaţi-vă la Internet. Activarea {0} este necesară astăzi; în caz contrar, acesta va înceta să mai funcţioneze.</val>
		</str>
		<str name="activateLater" translate="yes">
			<val>Activare ulterioară</val>
		</str>
		<str name="retry" translate="yes">
			<val>Activare imediată</val>
		</str>
	</set>
	
	<set name="confirmationDialog">
		<str name="title" translate="yes">
			<val>Părăsire</val>
		</str>
		<str name="message" translate="yes">
			<val>Sigur părăsiţi?</val>
		</str>
		<str name="primaryButtonLabel" translate="yes">
			<val>Da</val>
		</str>
		<str name="secondaryButtonLabel" translate="yes">
			<val>Nu</val>
		</str>
	</set>
	
	<set name="inAppTrials">
		<str name="loading" translate="yes">
			<val>Se încarcă...</val>
		</str>
		<str name="title" translate="yes">
			<val>Versiune de încercare {0}</val>
		</str>
		<str name="continue" translate="yes">
			<val>Continuare vers. de încercare</val>
		</str>
		<str name="startTrial" translate="yes">
			<val>Pornire versiune de încercare</val>
		</str>
		<str name="enterSerial" translate="yes">
			<val>Licenţiere software</val>
		</str>
		<str name="privacySettings" translate="yes">
			<val>Setări de confidenţialitate</val>
		</str>
		<str name="tutorialsList" translate="yes">
			<val>{0} din {1}</val>
		</str>
		<str name="videoLoadingError" translate="yes">
			<val>Eroare la încărcarea videoclipului.</val>
		</str>
		<str name="tryAgain" translate="yes">
			<val>Reîncercare</val>
		</str>
		<str name="exitFullScreen" translate="yes">
			<val>Apăsaţi pe ESC pentru a ieşi din modul ecran complet.</val>
		</str>
		<str name="okay" translate="yes">
			<val>OK</val>
		</str>
		<str name="cancel" translate="yes">
			<val>Anulare</val>
		</str>
		<str name="privacyText" translate="yes">
			<val>S-ar putea să vă solicităm furnizarea unor informaţii opţionale, cum ar fi nivelul de experienţă în utilizarea software-ului, pentru a putea personaliza conţinutul pentru dvs.</val>
		</str>
		<str name="privacyPolicyText" translate="yes">
			<val>Pentru informaţii despre datele colectate privind utilizarea de către dvs. a produsului şi despre modul în care Adobe utilizează aceste date, inclusiv modul în care luăm în considerare interesele dvs. la punerea pe piaţă a produselor noastre, {0}faceţi clic aici{1} şi consultaţi {2}Politica de confidenţialitate online a companiei Adobe{3}</val>
		</str>
		<str name="optInText" translate="yes">
			<val>Dezactivaţi afişarea conţinutului personalizat din versiunea de încercare. Data următoare când lansaţi versiunea de încercare, conţinutul personalizat nu va mai fi prezentat.</val>
		</str>
		<str name="privacyPortalLink" translate="yes">
			<val>http://www.adobe.com/go/adobe_privacy_portal_ro</val>
		</str>
		<str name="privacyPolicyLink" translate="yes">
			<val>http://www.adobe.com/go/privacy_ro</val>
		</str>		
		
	</set>
	
	<set name="noInternetConnection">
		<str name="title" translate="yes">
			<val>Fără conexiune la Internet</val>
		</str>
		<str name="para1" translate="yes">
			<val>Nu putem să detectăm o conexiune la Internet pe acest computer.</val>
		</str>
		<str name="para2" translate="yes">
			<val>Activarea şi înregistrarea sunt necesare şi trebuie să fie finalizate în decurs de {0} (de) zile. În cazul în care acest computer are acces la Internet, procesul durează doar câteva minute.</val>
		</str>
		<str name="para2_day" translate="yes">
			<val>Activarea şi înregistrarea sunt necesare şi trebuie să fie finalizate în decurs de 1 zi. În cazul în care acest computer are acces la Internet, procesul durează doar câteva minute.</val>
		</str>
		<str name="para2_end" translate="yes">
			<val>Activarea şi înregistrarea sunt necesare şi trebuie să fie finalizate. În cazul în care acest computer are acces la Internet, procesul durează doar câteva minute.</val>
		</str>
		<str name="para2_optional" translate="yes">
			<val>Activarea este necesară şi trebuie să fie finalizată în decurs de {0} (de) zile. În cazul în care acest computer are acces la Internet, procesul durează doar câteva minute.</val>
		</str>
		<str name="para2_day_optional" translate="yes">
			<val>Activarea este necesară şi trebuie să fie finalizată în decurs de 1 zi. În cazul în care acest computer are acces la Internet, procesul durează doar câteva minute.</val>
		</str>
		<str name="para2_end_optional" translate="yes">
			<val>Activarea este necesară şi trebuie să fie finalizată. În cazul în care acest computer are acces la Internet, procesul durează doar câteva minute.</val>
		</str>
		<str name="para3" translate="yes">
			<val>În cazul în care acest computer nu are acces la Internet, faceţi clic pe Activare offline. Pentru a activa software-ul offline, veţi avea nevoie de un dispozitiv cu conexiune la Internet şi de numărul de serie al produsului.</val>
		</str>
		<str name="para3_optional" translate="yes">
			<val>În cazul în care acest computer nu are deloc acces la Internet, faceţi clic pe Activare offline. Pentru a finaliza procesul de activare offline, veţi avea nevoie de un dispozitiv cu conexiune la Internet şi de numărul de serie al produsului.</val>
		</str>
		<str name="hyperlinkText" translate="yes">
			<val>Acest computer este conectat la Internet. Nu îmi dau seama care este problema.</val>
		</str>
		<str name="hyperlinkTooltipText" translate="yes">
			<val>Contactaţi administratorul sau contactaţi Asistenţa pentru clienţi Adobe.</val>
		</str>
		<str name="offlineActivate" translate="yes">
			<val>Activare offline</val>
		</str>
		<str name="back" translate="yes">
			<val>Înapoi</val>
		</str>
	</set>
	
	<set name="offlineActivation">
		<str name="title" translate="yes">
			<val>Activare offline</val>
		</str>
		<set name="StepError">
			<str name="requestCodeExpired" translate="yes">
				<val>Codul de solicitare {0} a expirat. Pentru a finaliza activarea offline, urmaţi paşii de mai jos.</val>
			</str>
			<str name="requestCodeGenError" translate="yes">
				<val>Nu putem să generăm un Cod de solicitare. Reîncercaţi.</val>
			</str>
		</set>
		<str name="para1" translate="yes">
			<val>1. Faceţi clic pe Generare Cod de solicitare de mai jos. Acest cod este specific computerului şi este valid pentru 72 de ore. Dacă nu puteţi finaliza procesul în 72 de ore, trebuie să solicitaţi un cod nou.</val>
		</str>
		<str name="para2" translate="yes">
			<val>2. Utilizaţi dispozitivul cu conexiune la Internet pentru a accesa Adobe.com/go/getactivated_ro.</val>
		</str>
		<str name="para3" translate="yes">
			<val>3. Când vi se solicită, introduceţi codul de la pasul 1 şi numărul de serie pe site. Astfel se va genera un Cod de răspuns.</val>
		</str>
		<str name="para4" translate="yes">
			<val>4. Introduceţi Codul de răspuns pe computerul offline şi faceţi clic pe Activare.</val>
		</str>
		<str name="para5" translate="yes">
			<val>Faceţi clic pe Înapoi, pentru a activa software-ul online.</val>
		</str>
		<str name="hyperlinkText" translate="yes">
			<val>Doresc să activez mai rapid online.</val>
		</str>
		<str name="back" translate="yes">
			<val>Înapoi</val>
		</str>
		<str name="activateLater" translate="yes">
			<val>Activare ulterioară</val>
		</str>
		<str name="quit" translate="yes">
			<val>Părăsire</val>
		</str>
		<str name="generateRequestCode" translate="yes">
			<val>Generare Cod de solicitare</val>
		</str>
		<str name="customerSupportLink" translate="yes">
			<val>http://www.adobe.com/go/customer_support_ro</val>
		</str>
	</set>
	
	<set name="offlineActivationCode">
		<str name="title" translate="yes">
			<val>Activare offline</val>
		</str>
		<set name="StepError">
			<str name="invalidResponseCode" translate="yes">
				<val>Codul de răspuns introdus nu este valid. Introduceţi din nou.</val>
			</str>
			<str name="requestCodeExpired" translate="yes">
				<val>Codul de solicitare {0} a expirat. Pentru a finaliza activarea offline, urmaţi paşii de mai jos.</val>
			</str>
			<str name="verifyError" translate="yes">
				<val>Nu putem să verificăm Codul de răspuns introdus. Reîncercaţi.</val>
			</str>
		</set>
		<str name="requestCode" translate="yes">
			<val>Cod de solicitare:</val>
		</str>
		<str name="para1" translate="yes">
			<val>Pentru a obţine un Cod de răspuns de la www.adobe.com/go/getactivated_ro şi pentru a-l introduce mai jos, aveţi la dispoziţie {0}.</val>
		</str>
		<str name="responseCode" translate="yes">
			<val>Cod de răspuns:</val>
		</str>
		<str name="hyperlinkText" translate="yes">
			<val>Doresc să activez mai rapid online.</val>
		</str>
		<str name="back" translate="yes">
			<val>Înapoi</val>
		</str>
		<str name="activateLater" translate="yes">
			<val>Activare ulterioară</val>
		</str>
		<str name="quit" translate="yes">
			<val>Părăsire</val>
		</str>
		<str name="activate" translate="yes">
			<val>Activare</val>
		</str>
		<str name="hour" translate="yes">
			<val>oră</val>
		</str>
		<str name="hours" translate="yes">
			<val>(de) ore</val>
		</str>
		<str name="customerSupportLink" translate="yes">
			<val>http://www.adobe.com/go/customer_support_ro</val>
		</str>
	</set>
	
	<set name="offlineActivationComplete">
		<str name="title" translate="yes">
			<val>Activare offline finalizată</val>
		</str>
		<str name="message" translate="yes">
			<val>{0} a fost activat cu succes şi este pregătit pentru a fi utilizat.</val>
		</str>
		<str name="close" translate="yes">
			<val>Închidere</val>
		</str>
		<str name="launch" translate="yes">
			<val>Lansare</val>
		</str>
	</set>
	
	<set name="unableToActivate">
		<str name="title" translate="yes">
			<val>Activare nereuşită</val>
		</str>
		<str name="warning" translate="yes">
			<val>Nu putem să activăm {0}</val>
		</str>
		<str name="para1" translate="yes">
			<val>Pentru a utiliza acest produs, este necesară activarea sa.</val>
		</str>
		<str name="para2" translate="yes">
			<val>Pentru a activa acest produs, este necesară o conexiune activă la Internet. Verificaţi setările de conexiune, apoi selectaţi Reîncercare.</val>
		</str>
		<str name="tryAgain" translate="yes">
			<val>Reîncercare</val>
		</str>
		<str name="close" translate="yes">
			<val>Închidere</val>
		</str>
		<str name="noInternet" translate="yes">
			<val>Întâmpinaţi probleme când vă conectaţi la Internet?</val>
		</str>
	</set>
	
	<set name="dspSubscriptionActivated">
		<str name="title" translate="yes">
			<val>Abonament activat</val>
		</str>
		<str name="message" translate="yes">
			<val>Vă mulţumim pentru abonarea la {0}.</val>
		</str>
		<str name="close" translate="yes">
			<val>Închidere</val>
		</str>
	</set>
	
	<set name="dspOverActivation">
		<str name="title" translate="yes">
			<val>Numărul maxim de activări a fost depăşit</val>
		</str>
		<str name="warning" translate="yes">
			<val>Nu putem să activăm {0}.</val>
		</str>
		<str name="message" translate="yes">
			<val>Un abonament la acest produs cu acest ID Adobe este deja activ pe un număr maxim de 2 dispozitive. Selectaţi Continuare pentru a dezactiva celelalte dispozitive şi pentru a activa abonamentul pe acest dispozitiv sau selectaţi Licenţiere software pentru a vă conecta cu alt ID Adobe.</val>
		</str>
		<str name="activationPolicy" translate="yes">
			<val>{0}Politica de activare{1}</val>
		</str>
		<str name="activationPolicyLink" translate="yes">
			<val>http://www.adobe.com/go/activation_ro</val>
		</str>
		<str name="licenseThisSoftware" translate="yes">
			<val>Licenţiere software</val>
		</str>
		<str name="continue" translate="yes">
			<val>Continuare</val>
		</str>
	</set>
	
	<set name="dspAdobeIDMismatch">
		<str name="title" translate="yes">
			<val>Reîncercare</val>
		</str>
		<str name="warning" translate="yes">
			<val>Nepotrivire ID Adobe</val>
		</str>
		<str name="message" translate="yes">
			<val>ID-ul Adobe cu care v-aţi conectat nu corespunde cu ID-ul Adobe asociat acestui abonament. Conectaţi-vă utilizând ID-ul Adobe asociat acestui abonament.</val>
		</str>
		<str name="back" translate="yes">
			<val>Înapoi</val>
		</str>
		<str name="quit" translate="yes">
			<val>Părăsire</val>
		</str>
	</set>
	
	<set name="dspSubscriptionExpired">
		<str name="title" translate="yes">
			<val>Reînnoirea abonamentului</val>
		</str>
		<str name="message" translate="yes">
			<val>Accesaţi {0}Managerul de abonare{1} pentru a vă reînnoi abonamentul la {2} şi pentru a continua utilizarea neîntreruptă a produsului. În cazul în care tocmai aţi reînnoit abonamentul, aşteptaţi 15 minute, apoi reîncercaţi.</val>
		</str>
		<str name="messageCCMTeamPara1" translate="yes">
			<val>Please contact Administrator to renew the subscription and continue using your product.</val>
		</str>
		<str name="messageCCMTeamPara2" translate="yes">
			<val>If the subscription is already renewed, wait 15 minutes and try again.</val>
		</str>
		<str name="signedInMessage" translate="yes">
			<val>Sunteţi conectat cu ID-ul Adobe: {0}. Dacă doriţi să vă conectaţi cu alt ID Adobe, selectaţi Licenţiere software.</val>
		</str>
		<str name="subscriptionManagerLink" translate="no">
			<val>http://www.creative.adobe.com/go/account</val>
		</str>
		<str name="tryAgain" translate="yes">
			<val>Reîncercare</val>
		</str>
		<str name="close" translate="yes">
			<val>Închidere</val>
		</str>
		<str name="licenseThisSoftware" translate="yes">
			<val>Licenţiere software</val>
		</str>
	</set>
	
	<set name="dspCheckGenericError">
		<str name="title" translate="yes">
			<val>Reîncercare</val>
		</str>
		<str name="warning" translate="yes">
			<val>Imposibil de pornit abonamentul la {0}.</val>
		</str>
		<str name="message" translate="yes">
			<val>Aşteptaţi câteva momente, apoi încercaţi din nou.</val>
		</str>
		<str name="tryAgain" translate="yes">
			<val>Reîncercare</val>
		</str>
		<str name="quit" translate="yes">
			<val>Părăsire</val>
		</str>
	</set>
	
	<set name="dspSubscriptionVerified">
		<str name="title" translate="yes">
			<val>Vă mulţumim</val>
		</str>
		<str name="message" translate="yes">
			<val>Abonamentul la {0} este acum activ. Faceţi clic pe Continuare pentru a utiliza produsul.</val>
		</str>
		<str name="continue" translate="yes">
			<val>Continuare</val>
		</str>
	</set>
	
	<set name="dspSubscriptionReactivation">
		<str name="title" translate="yes">
			<val>Conectare necesară</val>
		</str>
		<str name="message" translate="yes">
			<val>Conform evidenţelor noastre, acest abonament este deja activ pe un alt computer. Pentru a activa {0} pe acest computer, conectaţi-vă utilizând ID-ul Adobe.</val>
		</str>
		<str name="signIn" translate="yes">
			<val>Conectare</val>
		</str>
		<str name="quit" translate="yes">
			<val>Părăsire</val>
		</str>
	</set>
	
	<set name="dspReminder">
		<set name="ccInfoReminder">
			<str name="title" translate="yes">
				<val>Memento abonament</val>
			</str>
			<str name="message" translate="yes">
				<val>Abonamentul dvs. va expira în curând.</val>
			</str>
			<str name="info" translate="yes">
				<val>Conform evidenţelor noastre, nu a fost asociată nicio carte de credit cu acest cont de abonament. Accesaţi {0}Managerul de abonare{1} şi specificaţi o carte de credit pentru a vă reînnoi abonamentul la {2} şi pentru a continua utilizarea neîntreruptă a produsului.</val>
			</str>
			<str name="infoCCMTeam" translate="yes">
				<val>Contact your Administrator to ensure continued access to this product.</val>
			</str>
		</set>
		
		<set name="graceReminder">
			<str name="title" translate="yes">
				<val>Abonament expirat</val>
			</str>
			<str name="message" translate="yes">
				<val>Abonamentul dvs. la {0} a expirat.</val>
			</str>
			<str name="info" translate="yes">
				<val>Accesaţi {0}Managerul de abonare{1} pentru a vă reînnoi abonamentul la {2} şi pentru a continua utilizarea neîntreruptă a produsului. Beneficiaţi de o scurtă perioadă de graţie pentru reînnoirea abonamentului, după care nu veţi mai putea să accesaţi acest produs.</val>
			</str>
			<str name="infoCCMTeam" translate="yes">
				<val>Please contact Administrator to renew the subscription and continue using your product uninterrupted. There is a short grace period to renew the subscription, after which you will no longer be able to access this product.</val>
			</str>
		</set>
		
		<str name="subscriptionManagerLink" translate="no">
			<val>http://www.creative.adobe.com/go/account</val>
		</str>
		<str name="offline" translate="yes">
			<val>Imposibil de stabilit conexiunea la Internet. Verificaţi setările de conexiune, apoi selectaţi Reîncercare.</val>
		</str>
		<str name="subscriptionPolicy" translate="yes">
			<val>{0}Politica de abonare{1}</val>
		</str>
		<str name="subscriptionPolicyLink" translate="yes">
			<val>http://www.adobe.com/go/subscription_policy_ro</val>
		</str>
		<str name="daysRemaining" translate="yes">
			<val>Zile rămase</val>
		</str>
		<str name="dayRemaining" translate="yes">
			<val>Zi rămasă</val>
		</str>
		<str name="continue" translate="yes">
			<val>Continuare</val>
		</str>
		<str name="tryAgain" translate="yes">
			<val>Reîncercare</val>
		</str>
	</set>
	
	<set name="dspSuspended">
		<set name="activationSuspended">
			<str name="title" translate="yes">
				<val>Activare nereuşită</val>
			</str>
			<str name="warning" translate="yes">
				<val>Nu putem să activăm {0}.</val>
			</str>
			<str name="message" translate="yes">
				<val>Data sistemului nu corespunde cu data serverului. Data sistemului poate fi cu maximum trei zile decalată faţă de data serverului Adobe ({0}).</val>
			</str>
			<str name="info" translate="yes">
				<val>Verificaţi setările pentru dată de pe computer şi încercaţi din nou. Dacă problema persistă, contactaţi {0}Asistenţa pentru clienţi{1}.</val>
			</str>
		</set>
		
		<set name="subscriptionSuspended">
			<str name="title" translate="yes">
				<val>Abonament suspendat</val>
			</str>
			<str name="warning" translate="yes">
				<val>Abonamentul la {0} a fost suspendat.</val>
			</str>
			<str name="message" translate="yes">
				<val>Data sistemului nu corespunde cu data serverului. Data sistemului poate fi cu maximum trei zile decalată faţă de data serverului Adobe ({0}).</val>
			</str>
			<str name="info" translate="yes">
				<val>Verificaţi setările pentru dată de pe computer şi încercaţi din nou. Dacă problema persistă, contactaţi {0}Asistenţa pentru clienţi{1}.</val>
			</str>
		</set>
		
		<set name="subscriptionWindback">
			<str name="title" translate="yes">
				<val>Abonament suspendat</val>
			</str>
			<str name="warning" translate="yes">
				<val>Abonamentul la {0} a fost suspendat.</val>
			</str>
			<str name="message" translate="yes">
				<val>Data şi ora sistemului sunt setate incorect. Setaţi ceasul sistemului la ora curentă şi selectaţi Reîncercare. Dacă problema persistă, contactaţi {0}Asistenţa pentru clienţi{1}.</val>
			</str>
		</set>
		
		<str name="customerSupportLink" translate="yes">
			<val>http://www.adobe.com/go/customer_support_ro</val>
		</str>
		<str name="activationPolicy" translate="yes">
			<val>{0}Vizualizare Politică de activare{1}</val>
		</str>
		<str name="activationPolicyLink" translate="yes">
			<val>http://www.adobe.com/go/activation_ro</val>
		</str>
		<str name="subscriptionPolicy" translate="yes">
			<val>{0}Politica de abonare{1}</val>
		</str>
		<str name="subscriptionPolicyLink" translate="yes">
			<val>http://www.adobe.com/go/subscription_policy_ro</val>
		</str>
		<str name="quit" translate="yes">
			<val>Părăsire</val>
		</str>
		<str name="tryAgain" translate="yes">
			<val>Reîncercare</val>
		</str>
	</set>
	
	<set name="dateTimeFormats">
		<str name="dateFormat_Long" translate="yes">
			<val>{1} {0} {2}</val>
		</str>
	</set>

	<set name="monthsFull">
		<str name="1" translate="yes">
			<val>ian.</val>
		</str>
		<str name="2" translate="yes">
			<val>feb.</val>
		</str>
		<str name="3" translate="yes">
			<val>mar.</val>
		</str>
		<str name="4" translate="yes">
			<val>apr.</val>
		</str>
		<str name="5" translate="yes">
			<val>mai</val>
		</str>
		<str name="6" translate="yes">
			<val>iun.</val>
		</str>
		<str name="7" translate="yes">
			<val>iul.</val>
		</str>
		<str name="8" translate="yes">
			<val>aug.</val>
		</str>
		<str name="9" translate="yes">
			<val>sep.</val>
		</str>
		<str name="10" translate="yes">
			<val>oct.</val>
		</str>
		<str name="11" translate="yes">
			<val>noi.</val>
		</str>
		<str name="12" translate="yes">
			<val>dec.</val>
		</str>
	</set>
	
	<set name="dsp_IMSBusyScrim">
		<str name="WaitAMoment" translate="yes">
			<val>Aşteptaţi un moment...</val>
		</str>
	</set>
	
	<set name="dspSubscriptionRevoked">
		<str name="title" translate="yes">
			<val>Abonament suspendat</val>
		</str>
		<str name="warning" translate="yes">
			<val>Abonamentul la {0} a fost suspendat.</val>
		</str>
		<str name="message" translate="yes">
			<val>Licenţa pentru abonament nu mai este validă sau a fost revocată. Contactaţi {0}Asistenţa pentru clienţi{1}.</val>
		</str>
		<str name="subscriptionPolicy" translate="yes">
			<val>{0}Politica de abonare{1}</val>
		</str>
		<str name="subscriptionPolicyLink" translate="yes">
			<val>http://www.adobe.com/go/subscription_policy_ro</val>
		</str>
		<str name="customerSupportLink" translate="yes">
			<val>http://www.adobe.com/go/customer_support_ro</val>
		</str>
		<str name="quit" translate="yes">
			<val>Părăsire</val>
		</str>
	</set>
	
	<set name="isoToLanguage">
		<str name="ar_AE" translate="no"><val>العربية</val></str>
		<str name="en_GB" translate="no"><val>English (International)</val></str> 
		<str name="en_INT" translate="no"><val>English (International)</val></str> 
		<str name="fr_CA" translate="no"><val>Français canadien</val></str>
		<str name="es_QM" translate="no"><val>Español (Middle East)</val></str>
		<str name="es_LA" translate="no"><val>Español de América Latina</val></str>
		<str name="es_NA" translate="no"><val>Español Norteamericano</val></str>
		<str name="bg_BG" translate="no"><val>Български</val></str>
		<str name="lv_LV" translate="no"><val>Latviešu</val></str>
		<str name="et_EE" translate="no"><val>Eesti</val></str>
		<str name="hr_HR" translate="no"><val>hrvatski</val></str>
		<str name="sl_SI" translate="no"><val>slovenščina</val></str>
		<str name="sk_SK" translate="no"><val>Slovenčina</val></str>
		<str name="th_TH" translate="no"><val>ภาษาไทย</val></str> 
		<str name="vi_VN" translate="no"><val>Việt</val></str>
		<str name="en_XC" translate="no"><val>English (Central Europe)</val></str> 
		<str name="en_XM" translate="no"><val>English (Middle East)</val></str>
		<str name="fr_XM" translate="no"><val>Français Oriental Moyen</val></str>
		<str name="sq_AL" translate="no"><val>Shqip</val></str> 
		<str name="ar_SA" translate="no"><val>العربية</val></str>
		<str name="be_BY" translate="no"><val>Беларуская</val></str> 
		<str name="ca_ES" translate="no"><val>Català</val></str> 
		<str name="hi_IN" translate="no"><val>हिन्दी</val></str>
		<str name="is_IS" translate="no"><val>Íslenska</val></str> 
		<str name="lt_LT" translate="no"><val>Lietuvių</val></str>
		<str name="mk_MK" translate="no"><val>македонски</val></str>
		<str name="nn_NO" translate="no"><val>Norsk (Nynorsk)</val></str>
		<str name="pt_PT" translate="no"><val>Português de Portugal</val></str> 
		<str name="sh_YU" translate="no"><val>Srpsko-Hrvatski</val></str> 
		<str name="sr_YU" translate="no"><val>Cрпски</val></str> 
		<str name="kk_KZ" translate="no"><val>Қазақ</val></str>
		<str name="az_AZ" translate="no"><val>Azərbaycan dili</val></str> 
		<str name="es_MX" translate="no"><val>Español (América Latina)</val></str>
		<str name="no_NO" translate="no"><val>Norwegian</val></str> 
		<str name="cs_CZ" translate="no"><val>Česky</val></str>
		<str name="de_DE" translate="no"><val>Deutsch</val></str>
		<str name="el_GR" translate="no"><val>Ελληνικά</val></str>
		<str name="en_US" translate="no"><val>English (North America)</val></str> 
		<str name="es_ES" translate="no"><val>Español</val></str> 
		<str name="fr_FR" translate="no"><val>Français</val></str>
		<str name="he_IL" translate="no"><val>עברית</val></str> 
		<str name="hu_HU" translate="no"><val>Magyar</val></str> 
		<str name="it_IT" translate="no"><val>Italiano</val></str>
		<str name="ja_JP" translate="no"><val>日本語</val></str>
		<str name="ko_KR" translate="no"><val>한국어</val></str>
		<str name="nl_NL" translate="no"><val>Nederlands</val></str>
		<str name="pl_PL" translate="no"><val>Polski</val></str>
		<str name="ro_RO" translate="no"><val>Română</val></str>
		<str name="ru_RU" translate="no"><val>Pусский</val></str>
		<str name="sv_SE" translate="no"><val>Svenska</val></str>
		<str name="tr_TR" translate="no"><val>Türkçe</val></str>
		<str name="uk_UA" translate="no"><val>Українська</val></str>
		<str name="zh_CN" translate="no"><val>简体中文</val></str>
		<str name="zh_TW" translate="no"><val>繁體中文</val></str>
		<str name="da_DK" translate="no"><val>Dansk</val></str>
		<str name="fi_FI" translate="no"><val>Suomi</val></str>
		<str name="nb_NO" translate="no"><val>Norsk (Bokmål)</val></str> 
		<str name="pt_BR" translate="no"><val>Português do Brasil</val></str>
		<str name="en_AE" translate="no"><val>English يدعم العربية</val></str> 
		<str name="en_IL" translate="no"><val>English תומך עברית</val></str> 
		<str name="fr_MA" translate="no"><val>Français (Maroc)</val></str>
	</set>
		
</asf>
