<?xml version='1.0' encoding='utf-8'?>
<!DOCTYPE asf SYSTEM "http://ns.adobe.com/asf/asf_1_0.dtd" >
<asf xmlns="http://ns.adobe.com/asf" locale="tr_TR" version="1.0">

	<set name="ButtonLabel">
		<str name="Yes" translate="yes">
			<val>Evet</val>
		</str>
		<str name="No" translate="yes">
			<val>Hayır</val>
		</str>
		<str name="Accept" translate="yes">
			<val>Kabul et</val>
		</str>
		<str name="Install" translate="yes">
			<val>Yükle</val>
		</str>
		<str name="Uninstall" translate="yes">
			<val>Kaldır</val>
		</str>
		<str name="OK" translate="yes">
			<val>Tamam</val>
		</str>
		<str name="Continue" translate="yes">
			<val>Devam</val>
		</str>
		<str name="Back" translate="yes">
			<val>Geri</val>
		</str>
		<str name="Cancel" translate="yes">
			<val>İptal</val>
		</str>
        <str name="Close" translate="yes">
            <val>Kapat</val>
        </str>
		<str name="Quit" translate="yes">
			<val>Çık</val>
		</str>
		<str name="SignIn" translate="yes">
			<val>Giriş yap</val>
		</str>
		<str name="SignInNow" translate="yes">
			<val>Şimdi Giriş Yap</val>
		</str>
		<str name="SignInLater" translate="yes">
			<val>Daha Sonra Giriş Yap</val>
		</str>
		<str name="StartAgain" translate="yes">
			<val>Baştan Başla</val>
		</str>
		<str name="Retry" translate="yes">
			<val>Yeniden dene</val>
		</str>
		<str name="Verify" translate="yes">
			<val>Doğrula</val>
		</str>
		<str name="ConnectLater" translate="yes">
			<val>Daha Sonra Bağlan</val>
		</str>
	</set>
	
	<set name="DialogueTitle">
		<str name="Quit" translate="yes">
			<val>Çık</val>
		</str>
	</set>

	<set name="Welcome">
		<str name="Title" translate="yes">
			<val>Hoş geldiniz</val>
		</str>
		<str name="OptionOne" translate="yes">
			<val>Seri numarası ile yükle</val>
		</str>
		<str name="OptionOneInfo" translate="yes">
			<val>Bir seri numaram var.</val>
		</str>
		<str name="OptionTwo" translate="yes">
			<val>Aboneliğimi başlat</val>
		</str>
		<str name="OptionTwoInfo" translate="yes">
			<val>Aboneliğim var.</val>
		</str>
		<str name="OptionThree" translate="yes">
			<val>Deneme sürümü yükle</val>
		</str>
		<str name="OptionThreeInfo" translate="yes">
			<val>{0} ürününü belirli bir süre için denemek istiyorum.</val>
		</str>
		<set name="MBLS">
			<str name="OptionOne" translate="yes">
				<val>Yükle</val>
			</str>
			<str name="OptionOneInfo" translate="yes">
				<val>Ürünü satın aldım</val>
			</str>
			<str name="OptionTwo" translate="yes">
				<val>Dene</val>
			</str>
			<str name="OptionTwoInfo" translate="yes">
				<val>{0} ürününü sınırlı bir süre için denemek istiyorum</val>
			</str>
		</set>
	</set>
	
	<set name="EULA">
		<str name="Title" translate="yes">
			<val>Adobe Yazılım Lisans Sözleşmesi</val>
		</str>
		<str name="Para1" translate="yes">
			<val>Sözleşme, bu yazılım da dahil olmak üzere {0} ürünlerinizin kurulumunu ve kullanımını yönetir. Şimdiye kadar kabul ettiğiniz sözleşmeleri www.adobe.com/go/myaccount_tr adresinden inceleyebilirsiniz.</val>
		</str>
	</set>

	<set name="Register">
		<str name="Title" translate="yes">
			<val>Giriş Yapılması Gerekiyor</val>
		</str>
		<set name="Trial">
			<str name="FirstTime" translate="yes">
				<val>{0} deneme sürümünüzü başlatmak için Adobe ID'nizle giriş yapın.</val>
			</str>
			<str name="Subsequent" translate="yes">
				<val>Şimdi deneme sürümünüzü Adobe ID'niz ile kaydedeceğiz: {0}.</val>
			</str>
			<set name="TnC">
				<str name="Title" translate="yes">
					<val>Deneme sürümü yazılımı için şartlar ve koşullar.</val>
				</str>
				<str name="Paragraph1" translate="yes">
					<val>İçeriği sizin ihtiyaçlarınıza göre düzenlemek için sizden isteğe bağlı olarak sunacağınız bilgiler sağlamanızı isteyebiliriz. Deneme sürümü deneyimi ekranında bulunan Gizlilik Ayarları bölümüne giderek istediğiniz zaman bu özelleştirilmiş içeriği kapatabilirsiniz.</val>
				</str>
				<str name="Paragraph2" translate="yes">
					<val>Ürün kullanımınızla ilgili topladığımız bilgiler ve Adobe'nin bu bilgileri nasıl kullandığıyla ilgili bilgi için (ilgi alanlarınıza göre yaptığımız pazarlama faaliyetleri dahil olmak üzere) {0}burayı{1} tıklatın ve {2}Adobe Çevrimiçi Gizlilik İlkesi{3}'ne bakın.</val>
				</str>
			</set>
			<set name="EntitlementInTrial">
				<str name="Title" translate="yes">
					<val>Geçerli Lisans Bulundu</val>
				</str>
				<str name="Para1" translate="yes">
					<val>Deneme sürümünü tercih ettiniz ancak {0} Adobe ID'niz için bu yazılımın tam sürümüne erişiminiz bulunmakta. Bu yükleme işleminin sonunda yazılımınızın lisanslı kopyasının keyfini çıkarabilirsiniz.</val>
				</str>
				<str name="Para2" translate="yes">
					<val>Yüklemek için Devam'a basın.</val>
				</str>
				<str name="DiffAdobeID" translate="yes">
					<val>Farklı bir Adobe ID'niz mi var?</val>
				</str>
			</set>						
		</set>
		<set name="Serial">
			<str name="Paragraph1" translate="yes">
				<val>{0} ürününüzün seri numarası doğrulandı.</val>
			</str>
			<str name="Paragraph2" translate="yes">
				<val>Bu ürünü yüklemek ve Adobe ID'niz ile kaydettirmek için giriş yapmanız gerekmektedir. Adobe ID'niz seri numaralarınızın yanı sıra Adobe Creative Cloud ve Adobe.com/tr topluluğuna erişmeniz için kolay bir yol sağlar.</val>
			</str>
			<str name="SubsequentParagraph3" translate="yes">
				<val>Şu Adobe ID ile giriş yapacaksınız: {0}.</val>
			</str>
		</set>
		<set name="MBLS">
			<str name="Paragraph1" translate="yes">
				<val>Bu ürünün yüklenmesi için Adobe ID ile giriş yapılması gerekiyor. Ayrıca Adobe ID'niz, Adobe çevrimiçi hizmetleri ana bilgisayarına ve Adobe.com topluluğuna kolaylıkla erişmenizi sağlar.</val>
			</str>
			<set name="Offline">
				<str name="Title" translate="yes">
					<val>İnternet'e bağlanın ve yeniden deneyin</val>
				</str>
				<set name="Install">
					<str name="Paragraph1" translate="yes">
						<val>Bir abonelik başlatmak için İnternet bağlantısına ihtiyacınız vardır. Aboneliğiniz varsa İnternet'e bağlanın ve Yeniden dene'yi seçin.</val>
					</str>
					<str name="Paragraph2" translate="yes">
						<val>Bir seri numaranız varsa ve şu anda İnternet'e bağlanamıyorsanız Daha Sonra Bağlan'ı seçin. Seri numaranızı 7 gün içinde doğrulamanız istenir. Aksi takdirde, yazılımınız çalışmayı durdurur. Bu bilgisayar İnternet'e erişemiyorsa, İnternet'i olan bir cihaz kullanarak {0} adresinden daha fazla bilgi edinin.</val>
					</str>
				</set>
				<set name="Trial">
					<str name="Paragraph1" translate="yes">
						<val>Bilgisayarınız çevrimdışı göründüğünden bağlantı hatasına neden oluyor. İnternet bağlantısı gerekiyor. İnternet'e bağlanın ve yeniden deneyin. Bu sorun devam ederse {0}Müşteri Desteği{1} ile iletişim kurun.</val>
					</str>
				</set>
			</set>
		</set>
		<str name="NotYou" translate="yes">
			<val>(Sizin Adobe ID'niz değil mi?)</val>
		</str>
		<set name="Subscription">
			<set name="FirstTime">
				<str name="Paragraph" translate="yes">
					<val>Şimdi aboneliğinize erişebilmeniz için Adobe ID'nizle giriş yapacaksınız.</val>
				</str>
			</set>
			<set name="Subsequent">
				<str name="Title" translate="yes">
					<val>Aboneliğinizi Doğrulayın</val>
				</str>
				<str name="Paragraph" translate="yes">
					<val>Adobe ID'nizle aboneliğinizi doğrulamanız gerekmektedir: {0}.</val>
				</str>
				<str name="Paragraph2" translate="yes">
					<val>Tüm doğru uygulamaları aldığınızdan emin olmak istiyoruz.</val>
				</str>
			</set>
			<set name="EntitlementCallScrim">
				<str name="WaitAMoment" translate="yes">
					<val>Bir dakika bekleyin...</val>
				</str>
			</set>
			
			<set name="OfflineScrim">
				<str name="Title" translate="yes">
					<val>Aboneliğinizi başlatabilmeniz için İnternet bağlantınızın olması gerekir</val>
				</str>
				<str name="Message" translate="yes">
					<val>İnternet'e bağlı olduğunuzdan emin olun ve Yeniden dene'yi tıklatın. Bu sorun devam ederse {0}Adobe Müşteri Hizmetleri{1} ile iletişim kurun.</val>
				</str>
			</set>
			
			<set name="NoSubscriptionFound">
	        	<str name="Title" translate="yes">
	        		<val>Abonelik Bulunamadı</val>
	        	</str>
	        	<str name="ParagraphOneText" translate="yes">
	        		<val>Bu Adobe ID ile ilişkili bir {0}{1}{2} aboneliği bulamadık. {3}Yeni bir abonelik{4} satın alabilir veya farklı bir Adobe ID girmek için Geri'yi tıklatabilirsiniz. Bir aboneliğiniz varsa ve aboneliğinize erişemiyorsanız {5}Müşteri Desteği{6} ile iletişime geçin.</val>
	        	</str>
	        	<str name="ParagraphTwoText" translate="yes">
	        		<val>Ayrıca deneme sürümünü yüklemeyi veya {0}Baştan Başla{1} seçeneğini tıklatarak geçerli bir seri numarasıyla yüklemeyi seçebilirsiniz.</val>	
	        	</str>
	        </set>
		</set>
	</set>
	
	<set name="InstallOptions">
		<str name="Title" translate="yes">
			<val>Seçenekler</val>
		</str>
		<str name="SelectAppInfo" translate="yes">
			<val>Seçenekleri özelleştirmek üzere bir ürün adını tıklatın.</val>
		</str>
		<str name="NoComponentInfo" translate="yes">
			<val>Özelleştirilecek bileşen yok.</val>
		</str>
		<str name="Components" translate="yes">
			<val>{0} Bileşenleri</val>
		</str>
		<str name="TotalInstall" translate="yes">
			<val>Toplam Yükleme: {0}</val>
		</str>
		<str name="Language" translate="yes">
			<val>Dil:</val>
		</str>
		<str name="Location" translate="yes">
			<val>Konum:</val>
		</str>
		<str name="Available" translate="yes">
			<val>{0} Kullanılabilir</val>
		</str>
		<str name="SpaceRequired" translate="yes">
			<val>Gerekli Alan: {0}</val>
		</str>
		<str name="SpaceWarning" translate="yes">
			<val>Gereken Alan: {0}, Kullanılabilir: {1}</val>
		</str>
        <str name="InsufficientDiskSpace" translate="yes">
			<val>Yüklemeyi tamamlamak için yeterli disk alanı yok.</val>
        </str>
		<str name="DefaultDriveWarning" translate="yes">
			<val>Bazı dosyalar {0} içine de yüklenir</val>
		</str>
		
		<set name="PayloadError">
			<str name="TrialInstall" translate="yes">
				<val>Bu ürün deneme sürümü olarak yüklenecek.</val>
			</str>
			<str name="LicensedInstall" translate="yes">
				<val>Bu yazılımın lisanslı bir kopyası yüklenecek.</val>
			</str>
			<str name="AlreadyInstalled" translate="yes">
				<val>Bu ürünün daha eski bir sürümünün kurulu olduğu algılandı. Bu ürün orijinal konumuna yüklenecek.</val>
			</str>
			<set name="SystemRequirements">
				<set name="OS">
					<str name="Header" translate="yes">
						<val>İşletim sistemi gereksinimi karşılanmıyor.</val>
					</str>
					<str name="CurrentOS" translate="yes">
						<val>- Geçerli işletim sistemi: {0} {1}</val>
					</str>
					<str name="MacRecommended" translate="yes">
						<val>- Mac OS {0} veya üstü önerilir.</val>
					</str>
					<str name="MacServer" translate="yes">
						<val>- Mac Server önerilir.</val>
					</str>
					<str name="WinNotRecommended" translate="yes">
						<val>- {0} önerilmez.</val>
					</str>
					<str name="SPRecommended" translate="yes">
						<val>- Service Pack {0} önerilir.</val>
					</str>
					<str name="64BitRecommended" translate="yes">
						<val>- 64 bit işletim sistemi önerilir.</val>
					</str>
					<str name="32BitRecommended" translate="yes">
						<val>- 32 bit işletim sistemi önerilir.</val>
					</str>
					<str name="MacRequired" translate="yes">
						<val>- Mac OS {0} veya üstü gerekir.</val>
					</str>
					<str name="MacServerRequired" translate="yes">
						<val>- Mac Server gerekir.</val>
					</str>
					<str name="WinNotRequired" translate="yes">
						<val>- {0} desteklenmez.</val>
					</str>
					<str name="SPRequired" translate="yes">
						<val>- Service Pack {0} gerekir.</val>
					</str>
					<str name="64BitRequired" translate="yes">
						<val>- 64 bit işletim sistemi gerekir.</val>
					</str>
					<str name="32BitRequired" translate="yes">
						<val>- 32 bit işletim sistemi gerekir.</val>
					</str>
				</set>
				<str name="RAM" translate="yes">
					<val>{0} RAM önerilir.</val>
				</str>
				<str name="CPU" translate="yes">
					<val>CPU gereksinimi karşılanmıyor.</val>
				</str>
				<str name="ScreenResolution" translate="yes">
					<val>En az {0}x{1} ekran çözünürlüğü önerilir.</val>
				</str>
				<str name="Footer" translate="yes">
					<val>Daha fazla ayrıntı için uyarı simgesini tıklatın.</val>
				</str>
			</set>
			<str name="Conflicting" translate="yes">
				<val>{0} ürününün çakışan veya yayın öncesi bir sürümü bu bilgisayarda mevcut. Geçerli medyadan yükleme yapmadan önce çakışan sürüm kaldırılmalıdır.</val>
			</str>
			<str name="AlreadyUpgraded" translate="yes">
				<val>Bu ürünün daha yeni bir sürümü zaten yüklü</val>
			</str>
			<str name="Language" translate="yes">
				<val>Seçili dil için kullanılabilir değil</val>
			</str>
			<str name="RequiredDisabled" translate="yes">
				<val>Gerekli bileşenler devre dışı</val>
			</str>
		</set>
		
		<set name="InstallPathError">
			<str name="LongPath" translate="yes">
				<val>Seçili yükleme yolu çok uzun.</val>
			</str>
			<str name="RootDrive" translate="yes">
				<val>Kök sürücüsü konumuna yükleme desteklenmez.</val>
			</str>
			<str name="RemovableDrive" translate="yes">
				<val>Çıkarılabilir flash sürücüye yükleme desteklenmez.</val>
			</str>
			<str name="MappedDrive" translate="yes">
				<val>Eşlenmiş ağ sürücüsüne yükleme desteklenmez.</val>
			</str>
			<str name="CaseSensitive" translate="yes">
				<val>Büyük/küçük harfe duyarlı birimlere yükleme desteklenmez.</val>
			</str>
			<str name="LockedPath" translate="yes">
				<val>Kilitli bir konuma yükleme desteklenmez.</val>
			</str>
			<str name="Generic" translate="yes">
				<val>Seçili konuma yüklenemiyor.</val>
			</str>
		</set>
		
		<set name="WorkflowNeedClose">
			<str name="Title" translate="yes">
				<val>Uyarı</val>
			</str>
			<str name="Message" translate="yes">
				<val>Başka Adobe Application Manager örnekleri çalışıyor ve kapatılmaları gerekiyor. Devam etmek için bunları kapatın.</val>
			</str>
		</set>
	</set>
	
	<set name="UninstallOptions">
		<str name="Title" translate="yes">
			<val>Kaldırma Seçenekleri</val>
		</str>
		<str name="RemovePreferences" translate="yes">
			<val>Tercihleri Kaldır</val>
		</str>
		<str name="ToolTipInfo" translate="yes">
			<val>Seçili ürünler için bildirimleri, uyarıları, raporlamayı veya diğer tercihleri kaldırın.</val>
		</str>
	</set>
	
	<set name="Progress">
		<str name="MinutesRemaining" translate="yes">
			<val>Yaklaşık {0} dakika kaldı</val>
		</str>
		<str name="MinuteRemaining" translate="yes">
			<val>Yaklaşık {0} dakika kaldı</val>
		</str>
		<str name="LTMinuteRemaining" translate="yes">
			<val>Bir dakikadan daha az kaldı</val>
		</str>
		<str name="PctComplete" translate="yes">
			<val>(%{0} tamamlandı)</val>
		</str>
		
		<set name="ConflictingProcess">
			<str name="Title" translate="yes">
				<val>Devam etmek için bu uygulamaları kapatın:</val>
			</str>
			<str name="SubText1" translate="yes">
				<val>(Bu mesaj uygulamayı kapattıktan sonra bile görüntüleniyorsa, bazı işlemleri arka planda devam ediyor olabilir. Arka plan işlemlerini sonlandırmayla ilgili {0}daha fazla bilgi edinin{1}.)</val>
			</str>
			<str name="BackgroundProcessesLink" translate="yes">
				<val>http://www.adobe.com/go/learn_bgprocesses_tr</val>
			</str>
			<str name="SubText2" translate="yes">
				<val>Kapatılacak uygulamalar listesi:</val>
			</str>
		</set>
		
		<set name="DiskPrompt">
			<str name="Title" translate="yes">
				<val>Devam etmek için {0} diskini takın.</val>
			</str>
		</set>
		
		<set name="Install">
			<str name="Title" translate="yes">
				<val>Yükle</val>
			</str>
			<str name="Preparing" translate="yes">
				<val>Yükleme için hazırlanılıyor...</val>
			</str>
			<str name="Currently" translate="yes">
				<val>Şu Anda {0} Yükleniyor</val>
			</str>
			<str name="Confirmation" translate="yes">
				<val>Yükleme işlemini iptal etmek istediğinizden emin misiniz?</val>
			</str>
			
			<str name="AdministratorPrivileges" translate="yes">
				<val>Yükleme işlemi için yönetici ayrıcalıkları gereklidir. Yönetici olarak oturum açın.</val>
			</str>
		</set>
		<set name="Uninstall">
			<str name="Title" translate="yes">
				<val>Kaldır</val>
			</str>
			<str name="Preparing" translate="yes">
				<val>Kaldırma için hazırlanılıyor...</val>
			</str>
			<str name="Currently" translate="yes">
				<val>Şu Anda {0} Kaldırılıyor</val>
			</str>
			<str name="Confirmation" translate="yes">
				<val>Kaldırma işlemini iptal etmek istediğinizden emin misiniz?</val>
			</str>
			
			<str name="AdministratorPrivileges" translate="yes">
				<val>Kaldırma işlemi için yönetici ayrıcalıkları gereklidir. Yönetici olarak oturum açın.</val>
			</str>
		</set>
	</set>
	
	<set name="Success">
		<set name="Install">
			<str name="Title" translate="yes">
				<val>Yükleme İşlemi Tamamlandı</val>
			</str>
			<str name="MyAdobeLink" translate="yes">
				<val>http://www.adobe.com/go/adobemembership_tr</val>
			</str>
			<str name="Link1Text" translate="yes">
				<val>Benim Adobe'm</val>
			</str>
			<str name="Link1" translate="yes">
				<val>http://www.adobe.com/go/adobemembership_tr</val>
			</str>
			<str name="Link2Text" translate="yes">
				<val>Video Eğitimleri</val>
			</str>
			<str name="Link2" translate="yes">
				<val>http://www.adobe.com/go/adobetv_howto_tr</val>
			</str>
			<str name="AdditionalInfo" translate="yes">
				<val>Bu ürünü veya diğer Orijinal Adobe yazılımlarınızı yönetmek için {0} adresine gidin.</val>
			</str>
			<str name="BtnLblLaunchNow" translate="yes">
				<val>Şimdi Başlat</val>
			</str>
			<str name="BtnLblClose" translate="yes">
				<val>Kapat</val>
			</str>
			<set name="PP">
				<str name="CompletedText" translate="yes">
					<val>{0} başarıyla yüklendi ve kullanıma hazır.</val>
				</str>
				<str name="RestartText" translate="yes">
				<val>Kullanmadan önce sisteminizi yeniden başlatmanız önerilir.</val>
				</str>
			</set>
			<set name="Suite">
				<str name="CompletedText" translate="yes">
					<val>Bu uygulamalar kullanıma hazırdır.</val>
				</str>
				<str name="RestartText" translate="yes">
				<val>Bunlardan bazıları kullanmadan önce sistemi yeniden başlatmanızı önerir.</val>
				</str>
			</set>
		</set>
		
		<set name="Uninstall">
			<str name="Title" translate="yes">
				<val>Kaldırma İşlemi Tamamlandı</val>
			</str>
			<str name="RestartText" translate="yes">
				<val>Sisteminizi yeniden başlatın.</val>
			</str>
			<set name="PP">
				<str name="CompletedText" translate="yes">
					<val>{0} başarıyla kaldırıldı.</val>
				</str>
			</set>
			<set name="Suite">
				<str name="CompletedText" translate="yes">
					<val>Aşağıdaki uygulamalar başarıyla kaldırıldı.</val>
				</str>
			</set>
		</set>
	</set>
	
    <set name="DoneWithError">
	    <set name="Install">
	        <str name="Title" translate="yes">
	            <val>Yükleme İşlemi Tamamlandı</val>
	        </str>
	        <str name="CompleteText" translate="yes">
	            <val>Yükleme işleminiz tamamlandı ve bu uygulamalar kullanıma hazır durumda.</val>
	        </str>
	        <str name="IncompleteWarning" translate="yes">
	            <val>Aşağıdaki ürünlerin bazı öğeleri başarıyla yüklenemedi.</val>
	        </str>
			<set name="PP">
				<str name="RestartText" translate="yes">
					<val>Kullanmadan önce sisteminizi yeniden başlatmanız önerilir.</val>
				</str>
			</set>
			<set name="Suite">
				<str name="RestartText" translate="yes">
					<val>Bunlardan bazıları kullanmadan önce sistemi yeniden başlatmanızı önerir.</val>
				</str>
			</set>
			<set name="Cancelled">
		        <str name="Title" translate="yes">
		            <val>Yükleme İptal Edildi</val>
		        </str>
		        <str name="CompleteText" translate="yes">
	            	<val>Ancak, aşağıdaki uygulamalar iptal düğmesine basılmadan önce yüklendi. Bu uygulamaları el ile silmeyi seçebilirsiniz.</val>
		        </str>
	        </set>
            <str name="DiskSpaceText" translate="yes">
                <val>Yetersiz disk alanı; yer açın ve tekrar yüklemeyi deneyin.</val>
            </str>
		</set>
	    <set name="Uninstall">
	        <str name="Title" translate="yes">
	            <val>Kaldırma İşlemi Tamamlandı</val>
	        </str>
	        <str name="CompleteText" translate="yes">
	            <val>Aşağıdaki uygulamalar başarıyla kaldırıldı</val>
	        </str>
	        <str name="IncompleteWarning" translate="yes">
	            <val>Bazı bileşenler kaldırılamadı.</val>
	        </str>
	        <str name="CleanerToolText" translate="yes">
            	<val>Tam bir temizleme işlemi için {0}Cleaner Tool{1} uygulamasını indirip çalıştırabilirsiniz.</val>
        </str>
	    </set>
    </set>

    <set name="Failure">
	    <set name="Install">
	        <str name="Title" translate="yes">
	            <val>Yükleme Başarısız Oldu</val>
	        </str>
	        <str name="WarningText" translate="yes">
	            <val>Yükleme işleminiz hatalarla karşılaştı.</val>
	        </str>
			<str name="InitializeTroubleshootingTips" translate="yes">
			    <val>Daha fazla sorun giderme ipuçları:{0}1. Bilgisayarınızı yeniden başlatın.{0}2. Başlangıç öğeleri, virüs denetimi ve güvenlik duvarı yazılımı dahil tüm uygulamalardan çıkın.{0}3. Yükleyiciyi başlatın ve uygulamalarınızı yeniden yükleyin.</val>
            </str>
			<str name="TroubleshootingTips" translate="yes">
			    <val>Daha fazla sorun giderme ipuçları:{0}1. Bilgisayarınızı yeniden başlatın.{0}2. Başlangıç öğeleri, virüs denetimi ve güvenlik duvarı yazılımı dahil tüm uygulamalardan çıkın.{0}3. Bu pencereyi kapatın ve uygulamalarınızı yeniden yüklemek için yükleyiciyi tekrar başlatın.</val>
            </str>
	        
	        <set name="Cancelled">
		        <str name="Title" translate="yes">
		            <val>Yükleme İptal Edildi</val>
		        </str>
		        <str name="WarningText" translate="yes">
		            <val>Yükleme iptal edildi. Daha sonra tekrar deneyin.</val>
		        </str>
	        </set>
	        
	        <set name="AGVFailure">
		        <str name="WarningText" translate="yes">
		            <val>Adobe Orijinal Yazılım Doğrulaması Hatası</val>
		        </str>
		        <str name="ParagraphOneText" translate="yes">
					<val>Yüklemeye çalıştığınız ürün Orijinal Adobe Yazılımı değil ve sahte gibi görünüyor. Lütfen {0}korsanlığı bildirin{1} veya yardım için {2}müşteri desteği{3} ile iletişim kurun.</val>
		        </str>
		        <str name="ReportPiracyLink" translate="yes">
		            <val>http://www.adobe.com/go/reportpiracy_tr</val>
		        </str>
	        </set>
	        
	        <set name="SyncFail">
	            <str name="WarningText" translate="yes">
	                <val>Yükleyici veri tabanında tutarsızlık. Bilgisayarınızı yeniden başlatın ve tekrar yükleyin.</val>
	            </str>
	        </set>
	        
	        <set name="MSIRunning">
	            <str name="ParagraphOneText" translate="yes">
	                <val>Şu anda başka bir yükleyici çalışıyor ve bu ürünü yüklemeden önce kapatılması gerekiyor. Lütfen diğer yükleyicileri kapatın.</val>
	            </str>
	        </set>
	        
	        <set name="DiskSpace">
	            <str name="ParagraphOneText" translate="yes">
	                <val>Yetersiz disk alanı; yer açın ve tekrar yüklemeyi deneyin.</val>
	            </str>
	        </set>
	    </set>
	    
	    <set name="Uninstall">
	        <str name="Title" translate="yes">
	            <val>Kaldırma İşlemi Başarısız Oldu</val>
	        </str>
	        <str name="WarningText" translate="yes">
	            <val>Kaldırma işleminiz hatalarla karşılaştı.</val>
	        </str>
			<str name="InitializeTroubleshootingTips" translate="yes">
			    <val>Sorun giderme ipuçları:{0}1. Bilgisayarınızı yeniden başlatın.{0}2. Başlangıç öğeleri, virüs denetimi ve güvenlik duvarı yazılımı dahil tüm uygulamalardan çıkın.{0}3. Uygulamayı tekrar kaldırın.</val>
            </str>
	        <str name="TroubleshootingTips" translate="yes">
			    <val>Daha fazla sorun giderme ipuçları:{0}1. Bilgisayarınızı yeniden başlatın.{0}2. Başlangıç öğeleri, virüs denetimi ve güvenlik duvarı yazılımı dahil tüm uygulamalardan çıkın.{0}3. Uygulamayı tekrar kaldırın.</val>
            </str>
            <str name="CleanerToolText" translate="yes">
            	<val>Ayrıca {0}Cleaner Tool{1} uygulamasını da indirip çalıştırabilirsiniz.</val>
        	</str>
        	<str name="MSIRunning" translate="yes">
	            <val>Şu anda başka bir yükleyici çalışıyor ve bu ürünü kaldırmadan önce kapatılması gerekiyor. Lütfen diğer yükleyicileri kapatın.</val>
	        </str> 	        
	    </set>
	    
        <set name="InitializationFailed">
            <str name="Paragraph1" translate="yes">
                <val>Yükleyici başlatamadı. Bunun nedeni dosyalardan birinin eksik olması olabilir.</val>
            </str>
        </set>
        
        <set name="ConflictingPayload">
            <str name="Paragraph1" translate="yes">
                <val>{0} ürününün çakışan veya yayın öncesi bir sürümü bu bilgisayarda mevcut. Geçerli medyadan yükleme yapmadan önce çakışan sürüm kaldırılmalıdır.</val>
            </str>
        </set>
        
        <set name="x64BitOn32Bit">
            <str name="Paragraph1" translate="yes">
                <val>Bu ürün yalnızca 64-bit'lik bir sisteme yüklenebilir.</val>
            </str>
        </set>
    </set>
    
	<set name="Common">
		<str name="DefaultProductName" translate="yes">
			<val>Adobe Ürünü</val>
		</str>
		<str name="QuitConfirmation" translate="yes">
            <val>Çıkmak istediğinizden emin misiniz?</val>
        </str>
		
        <str name="ErrorSummaryText" translate="yes">
            <val>{0}Hata özeti{1} dosyası, sorunu tanımlamanıza yardımcı olabilir.</val>
        </str>
        <str name="CustomerSupportText" translate="yes">
            <val>Sorunlar devam ederse daha fazla yardım için {0}Müşteri Desteği{1} ile iletişim kurun.</val>
        </str>
        <str name="CustomerSupportLink" translate="yes">
            <val>http://www.adobe.com/go/customer_support_tr</val>
        </str>
        <str name="NewSubscriptionLink" translate="yes">
        	<val>http://www.adobe.com/go/products_tr</val>
        </str>
        <str name="CleanerToolLink" translate="yes">
            <val>http://www.adobe.com/go/cscleanertool_tr</val>
        </str>
        
        <str name="SystemRequirementsLink" translate="yes">
            <val>http://www.adobe.com/go/cs_systemreqs_tr</val>
        </str>

		<str name="PrivacyPortalLink" translate="yes">
			<val>http://www.adobe.com/go/adobe_privacy_portal_tr</val>
		</str>
		
		<str name="PrivacyPolicyLink" translate="yes">
			<val>http://www.adobe.com/go/privacy_tr</val>
		</str>
		<str name="GetActivated" translate="yes">
			<val>http://www.adobe.com/go/getactivated_tr</val>
		</str>
		<str name="GB" translate="yes">
			<val>GB</val>
		</str>
		<str name="MB" translate="yes">
			<val>MB</val>
		</str>
		<str name="KB" translate="yes">
			<val>KB</val>
		</str>
		<str name="decimalSeparator" translate="yes">
			<val>,</val>
		</str>
		<str name="commaSeparator" translate="yes">
			<val>,</val>
		</str>
	</set>
	
	<set name="OSName">
		<str name="6.2.1" translate="no"><val>Windows Server 2012</val></str>
		<str name="6.2.0" translate="no"><val>Windows 8</val></str>
		<str name="Win8" translate="no"><val>Windows 8</val></str>
		<str name="Win7" translate="no"><val>Windows 7</val></str>
		<str name="Server2008R2" translate="no"><val>Windows Server 2008 R2</val></str>
		<str name="Vista" translate="no"><val>Windows Vista</val></str>
		<str name="Server2008" translate="no"><val>Windows Server 2008</val></str>
		<str name="Server2003" translate="no"><val>Windows Server 2003</val></str>
		<str name="XP" translate="no"><val>Windows XP</val></str>
		<str name="2000" translate="no"><val>Windows 2000</val></str>
		<str name="ME" translate="no"><val>Windows ME</val></str>
		<str name="98" translate="no"><val>Windows 98</val></str>
		<str name="NT4.0" translate="no"><val>Windows NT 4.0</val></str>
		<str name="95" translate="no"><val>Windows 95</val></str>
		<str name="UNKNOWN" translate="no"><val>Windows</val></str>
	</set>
	
	<set name="isoToLanguage">
		<str name="en_US" translate="no"><val>English (North America)</val></str>
		<str name="en_GB" translate="no"><val>English (International)</val></str>
		<str name="en_INT" translate="no"><val>English (International)</val></str>
		<str name="en_AE" translate="no"><val>English يدعم العربية</val></str>
		<str name="en_IL" translate="no"><val>English תומך עברית</val></str>
		<str name="en_XC" translate="no"><val>English (Central Europe)</val></str>
		<str name="en_XM" translate="no"><val>English (Middle East)</val></str>
		
		<str name="fr_FR" translate="no"><val>Français</val></str>
		<str name="fr_CA" translate="no"><val>Français (Canada)</val></str>
		<str name="fr_MA" translate="no"><val>Français (Maroc)</val></str>
		<str name="fr_XM" translate="no"><val>Français (Moyen-Orient)</val></str>
		
		<str name="es_ES" translate="no"><val>Español</val></str>
		<str name="es_MX" translate="no"><val>Español (América Latina)</val></str>
		<str name="es_LA" translate="no"><val>Español de América Latina</val></str>
		<str name="es_NA" translate="no"><val>Español Norteamericano</val></str>
		<str name="es_QM" translate="no"><val>Español (Middle East)</val></str>
		
		<str name="ar_AE" translate="no"><val>العربية</val></str>
		<str name="bg_BG" translate="no"><val>Български</val></str>
		<str name="lv_LV" translate="no"><val>Latviešu</val></str>
		<str name="et_EE" translate="no"><val>Eesti</val></str>
		<str name="hr_HR" translate="no"><val>hrvatski</val></str>
		<str name="sl_SI" translate="no"><val>slovenščina</val></str>
		<str name="sk_SK" translate="no"><val>slovenčina</val></str>
		<str name="th_TH" translate="no"><val>ภาษาไทย</val></str>
		<str name="vi_VN" translate="no"><val>Việt</val></str>
		<str name="sq_AL" translate="no"><val>Shqip</val></str>
		<str name="ar_SA" translate="no"><val>العربية</val></str>
		<str name="be_BY" translate="no"><val>Беларуская</val></str>
		<str name="ca_ES" translate="no"><val>Català</val></str>
		<str name="hi_IN" translate="no"><val>हिन्दी</val></str>
		<str name="is_IS" translate="no"><val>Íslenska</val></str>
		<str name="lt_LT" translate="no"><val>Lietuvių</val></str>
		<str name="mk_MK" translate="no"><val>македонски</val></str>
		<str name="nn_NO" translate="no"><val>Norsk (Nynorsk)</val></str>
		<str name="pt_PT" translate="no"><val>Português de Portugal</val></str>
		<str name="sh_YU" translate="no"><val>Srpsko-Hrvatski</val></str>
		<str name="sr_YU" translate="no"><val>Cрпски</val></str>
		<str name="kk_KZ" translate="no"><val>Қазақ</val></str>
		<str name="az_AZ" translate="no"><val>Azərbaycan dili</val></str>
		<str name="no_NO" translate="no"><val>Norwegian</val></str>
		<str name="cs_CZ" translate="no"><val>česky</val></str>
		<str name="de_DE" translate="no"><val>Deutsch</val></str>
		<str name="el_GR" translate="no"><val>Ελληνικά</val></str>
		<str name="he_IL" translate="no"><val>עברית</val></str>
		<str name="hu_HU" translate="no"><val>magyar</val></str>
		<str name="it_IT" translate="no"><val>Italiano</val></str>
		<str name="ja_JP" translate="no"><val>日本語</val></str>
		<str name="ko_KR" translate="no"><val>한국어</val></str>
		<str name="nl_NL" translate="no"><val>Nederlands</val></str>
		<str name="pl_PL" translate="no"><val>polski</val></str>
		<str name="ro_RO" translate="no"><val>Română</val></str>
		<str name="ru_RU" translate="no"><val>русский</val></str>
		<str name="sv_SE" translate="no"><val>Svenska</val></str>
		<str name="tr_TR" translate="no"><val>Türkçe</val></str>
		<str name="uk_UA" translate="no"><val>українська</val></str>
		<str name="zh_CN" translate="no"><val>简体中文</val></str>
		<str name="zh_TW" translate="no"><val>繁體中文</val></str>
		<str name="da_DK" translate="no"><val>Dansk</val></str>
		<str name="fi_FI" translate="no"><val>suomi</val></str>
		<str name="nb_NO" translate="no"><val>Norsk (Bokmål)</val></str>
		<str name="pt_BR" translate="no"><val>Português do Brasil</val></str>
	</set>

</asf>
