<?xml version='1.0' encoding='utf-8'?>
<!DOCTYPE asf SYSTEM "http://ns.adobe.com/asf/asf_1_0.dtd" >
<asf xmlns="http://ns.adobe.com/asf" locale="nb_NO" version="1.0">

	<set name="ButtonLabel">
		<str name="Yes" translate="yes">
			<val>Ja</val>
		</str>
		<str name="No" translate="yes">
			<val>Nei</val>
		</str>
		<str name="Accept" translate="yes">
			<val>Godta</val>
		</str>
		<str name="Install" translate="yes">
			<val>Installer</val>
		</str>
		<str name="Uninstall" translate="yes">
			<val>Avinstaller</val>
		</str>
		<str name="OK" translate="yes">
			<val>OK</val>
		</str>
		<str name="Continue" translate="yes">
			<val>Fortsett</val>
		</str>
		<str name="Back" translate="yes">
			<val>Tilbake</val>
		</str>
		<str name="Cancel" translate="yes">
			<val>Avbryt</val>
		</str>
        <str name="Close" translate="yes">
            <val>Lukk</val>
        </str>
		<str name="Quit" translate="yes">
			<val>Avslutt</val>
		</str>
		<str name="SignIn" translate="yes">
			<val>Logg på</val>
		</str>
		<str name="SignInNow" translate="yes">
			<val>Logg på nå</val>
		</str>
		<str name="SignInLater" translate="yes">
			<val>Logg på senere</val>
		</str>
		<str name="StartAgain" translate="yes">
			<val>Start på nytt</val>
		</str>
		<str name="Retry" translate="yes">
			<val>Prøv på nytt</val>
		</str>
		<str name="Verify" translate="yes">
			<val>Bekreft</val>
		</str>
		<str name="ConnectLater" translate="yes">
			<val>Koble til senere</val>
		</str>
	</set>
	
	<set name="DialogueTitle">
		<str name="Quit" translate="yes">
			<val>Avslutt</val>
		</str>
	</set>

	<set name="Welcome">
		<str name="Title" translate="yes">
			<val>Velkommen</val>
		</str>
		<str name="OptionOne" translate="yes">
			<val>Installer med et serienummer</val>
		</str>
		<str name="OptionOneInfo" translate="yes">
			<val>Jeg har et serienummer.</val>
		</str>
		<str name="OptionTwo" translate="yes">
			<val>Opprett abonnement</val>
		</str>
		<str name="OptionTwoInfo" translate="yes">
			<val>Jeg har et abonnement.</val>
		</str>
		<str name="OptionThree" translate="yes">
			<val>Installer en prøveversjon</val>
		</str>
		<str name="OptionThreeInfo" translate="yes">
			<val>Jeg vil prøve {0} i et begrenset tidsrom.</val>
		</str>
		<set name="MBLS">
			<str name="OptionOne" translate="yes">
				<val>Installer</val>
			</str>
			<str name="OptionOneInfo" translate="yes">
				<val>Jeg har kjøpt</val>
			</str>
			<str name="OptionTwo" translate="yes">
				<val>Prøv</val>
			</str>
			<str name="OptionTwoInfo" translate="yes">
				<val>Jeg vil prøve {0} i et begrenset tidsrom</val>
			</str>
		</set>
	</set>
	
	<set name="EULA">
		<str name="Title" translate="yes">
			<val>Lisensavtale for Adobe-programvare</val>
		</str>
		<str name="Para1" translate="yes">
			<val>Avtalen styrer din installasjon og bruk av {0}-produkter, som innbefatter denne programvaren. Du kan se gjennom avtalene du har godtatt så langt, på www.adobe.com/go/myaccount_no.</val>
		</str>
	</set>

	<set name="Register">
		<str name="Title" translate="yes">
			<val>Pålogging kreves</val>
		</str>
		<set name="Trial">
			<str name="FirstTime" translate="yes">
				<val>Logg på med Adobe-ID-en din for å starte prøveversjonen av {0}.</val>
			</str>
			<str name="Subsequent" translate="yes">
				<val>Prøveversjonen blir nå registrert på Adobe-ID-en din: {0}.</val>
			</str>
			<set name="TnC">
				<str name="Title" translate="yes">
					<val>Vilkår for prøveversjoner av programvare.</val>
				</str>
				<str name="Paragraph1" translate="yes">
					<val>Det kan være vi ber deg om flere opplysninger slik at vi kan skreddersy innhold til deg. Du kan når som helst deaktivere denne funksjonen ved å gå til personverninnstillingene på brukeropplevelsesskjermen.</val>
				</str>
				<str name="Paragraph2" translate="yes">
					<val>Hvis du vil ha informasjon om dataene vi samler om din bruk av produktet, og hvordan Adobe benytter disse dataene, inkludert hvordan vi tilpasser markedsføringen til dine interesser, kan du {0}klikke her{1} og se {2}Adobes personvernerklæring på Internett{3}.</val>
				</str>
			</set>
			<set name="EntitlementInTrial">
				<str name="Title" translate="yes">
					<val>Gyldig lisens funnet</val>
				</str>
				<str name="Para1" translate="yes">
					<val>Du har valgt en prøveversjon, men du har tilgang til den fullstendige versjonen av denne programvaren for Adobe-ID-en din {0}. Du kan bruke det lisensierte eksemplaret av programvaren når installeringen er fullført.</val>
				</str>
				<str name="Para2" translate="yes">
					<val>Klikk på Fortsett for å installere.</val>
				</str>
				<str name="DiffAdobeID" translate="yes">
					<val>Har du en annen Adobe-ID?</val>
				</str>
			</set>						
		</set>
		<set name="Serial">
			<str name="Paragraph1" translate="yes">
				<val>Serienummeret for {0} er validert.</val>
			</str>
			<str name="Paragraph2" translate="yes">
				<val>Du må logge på for å installere produktet og registrere det under Adobe-ID-en din. Med en Adobe-ID er det lett å få tilgang til serienumrene dine, Adobe Creative Cloud og fellesskapet på Adobe.com/no.</val>
			</str>
			<str name="SubsequentParagraph3" translate="yes">
				<val>Vi logger deg på med følgende Adobe-ID: {0}.</val>
			</str>
		</set>
		<set name="MBLS">
			<str name="Paragraph1" translate="yes">
				<val>Du må logge på med Adobe-ID-en for å kunne installere dette produktet. Adobe-ID-en gir deg også enkel tilgang til Adobes online-tjenester og fellesskapet på Adobe.com.</val>
			</str>
			<set name="Offline">
				<str name="Title" translate="yes">
					<val>Koble til Internett og prøv på nytt</val>
				</str>
				<set name="Install">
					<str name="Paragraph1" translate="yes">
						<val>Du må være koblet til Internett for å kunne opprette et abonnement. Hvis du har et abonnement, kobler du deg til Internett og klikker på Prøv på nytt.</val>
					</str>
					<str name="Paragraph2" translate="yes">
						<val>Hvis du har et serienummer og ikke kan koble deg til Internett nå, klikker du på Koble til senere. Du må validere serienummeret innen 7 dager, ellers slutter programvaren å fungere. Hvis denne datamaskinen ikke har tilgang til Internett, finner du mer informasjon på {0} om bruk av en enhet med Internett-tilgang.</val>
					</str>
				</set>
				<set name="Trial">
					<str name="Paragraph1" translate="yes">
						<val>Datamaskinen ser ikke ut til å være koblet til Internett, og derfor oppstod det en tilkoblingsfeil. Internett-tilkobling kreves. Koble til Internett og prøv på nytt. Hvis problemet vedvarer, kan du kontakte {0}kundestøtte{1}.</val>
					</str>
				</set>
			</set>
		</set>
		<str name="NotYou" translate="yes">
			<val>(Er ikke dette din Adobe-ID?)</val>
		</str>
		<set name="Subscription">
			<set name="FirstTime">
				<str name="Paragraph" translate="yes">
					<val>Vi logger deg nå på med Adobe-ID-en, slik at du får tilgang til abonnementet.</val>
				</str>
			</set>
			<set name="Subsequent">
				<str name="Title" translate="yes">
					<val>Bekreft abonnementet</val>
				</str>
				<str name="Paragraph" translate="yes">
					<val>Du må bekrefte abonnementet med Adobe-ID-en: {0}.</val>
				</str>
				<str name="Paragraph2" translate="yes">
					<val>Vi vil forsikre oss om at du får alle de riktige appene.</val>
				</str>
			</set>
			<set name="EntitlementCallScrim">
				<str name="WaitAMoment" translate="yes">
					<val>Vent litt ...</val>
				</str>
			</set>
			
			<set name="OfflineScrim">
				<str name="Title" translate="yes">
					<val>Du må være tilkoblet Internett for å kunne opprette abonnementet.</val>
				</str>
				<str name="Message" translate="yes">
					<val>Påse at du er tilkoblet Internett, og klikk på Prøv på nytt. Hvis problemet vedvarer, kan du kontakte {0}Adobes kundestøtte{1}.</val>
				</str>
			</set>
			
			<set name="NoSubscriptionFound">
	        	<str name="Title" translate="yes">
	        		<val>Ingen abonnementer funnet</val>
	        	</str>
	        	<str name="ParagraphOneText" translate="yes">
	        		<val>Vi finner ikke et {0}{1}{2}-abonnement tilknyttet denne Adobe-ID-en. Du kan kjøpe et {3}nytt abonnement{4} eller klikke på Tilbake for å skrive inn en annen Adobe-ID. Hvis du har et abonnement og ikke får tilgang til det, kan du kontakte {5}kundestøtte{6}.</val>
	        	</str>
	        	<str name="ParagraphTwoText" translate="yes">
	        		<val>Du kan også velge å installere prøveversjonen eller installere med et gyldig serienummer ved å klikke på {0}Start på nytt{1}.</val>	
	        	</str>
	        </set>
		</set>
	</set>
	
	<set name="InstallOptions">
		<str name="Title" translate="yes">
			<val>Alternativer</val>
		</str>
		<str name="SelectAppInfo" translate="yes">
			<val>Klikk et produktnavn for å tilpasse alternativene</val>
		</str>
		<str name="NoComponentInfo" translate="yes">
			<val>Ingen komponenter for tilpassing.</val>
		</str>
		<str name="Components" translate="yes">
			<val>{0}-komponenter</val>
		</str>
		<str name="TotalInstall" translate="yes">
			<val>Ledig plass som kreves: {0}</val>
		</str>
		<str name="Language" translate="yes">
			<val>Språk:</val>
		</str>
		<str name="Location" translate="yes">
			<val>Plassering:</val>
		</str>
		<str name="Available" translate="yes">
			<val>{0} tilgjengelig</val>
		</str>
		<str name="SpaceRequired" translate="yes">
			<val>Nødvendig plass: {0}</val>
		</str>
		<str name="SpaceWarning" translate="yes">
			<val>Nødvendig plass: {0}, tilgjengelig: {1}</val>
		</str>
        <str name="InsufficientDiskSpace" translate="yes">
			<val>Det er ikke nok diskplass til å fullføre installasjonen.</val>
        </str>
		<str name="DefaultDriveWarning" translate="yes">
			<val>Noen filer blir også installert på {0}</val>
		</str>
		
		<set name="PayloadError">
			<str name="TrialInstall" translate="yes">
				<val>Dette produktet blir installert som prøveversjon.</val>
			</str>
			<str name="LicensedInstall" translate="yes">
				<val>Et lisensiert eksemplar av denne programvaren blir installert.</val>
			</str>
			<str name="AlreadyInstalled" translate="yes">
				<val>Det ble funnet en tidligere installasjon av dette produktet. Produktet blir installert på den opprinnelige plasseringen.</val>
			</str>
			<set name="SystemRequirements">
				<set name="OS">
					<str name="Header" translate="yes">
						<val>Datamaskinen oppfyller ikke kravene til operativsystem.</val>
					</str>
					<str name="CurrentOS" translate="yes">
						<val>- Operativsystem: {0} {1}</val>
					</str>
					<str name="MacRecommended" translate="yes">
						<val>- Mac OS {0} eller nyere anbefales.</val>
					</str>
					<str name="MacServer" translate="yes">
						<val>- Mac Server anbefales.</val>
					</str>
					<str name="WinNotRecommended" translate="yes">
						<val>- {0} anbefales ikke.</val>
					</str>
					<str name="SPRecommended" translate="yes">
						<val>- Service Pack {0} anbefales.</val>
					</str>
					<str name="64BitRecommended" translate="yes">
						<val>- 64-biters operativsystem anbefales.</val>
					</str>
					<str name="32BitRecommended" translate="yes">
						<val>- 32-biters operativsystem anbefales.</val>
					</str>
					<str name="MacRequired" translate="yes">
						<val>- Mac OS {0} eller nyere kreves.</val>
					</str>
					<str name="MacServerRequired" translate="yes">
						<val>- Mac Server kreves.</val>
					</str>
					<str name="WinNotRequired" translate="yes">
						<val>- {0} støttes ikke.</val>
					</str>
					<str name="SPRequired" translate="yes">
						<val>- Service Pack {0} kreves.</val>
					</str>
					<str name="64BitRequired" translate="yes">
						<val>- 64-biters operativsystem kreves.</val>
					</str>
					<str name="32BitRequired" translate="yes">
						<val>- 32-biters operativsystem kreves.</val>
					</str>
				</set>
				<str name="RAM" translate="yes">
					<val>{0} RAM anbefales.</val>
				</str>
				<str name="CPU" translate="yes">
					<val>Datamaskinen oppfyller ikke kravene til prosessor.</val>
				</str>
				<str name="ScreenResolution" translate="yes">
					<val>Det anbefales en oppløsning på minst {0}x{1}.</val>
				</str>
				<str name="Footer" translate="yes">
					<val>Klikk varselikonet for mer informasjon.</val>
				</str>
			</set>
			<str name="Conflicting" translate="yes">
				<val>På denne datamaskinen finnes det allerede en forhåndsutgitt versjon av {0} eller en versjon som kommer i konflikt med den nye versjonen. Denne må fjernes før du installerer den nye versjonen.</val>
			</str>
			<str name="AlreadyUpgraded" translate="yes">
				<val>En nyere versjon av dette produktet er allerede installert</val>
			</str>
			<str name="Language" translate="yes">
				<val>Ikke tilgjengelig for valgt språk</val>
			</str>
			<str name="RequiredDisabled" translate="yes">
				<val>Nødvendige komponenter er deaktivert</val>
			</str>
		</set>
		
		<set name="InstallPathError">
			<str name="LongPath" translate="yes">
				<val>Den valgte installasjonsbanen er for lang.</val>
			</str>
			<str name="RootDrive" translate="yes">
				<val>Installasjon på roten av en stasjon støttes ikke.</val>
			</str>
			<str name="RemovableDrive" translate="yes">
				<val>Installasjon på en flyttbar Flash-stasjon støttes ikke.</val>
			</str>
			<str name="MappedDrive" translate="yes">
				<val>Installasjon på tilordnede nettverksstasjoner støttes ikke.</val>
			</str>
			<str name="CaseSensitive" translate="yes">
				<val>Installasjon på stasjoner der det skilles mellom små og store bokstaver, støttes ikke</val>
			</str>
			<str name="LockedPath" translate="yes">
				<val>Installasjon på en låst plassering støttes ikke.</val>
			</str>
			<str name="Generic" translate="yes">
				<val>Kan ikke installere på angitt plassering.</val>
			</str>
		</set>
		
		<set name="WorkflowNeedClose">
			<str name="Title" translate="yes">
				<val>Varsel</val>
			</str>
			<str name="Message" translate="yes">
				<val>Andre forekomster av Adobe Application Manager kjøres allerede. Du kan ikke fortsette før du har avsluttet disse programmene.</val>
			</str>
		</set>
	</set>
	
	<set name="UninstallOptions">
		<str name="Title" translate="yes">
			<val>Alternativer for avinstallasjon</val>
		</str>
		<str name="RemovePreferences" translate="yes">
			<val>Fjern innstillinger</val>
		</str>
		<str name="ToolTipInfo" translate="yes">
			<val>Fjern melding, varsler, rapportering og alle andre innstillinger for de valgte produktene.</val>
		</str>
	</set>
	
	<set name="Progress">
		<str name="MinutesRemaining" translate="yes">
			<val>Ca. {0} minutter gjenstår</val>
		</str>
		<str name="MinuteRemaining" translate="yes">
			<val>Ca. {0} minutt gjenstår</val>
		</str>
		<str name="LTMinuteRemaining" translate="yes">
			<val>Mindre enn ett minutt gjenstår</val>
		</str>
		<str name="PctComplete" translate="yes">
			<val>({0} % fullført)</val>
		</str>
		
		<set name="ConflictingProcess">
			<str name="Title" translate="yes">
				<val>Lukk følgende programmer for å fortsette:</val>
			</str>
			<str name="SubText1" translate="yes">
				<val>(Hvis denne meldingen vises selv etter at du har lukket et program, er det mulig at noen av programmets prosesser fortsatt kjøres i bakgrunnen. {0}Finn ut mer{1} om hvordan du kan avslutte bakgrunnsprosesser.)</val>
			</str>
			<str name="BackgroundProcessesLink" translate="yes">
				<val>http://www.adobe.com/go/learn_bgprocesses_no</val>
			</str>
			<str name="SubText2" translate="yes">
				<val>Liste over programmer som må lukkes:</val>
			</str>
		</set>
		
		<set name="DiskPrompt">
			<str name="Title" translate="yes">
				<val>Sett inn CD/DVD {0} for å fortsette.</val>
			</str>
		</set>
		
		<set name="Install">
			<str name="Title" translate="yes">
				<val>Installer</val>
			</str>
			<str name="Preparing" translate="yes">
				<val>Forbereder installasjonen ...</val>
			</str>
			<str name="Currently" translate="yes">
				<val>Installerer {0}</val>
			</str>
			<str name="Confirmation" translate="yes">
				<val>Er du sikker på at du vil avbryte installasjonen?</val>
			</str>
			
			<str name="AdministratorPrivileges" translate="yes">
				<val>Du må ha administratorrettigheter for å kunne installere. Logg på som administrator.</val>
			</str>
		</set>
		<set name="Uninstall">
			<str name="Title" translate="yes">
				<val>Avinstaller</val>
			</str>
			<str name="Preparing" translate="yes">
				<val>Forbereder avinstallasjonen ...</val>
			</str>
			<str name="Currently" translate="yes">
				<val>Avinstallerer {0}</val>
			</str>
			<str name="Confirmation" translate="yes">
				<val>Er du sikker på at du vil avbryte avinstallasjonen?</val>
			</str>
			
			<str name="AdministratorPrivileges" translate="yes">
				<val>Du må ha administratorrettigheter for å kunne avinstallere. Logg på som administrator.</val>
			</str>
		</set>
	</set>
	
	<set name="Success">
		<set name="Install">
			<str name="Title" translate="yes">
				<val>Installasjonen er fullført</val>
			</str>
			<str name="MyAdobeLink" translate="yes">
				<val>http://www.adobe.com/go/adobemembership_no</val>
			</str>
			<str name="Link1Text" translate="yes">
				<val>Min Adobe</val>
			</str>
			<str name="Link1" translate="yes">
				<val>http://www.adobe.com/go/adobemembership_no</val>
			</str>
			<str name="Link2Text" translate="yes">
				<val>Opplæringsvideoer</val>
			</str>
			<str name="Link2" translate="yes">
				<val>http://www.adobe.com/go/adobetv_howto_no</val>
			</str>
			<str name="AdditionalInfo" translate="yes">
				<val>Gå til {0} for å administrere denne eller annen ekte Adobe-programvare.</val>
			</str>
			<str name="BtnLblLaunchNow" translate="yes">
				<val>Start nå</val>
			</str>
			<str name="BtnLblClose" translate="yes">
				<val>Lukk</val>
			</str>
			<set name="PP">
				<str name="CompletedText" translate="yes">
					<val>{0} er installert og klart til bruk.</val>
				</str>
				<str name="RestartText" translate="yes">
				<val>Vi anbefaler at du starter systemet på nytt før du tar det i bruk.</val>
				</str>
			</set>
			<set name="Suite">
				<str name="CompletedText" translate="yes">
					<val>Disse programmene er klare til bruk.</val>
				</str>
				<str name="RestartText" translate="yes">
				<val>For noen av disse anbefaler vi at du starter systemet på nytt før du tar dem i bruk.</val>
				</str>
			</set>
		</set>
		
		<set name="Uninstall">
			<str name="Title" translate="yes">
				<val>Avinstallasjonen er fullført</val>
			</str>
			<str name="RestartText" translate="yes">
				<val>Start maskinen på nytt.</val>
			</str>
			<set name="PP">
				<str name="CompletedText" translate="yes">
					<val>{0} er avinstallert.</val>
				</str>
			</set>
			<set name="Suite">
				<str name="CompletedText" translate="yes">
					<val>Følgende programmer er avinstallert.</val>
				</str>
			</set>
		</set>
	</set>
	
    <set name="DoneWithError">
	    <set name="Install">
	        <str name="Title" translate="yes">
	            <val>Installasjon fullført</val>
	        </str>
	        <str name="CompleteText" translate="yes">
	            <val>Installasjonen er fullført, og disse programmene er klare til bruk.</val>
	        </str>
	        <str name="IncompleteWarning" translate="yes">
	            <val>Enkelte deler i følgende produkt(er) ble ikke installert.</val>
	        </str>
			<set name="PP">
				<str name="RestartText" translate="yes">
					<val>Vi anbefaler at du starter systemet på nytt før du tar det i bruk.</val>
				</str>
			</set>
			<set name="Suite">
				<str name="RestartText" translate="yes">
					<val>For noen av disse anbefaler vi at du starter systemet på nytt før du tar dem i bruk.</val>
				</str>
			</set>
			<set name="Cancelled">
		        <str name="Title" translate="yes">
		            <val>Installasjon avbrutt</val>
		        </str>
		        <str name="CompleteText" translate="yes">
	            	<val>Følgende programmer ble installert før du trykket på Avbryt-knappen. Du kan velge å avinstallere disse programmene manuelt.</val>
		        </str>
	        </set>
            <str name="DiskSpaceText" translate="yes">
                <val>Ikke nok diskplass. Frigjør diskplass og prøv på nytt.</val>
            </str>
		</set>
	    <set name="Uninstall">
	        <str name="Title" translate="yes">
	            <val>Avinstallasjon fullført</val>
	        </str>
	        <str name="CompleteText" translate="yes">
	            <val>Følgende programmer er avinstallert</val>
	        </str>
	        <str name="IncompleteWarning" translate="yes">
	            <val>Enkelte komponenter ble ikke avinstallert.</val>
	        </str>
	        <str name="CleanerToolText" translate="yes">
            	<val>Du kan laste ned og kjøre {0}Cleaner Tool{1} hvis du vil rense systemet.</val>
        </str>
	    </set>
    </set>

    <set name="Failure">
	    <set name="Install">
	        <str name="Title" translate="yes">
	            <val>Kan ikke installere</val>
	        </str>
	        <str name="WarningText" translate="yes">
	            <val>Det har oppstått feil under installasjonen.</val>
	        </str>
			<str name="InitializeTroubleshootingTips" translate="yes">
			    <val>Flere feilsøkingstips:{0}1. Start datamaskinen på nytt.{0}2. Avslutt alle programmer, inkludert antivirusprogrammer, brannmurprogrammer og programmer som kjøres ved oppstart.{0}3. Start installasjonsprogrammet, og installer programmene på nytt.</val>
            </str>
			<str name="TroubleshootingTips" translate="yes">
			    <val>Flere feilsøkingstips:{0}1. Start datamaskinen på nytt.{0}2. Avslutt alle programmer, inkludert antivirusprogrammer, brannmurprogrammer og programmer som kjøres ved oppstart.{0}3. Lukk dette vinduet, og start installasjonsprogrammet igjen for å installere programmene på nytt.</val>
            </str>
	        
	        <set name="Cancelled">
		        <str name="Title" translate="yes">
		            <val>Installasjon avbrutt</val>
		        </str>
		        <str name="WarningText" translate="yes">
		            <val>Installasjonen ble avbrutt. Prøv igjen senere.</val>
		        </str>
	        </set>
	        
	        <set name="AGVFailure">
		        <str name="WarningText" translate="yes">
		            <val>Kan ikke bekrefte Adobe-programvaren som ekte</val>
		        </str>
		        <str name="ParagraphOneText" translate="yes">
					<val>Produktet du prøver å installere, er ikke ekte Adobe-programvare og kan være en piratkopi. {0}Rapporter piratkopiering{1}, eller ta kontakt med {2}kundestøtte{3} for å få hjelp.</val>
		        </str>
		        <str name="ReportPiracyLink" translate="yes">
		            <val>http://www.adobe.com/go/reportpiracy_no</val>
		        </str>
	        </set>
	        
	        <set name="SyncFail">
	            <str name="WarningText" translate="yes">
	                <val>Inkonsekvens i installasjonsdatabasen. Start datamaskinen på nytt, og installer en gang til.</val>
	            </str>
	        </set>
	        
	        <set name="MSIRunning">
	            <str name="ParagraphOneText" translate="yes">
	                <val>Et annet installasjonsprogram kjører. Dette må lukkes før du kan installere dette produktet. Lukk andre installasjonsprogrammer.</val>
	            </str>
	        </set>
	        
	        <set name="DiskSpace">
	            <str name="ParagraphOneText" translate="yes">
	                <val>Ikke nok diskplass. Frigjør diskplass og prøv på nytt.</val>
	            </str>
	        </set>
	    </set>
	    
	    <set name="Uninstall">
	        <str name="Title" translate="yes">
	            <val>Kan ikke avinstallere</val>
	        </str>
	        <str name="WarningText" translate="yes">
	            <val>Det har oppstått feil under avinstallasjonen.</val>
	        </str>
			<str name="InitializeTroubleshootingTips" translate="yes">
			    <val>Feilsøkingstips:{0}1. Start datamaskinen på nytt.{0}2. Avslutt alle programmer, inkludert antivirusprogrammer, brannmurprogrammer og programmer som kjøres ved oppstart.{0}3. Avinstaller på nytt.</val>
            </str>
	        <str name="TroubleshootingTips" translate="yes">
			    <val>Flere feilsøkingstips:{0}1. Start datamaskinen på nytt.{0}2. Avslutt alle programmer, inkludert antivirusprogrammer, brannmurprogrammer og programmer som kjøres ved oppstart.{0}3. Avinstaller igjen.</val>
            </str>
            <str name="CleanerToolText" translate="yes">
            	<val>Du kan også laste ned og kjøre {0}Cleaner Tool{1}.</val>
        	</str>
        	<str name="MSIRunning" translate="yes">
	            <val>Et annet installasjonsprogram kjører. Dette må lukkes før du kan avinstallere dette produktet. Lukk andre installasjonsprogrammer.</val>
	        </str> 	        
	    </set>
	    
        <set name="InitializationFailed">
            <str name="Paragraph1" translate="yes">
                <val>Kan ikke starte installasjonsprogrammet. Dette kan skyldes en manglende fil.</val>
            </str>
        </set>
        
        <set name="ConflictingPayload">
            <str name="Paragraph1" translate="yes">
                <val>På denne datamaskinen finnes det allerede en forhåndsutgitt versjon av {0} eller en versjon som kommer i konflikt med den nye versjonen. Denne må fjernes før du installerer den nye versjonen.</val>
            </str>
        </set>
        
        <set name="x64BitOn32Bit">
            <str name="Paragraph1" translate="yes">
                <val>Produktet kan bare installeres på et 64-biters system.</val>
            </str>
        </set>
    </set>
    
	<set name="Common">
		<str name="DefaultProductName" translate="yes">
			<val>Adobe-produkt</val>
		</str>
		<str name="QuitConfirmation" translate="yes">
            <val>Er du sikker på at du vil avslutte?</val>
        </str>
		
        <str name="ErrorSummaryText" translate="yes">
            <val>{0}Feilloggen{1} kan hjelpe deg med å identifisere problemet.</val>
        </str>
        <str name="CustomerSupportText" translate="yes">
            <val>Hvis problemene vedvarer, kan du kontakte {0}kundestøtte{1} for å få hjelp.</val>
        </str>
        <str name="CustomerSupportLink" translate="yes">
            <val>http://www.adobe.com/go/customer_support_no</val>
        </str>
        <str name="NewSubscriptionLink" translate="yes">
        	<val>http://www.adobe.com/go/products_no</val>
        </str>
        <str name="CleanerToolLink" translate="yes">
            <val>http://www.adobe.com/go/cscleanertool_no</val>
        </str>
        
        <str name="SystemRequirementsLink" translate="yes">
            <val>http://www.adobe.com/go/cs_systemreqs_no</val>
        </str>

		<str name="PrivacyPortalLink" translate="yes">
			<val>http://www.adobe.com/go/adobe_privacy_portal_no</val>
		</str>
		
		<str name="PrivacyPolicyLink" translate="yes">
			<val>http://www.adobe.com/go/privacy_no</val>
		</str>
		<str name="GetActivated" translate="yes">
			<val>http://www.adobe.com/go/getactivated_no</val>
		</str>
		<str name="GB" translate="yes">
			<val>GB</val>
		</str>
		<str name="MB" translate="yes">
			<val>MB</val>
		</str>
		<str name="KB" translate="yes">
			<val>kB</val>
		</str>
		<str name="decimalSeparator" translate="yes">
			<val>,</val>
		</str>
		<str name="commaSeparator" translate="yes">
			<val>,</val>
		</str>
	</set>
	
	<set name="OSName">
		<str name="6.2.1" translate="no"><val>Windows Server 2012</val></str>
		<str name="6.2.0" translate="no"><val>Windows 8</val></str>
		<str name="Win8" translate="no"><val>Windows 8</val></str>
		<str name="Win7" translate="no"><val>Windows 7</val></str>
		<str name="Server2008R2" translate="no"><val>Windows Server 2008 R2</val></str>
		<str name="Vista" translate="no"><val>Windows Vista</val></str>
		<str name="Server2008" translate="no"><val>Windows Server 2008</val></str>
		<str name="Server2003" translate="no"><val>Windows Server 2003</val></str>
		<str name="XP" translate="no"><val>Windows XP</val></str>
		<str name="2000" translate="no"><val>Windows 2000</val></str>
		<str name="ME" translate="no"><val>Windows ME</val></str>
		<str name="98" translate="no"><val>Windows 98</val></str>
		<str name="NT4.0" translate="no"><val>Windows NT 4.0</val></str>
		<str name="95" translate="no"><val>Windows 95</val></str>
		<str name="UNKNOWN" translate="no"><val>Windows</val></str>
	</set>
	
	<set name="isoToLanguage">
		<str name="en_US" translate="no"><val>English (North America)</val></str>
		<str name="en_GB" translate="no"><val>English (International)</val></str>
		<str name="en_INT" translate="no"><val>English (International)</val></str>
		<str name="en_AE" translate="no"><val>English يدعم العربية</val></str>
		<str name="en_IL" translate="no"><val>English תומך עברית</val></str>
		<str name="en_XC" translate="no"><val>English (Central Europe)</val></str>
		<str name="en_XM" translate="no"><val>English (Middle East)</val></str>
		
		<str name="fr_FR" translate="no"><val>Français</val></str>
		<str name="fr_CA" translate="no"><val>Français (Canada)</val></str>
		<str name="fr_MA" translate="no"><val>Français (Maroc)</val></str>
		<str name="fr_XM" translate="no"><val>Français (Moyen-Orient)</val></str>
		
		<str name="es_ES" translate="no"><val>Español</val></str>
		<str name="es_MX" translate="no"><val>Español (América Latina)</val></str>
		<str name="es_LA" translate="no"><val>Español de América Latina</val></str>
		<str name="es_NA" translate="no"><val>Español Norteamericano</val></str>
		<str name="es_QM" translate="no"><val>Español (Middle East)</val></str>
		
		<str name="ar_AE" translate="no"><val>العربية</val></str>
		<str name="bg_BG" translate="no"><val>Български</val></str>
		<str name="lv_LV" translate="no"><val>Latviešu</val></str>
		<str name="et_EE" translate="no"><val>Eesti</val></str>
		<str name="hr_HR" translate="no"><val>hrvatski</val></str>
		<str name="sl_SI" translate="no"><val>slovenščina</val></str>
		<str name="sk_SK" translate="no"><val>slovenčina</val></str>
		<str name="th_TH" translate="no"><val>ภาษาไทย</val></str>
		<str name="vi_VN" translate="no"><val>Việt</val></str>
		<str name="sq_AL" translate="no"><val>Shqip</val></str>
		<str name="ar_SA" translate="no"><val>العربية</val></str>
		<str name="be_BY" translate="no"><val>Беларуская</val></str>
		<str name="ca_ES" translate="no"><val>Català</val></str>
		<str name="hi_IN" translate="no"><val>हिन्दी</val></str>
		<str name="is_IS" translate="no"><val>Íslenska</val></str>
		<str name="lt_LT" translate="no"><val>Lietuvių</val></str>
		<str name="mk_MK" translate="no"><val>македонски</val></str>
		<str name="nn_NO" translate="no"><val>Norsk (Nynorsk)</val></str>
		<str name="pt_PT" translate="no"><val>Português de Portugal</val></str>
		<str name="sh_YU" translate="no"><val>Srpsko-Hrvatski</val></str>
		<str name="sr_YU" translate="no"><val>Cрпски</val></str>
		<str name="kk_KZ" translate="no"><val>Қазақ</val></str>
		<str name="az_AZ" translate="no"><val>Azərbaycan dili</val></str>
		<str name="no_NO" translate="no"><val>Norwegian</val></str>
		<str name="cs_CZ" translate="no"><val>česky</val></str>
		<str name="de_DE" translate="no"><val>Deutsch</val></str>
		<str name="el_GR" translate="no"><val>Ελληνικά</val></str>
		<str name="he_IL" translate="no"><val>עברית</val></str>
		<str name="hu_HU" translate="no"><val>magyar</val></str>
		<str name="it_IT" translate="no"><val>Italiano</val></str>
		<str name="ja_JP" translate="no"><val>日本語</val></str>
		<str name="ko_KR" translate="no"><val>한국어</val></str>
		<str name="nl_NL" translate="no"><val>Nederlands</val></str>
		<str name="pl_PL" translate="no"><val>polski</val></str>
		<str name="ro_RO" translate="no"><val>Română</val></str>
		<str name="ru_RU" translate="no"><val>русский</val></str>
		<str name="sv_SE" translate="no"><val>Svenska</val></str>
		<str name="tr_TR" translate="no"><val>Türkçe</val></str>
		<str name="uk_UA" translate="no"><val>українська</val></str>
		<str name="zh_CN" translate="no"><val>简体中文</val></str>
		<str name="zh_TW" translate="no"><val>繁體中文</val></str>
		<str name="da_DK" translate="no"><val>Dansk</val></str>
		<str name="fi_FI" translate="no"><val>suomi</val></str>
		<str name="nb_NO" translate="no"><val>Norsk (Bokmål)</val></str>
		<str name="pt_BR" translate="no"><val>Português do Brasil</val></str>
	</set>

</asf>
