<?xml version='1.0' encoding='utf-8'?>
<!DOCTYPE asf SYSTEM "http://ns.adobe.com/asf/asf_1_0.dtd" >
<asf xmlns="http://ns.adobe.com/asf" locale="nl_NL" version="1.0">
	<set name="install">
		<str name="next" translate="yes">
			<val>VOLGENDE</val>
		</str>
		<str name="back" translate="yes">
			<val>TERUG</val>
		</str>
		<str name="exit" translate="yes">
			<val>AFSLUITEN</val>
		</str>
		<str name="quit" translate="yes">
			<val>AFSLUITEN</val>
		</str>
		<str name="stop" translate="yes">
			<val>STOPPEN</val>
		</str>
		<str name="continue" translate="yes">
			<val>DOORGAAN</val>
		</str>
		<str name="cancel" translate="yes">
			<val>ANNULEREN</val>
		</str>
		<str name="tryAgain" translate="yes">
			<val>OPNIEUW PROBEREN</val>
		</str>
		<str name="decline" translate="yes">
			<val>WEIGEREN</val>
		</str>
		<str name="accept" translate="yes">
			<val>ACCEPTEREN</val>
		</str>			
		<str name="create" translate="yes">
			<val>ADOBE-ID MAKEN</val>
		</str>			
		<str name="info" translate="yes">
			<val>Meer informatie</val>
		</str>
		<str name="done" translate="yes">
			<val>GEREED</val>
		</str>
		<str name="install" translate="yes">
			<val>INSTALLEREN</val>
		</str>			
		<str name="uninstall" translate="yes">
			<val>VERWIJDEREN</val>
		</str>			
		<str name="btnOK" translate="yes">
			<val>OK</val>
		</str>
		<str name="yes" translate="yes">
			<val>JA</val>
		</str>
		<str name="no" translate="yes">
			<val>NEE</val>
		</str>
		<str name="subscriptionEdition" translate="no">
			<val>Subscription Edition</val>
		</str>
	</set>
	
	<set name="welcome">
		<str name="welcome" translate="yes">
			<val>Welkom</val>
		</str>
		<str name="product" translate="yes">
			<val>Installer voor {0}</val>
		</str>
		<str name="view" translate="yes">
			<val>Weergeven in:</val>
		</str>
		<str name="license" translate="yes">
			<val>Softwarelicentieovereenkomst van Adobe</val>
		</str>
		<str name="sure" translate="yes">
			<val>Weet u zeker dat u wilt afsluiten?</val>
		</str>
		<str name="AppTitleInstall" translate="yes">
			<val>Installer voor {0}</val>
		</str>
		<str name="AppTitleUninstall" translate="yes">
			<val>Uninstaller voor {0}</val>
		</str>
	</set>
	
	<set name="serial">
		<str name="welcome" translate="yes">
			<val>Serienummer invoeren</val>
		</str>
		<str name="serial" translate="yes">
			<val>Een serienummer opgeven.</val>
		</str>
		<str name="trial" translate="yes">
			<val>Dit product installeren als proefversie.</val>
		</str>
		<str name="lang" translate="yes">
			<val>Taal:</val>
		</str>
		<str name="license" translate="yes">
			<val>Dit serienummer wordt gebruikt voor: {0}</val>
		</str>
		<str name="selectLang" translate="yes">
			<val>Taal selecteren</val>
		</str>
		<str name="locateTT" translate="yes">
			<val>Het serienummer is vermeld op de achterkant van de dvd-hoes, op het certificaat voor uw Adobe Open Options-licentie (alleen bij volumelicenties) of in het bevestigingsbericht dat u hebt ontvangen van de Adobe Store (alleen bij aankopen via download).</val>
		</str>
		<str name="invalid" translate="yes">
			<val>Dit serienummer is niet geldig voor dit product.</val>
		</str>
		<str name="also" translate="yes">
			<val>Na installatie kunt u een serienummer invoeren.</val>
		</str>
		<str name="agree" translate="yes">
			<val>De software probeert automatisch te activeren via Internet, zoals omschreven in de Softwarelicentieovereenkomst. Zie {0}www.adobe.com/nl/activation{1} voor meer informatie.</val>
		</str>
		<str name="agreeLink" translate="yes">
			<val>http://www.adobe.com/go/activation_nl</val>
		</str>
		<str name="progressMessage" translate="yes">
			<val>Abonnementsgegevens controleren...</val>
		</str>
	</set>
	
	<set name="options">
		<str name="title" translate="yes">
			<val>Opties installeren</val>
		</str>
		<str name="unTitle" translate="yes">
			<val>Opties verwijderen</val>
		</str>
		<str name="unInstruct" translate="yes">
			<val>Als u het volledige product verwijdert, kunt u tegelijkertijd het serienummer deactiveren.</val>
		</str>
		<str name="total" translate="yes">
			<val>Totale installatie:</val>
		</str>
		<str name="all" translate="yes">
			<val>Alle componenten</val>
		</str>
		<str name="loc" translate="yes">
			<val>Locatie:</val>
		</str>
		<str name="deactivate" translate="yes">
			<val>Deactiveren</val>
		</str>
		<str name="deactivateTooltip1" translate="yes">
			<val>Door deactivering kunt u uw Adobe-product op een andere computer activeren, op voorwaarde dat u zich aan de Softwarelicentieovereenkomst houdt. Zorg dat u verbinding hebt met internet voordat u deactiveert.</val>
		</str>
		<str name="deactivateTooltip2" translate="yes">
			<val>U kunt geen afzonderlijke onderdelen van een gelicentieerd Adobe-product deactiveren. Als u uw Adobe-product op een andere computer wilt installeren en activeren, moet u eerst het gehele product verwijderen en deactiveren op deze computer.</val>
		</str>
		<str name="remove" translate="yes">
			<val>Voorkeuren verwijderen</val>
		</str>
		<str name="select" translate="yes">
			<val>Klik op een productnaam om opties aan te passen</val>
		</str>
		<str name="include" translate="yes">
			<val>Inclusief:</val>
		</str>
		<str name="decimalSeparator" translate="yes">
			<val>,</val>
		</str>
		<str name="commaSeparator" translate="yes">
			<val>,</val>
		</str>
		<str name="browse" translate="yes">
			<val>Bladeren naar installatielocatie</val>
		</str>
		<str name="reqs" translate="yes">
			 <val>Voldoet niet aan de minimale systeemvereisten. {0}Meer informatie...{1}</val>
		</str>
		<str name="more" translate="yes">
			<val>Meer</val>
		</str>		
		<str name="morelink" translate="yes">
			<val>http://www.adobe.com/go/cs_systemreqs_nl</val>
		</str>
		<str name="infolink" translate="yes">
			<val>http://www.adobe.com/go/cs_shared_components_nl</val>
		</str>
		<str name="available" translate="yes">
			<val>Beschikbaar</val>
		</str>
		<str name="recommend" translate="yes">
			<val>Aanbevolen door:</val>
		</str>	
		<str name="required" translate="yes">
			<val>Vereist door:</val>
		</str>
		<str name="GB" translate="yes">
			<val>GB</val>
		</str>
		<str name="MB" translate="yes">
			<val>MB</val>
		</str>
		<str name="KB" translate="yes">
			<val>KB</val>
		</str>
		<str name="already" translate="yes">
			<val>Al geïnstalleerd</val>
		</str>
		
		<str name="again" translate="yes">
			<val>Als u een van de onderstaande onderdelen opnieuw installeert, wordt het onderdeel op de huidige bestandslocatie geïnstalleerd.</val>
		</str>		
		<str name="uninstall" translate="yes">
			<val>Installatie ongedaan maken</val>
		</str>
		<str name="install" translate="yes">
			<val>INSTALLEREN</val>
		</str>
		<str name="requirementError" translate="yes">
			<val>Voldoet niet aan de minimale systeemvereisten</val>
		</str>
		<str name="conflictError" translate="yes">
			<val>Er is al een evaluatieversie van dit product geïnstalleerd</val>
		</str>
		<str name="upgradedError" translate="yes">
			<val>Er is al een nieuwere versie van dit product geïnstalleerd</val>
		</str>
		<str name="langNotPresent" translate="yes">
			<val>Niet beschikbaar voor geselecteerde taal</val>
		</str>
		<str name="dependenciesNotEnabled" translate="yes">
			<val>De vereiste onderdelen zijn uitgeschakeld</val>
		</str>
		<str name="avail" translate="yes">
			<val>Schijfruimte:</val>
		</str>
		<str name="drive" translate="yes">
			<val>Station {0}</val>
		</str>
		<str name="sure" translate="yes">
			<val>Weet u zeker dat u het verwijderen wilt annuleren?</val>
		</str>
		<str name="browseErrorCaseSensitive" translate="yes">
			<val>Hoofdlettergevoelige stations worden niet ondersteund.</val>
		</str>
		<str name="browseErrorMappedNetwork" translate="yes">
			<val>Installatie op toegewezen netwerkstations wordt niet ondersteund.</val>
		</str>
		<str name="browseErrorRemovableDrive" translate="yes">
			<val>Installatie op verwisselbare flashstations wordt niet ondersteund.</val>
		</str>
		<str name="browseErrorTooLong" translate="yes">
			<val>Het geselecteerde pad voor de installatie is te lang.</val>
		</str>
		<str name="browseErrorLockedPath" translate="yes">
			<val>Installatie op een vergrendelde locatie wordt niet ondersteund.</val>
		</str>
		<str name="browseErrorGeneric" translate="yes">
			<val>Kan niet in de geselecteerde locatie installeren.</val>
		</str>
		<str name="browseErrorRootDrive" translate="yes">
			<val>Installatie in een hoofdmap van een station wordt niet ondersteund.</val>
		</str>
		<str name="diskSpaceTooltip" translate="yes">
			<val>Onvoldoende schijfruimte om deze installatie te voltooien.</val>
		</str>
		<str name="diskSpaceOverlayError" translate="yes">
			<val>Er is onvoldoende ruimte beschikbaar op de vaste schijf voor de geselecteerde opties. Selecteer een station met voldoende ruimte en voer de installer nogmaals uit.</val>
		</str>
		<str name="uninstallSubscriptionMessage" translate="yes">
			<val>Als u toepassingen verwijdert, wordt uw abonnement niet gewijzigd. Als u uw abonnementsstatus wilt wijzigen, gaat u naar Abonnementenbeheer. {0}Abonnementsstatus wijzigen.{1}</val>
		</str>
		<str name="uninstallSubscriptionMessageLink" translate="no">
			<val>http://www.adobe.com/go/subscriptionedition</val>
		</str>
	</set>

	<set name="progress">
		<str name="title" translate="yes">
			<val>Voortgang van installatie</val>
		</str>
		<str name="doneErrors" translate="yes">
			<val>Status van installatie</val>
		</str>
		<str name="curr" translate="yes">
			<val>Installeren...</val>
		</str> 
		<str name="unTitle" translate="yes">
			<val>Voortgang van verwijderen</val>
		</str>
		<str name="unCurr" translate="yes">
			<val>Verwijderen...</val>
		</str> 
		<str name="cancelling" translate="yes">
			<val>Installatie wordt geannuleerd...</val>
		</str>
		<str name="removingCache" translate="yes">
			<val>Cache verwijderen...</val>
		</str> 
		<str name="disc" translate="yes">
			<val>Schijf</val>
		</str>		
		<str name="preparing" translate="yes"> 
			<val>Installatie voorbereiden...</val>
		</str>
		<str name="preparingun" translate="yes"> 
			<val>Verwijderen voorbereiden...</val>
		</str>
		<str name="calculating" translate="yes"> 
			<val>Totale resterende tijd: berekenen...</val>
		</str>
		<str name="calculatingun" translate="yes"> 
			<val>Resterende tijd: berekenen...</val>
		</str>
		<str name="complete" translate="yes"> 
			<val>{0}% voltooid</val>
		</str>
		<str name="remainTotal" translate="yes">
			<val>Ongeveer {0} minuten resterend</val>
		</str>
		<str name="unRemainTotal" translate="yes">
			<val>Resterende tijd: ongeveer {0} minuten</val>
		</str>
		<str name="remainTotalOneMin" translate="yes">
			<val>Totale resterende tijd: ongeveer {0} minuut</val>
		</str>
		<str name="unRemainTotalOneMin" translate="yes">
			<val>Resterende tijd: ongeveer {0} minuut</val>
		</str>
		<str name="remainMin" translate="yes">
			<val>Totale resterende tijd: minder dan een minuut</val>
		</str>
		<str name="unRemainMin" translate="yes">
			<val>Resterende tijd: minder dan een minuut</val>
		</str>
		<str name="remainDisc" translate="yes">
			<val>Tijd voor volgende schijf: ongeveer {0} minuten</val>
		</str>				
		<str name="sure" translate="yes">
			<val>Weet u zeker dat u de installatie wilt annuleren?</val>
		</str>
		<str name="incorrect" translate="yes">
			<val>Onjuiste schijf geplaatst. Probeer het opnieuw en klik op Gereed.</val>
		</str>
		<str name="insert" translate="yes">
			<val>Plaats schijf {0} om door te gaan.</val>
		</str>
		<str name="errorClose" translate="yes">
			<val>Sluit de volgende toepassingen om door te gaan:</val>
		</str>
		<str name="contact" translate="yes">
			<val>Neem voor extra ondersteuning contact op met de {0}klantenondersteuning{1}.</val>
		</str>
		<str name="supportLink" translate="no">
			<val>http://www.adobe.com/go/support_loganalyzer</val>
		</str>
		<str name="errorLater" translate="yes">
			<val>Klik op Later voltooien als u deze installatie wilt voltooien wanneer u deze computer opnieuw opstart.</val>
		</str>
		<str name="finishLater" translate="yes">
			<val>Later voltooien</val>
		</str>
		<str name="cancelMsg" translate="yes">
			<val>Installatie is geannuleerd.</val>
		</str>
		<str name="partial" translate="yes">
			<val>Sommige toepassingen zijn geïnstalleerd maar bij andere zijn fouten aangetroffen.</val>
		</str>
		<str name="installProblems" translate="yes">
			<val>Er zijn problemen opgetreden tijdens de installatie</val>
		</str>
		<str name="requiredFailWarning" translate="yes">
			<val>Sommige vereiste componenten zijn mogelijk niet geïnstalleerd. Dit is wellicht van invloed op de functies van de geïnstalleerde toepassingen.</val>
		</str>
		<str name="helpTroubleshoot" translate="yes">
			<val>Raadpleeg de informatie voor het {0}oplossen van problemen{1} om dit probleem te verhelpen</val>
		</str>
		<str name="troubleshootTips" translate="yes">
			<val>Mogelijk kunt u het probleem verhelpen met deze tips voor het oplossen van problemen:</val>
		</str>
		<str name="tipOne" translate="yes">
			<val>1. Start uw computer opnieuw op</val>
		</str>
		<str name="tipTwo" translate="yes">
			<val>2. Sluit alle toepassingen af, waaronder opstartprogramma’s en antivirus- en firewallsoftware</val>
		</str>
		<str name="tipThree" translate="yes">
			<val>3. Start het installatieprogramma en installeer de toepassingen opnieuw</val>
		</str>
		<str name="errorLogText" translate="yes">
			<val>Als het probleem zich blijft voordoen, kunt u mogelijk het foutenlogbestand hieronder gebruiken om het probleem vast te stellen.</val>
		</str>
		<str name="customerSupport" translate="yes">
			<val>Neem contact op met de {0}klantenondersteuning{1} en geef deze details door.</val>
		</str>
		
		<str name="completely" translate="yes">
			<val>Deze toepassingen zijn klaar voor gebruik:</val>
		</str>
		<str name="incomplete" translate="yes">
			<val>Installeer de volgende toepassingen opnieuw:</val>
		</str>
		<str name="installed" translate="yes">
			<val>Geïnstalleerd:</val>
		</str>
		<str name="notInstalled" translate="yes">
			<val>Niet geïnstalleerd:</val>
		</str>
		<str name="haserrors" translate="yes">
			<val>Er zijn fouten opgetreden bij de installatie.</val>
		</str>
		<str name="restart" translate="yes">
			<val>Start het systeem opnieuw op en voer de installatie nogmaals uit.</val>
		</str>
		<str name="timeRemaining" translate="yes">
			<val>Resterende tijd</val>
		</str>
		<str name="unDoneTitle" translate="yes">
			<val>Verwijderingsstatus</val>
		</str>
		<str name="unDoneWarning" translate="yes">
			<val>Sommige toepassingen zijn verwijderd maar bij andere zijn fouten aangetroffen.</val>
		</str>
		<str name="unComplete" translate="yes">
			<val>De volgende toepassingen zijn verwijderd:</val>
		</str>
		<str name="unIncomplete" translate="yes">
			<val>Deze toepassingen zijn niet verwijderd:</val>
		</str>
		<str name="unInstruct" translate="yes">
			<val>Start de computer opnieuw op en verwijder de software opnieuw. Als het probleem hiermee niet is opgelost, moet u {0}Adobe Creative Suite Cleaner Tool{1} downloaden en uitvoeren.</val>
		</str>
		<str name="unPointWarning" translate="yes">
			<val>Er zijn fouten opgetreden bij het verwijderen.</val>
		</str>		
		<str name="cleanScriptLink" translate="no">
			<val>http://www.adobe.com/go/cscleanertool</val>
		</str>
		<str name="deactivateWarning" translate="yes">
			<val>Als u wilt deactiveren, moet u verbinding maken met internet. Schakel anders Deactiveren uit in het vorige scherm.</val>
		</str>
		<str name="deactivateFailureWarning" translate="yes">
			<val>Deactivering is niet voltooid. U kunt doorgaan met het verwijderen van het product, maar u kunt mogelijk niet activeren op een andere computer zonder dat deactivering is voltooid.</val>
		</str>		
	</set>	 

	<set name="thanks">
		<str name="title" translate="yes">
			<val>Bedankt</val>
		</str>
		<str name="titleInsStatus" translate="yes">
			<val>Status van installatie</val>
		</str>
		
		<str name="subtitle" translate="yes">
			<val>De installatie is voltooid. Voer de volgende stappen uit als u optimaal wilt profiteren van de software.</val>
		</str>
		<str name="subtitle1" translate="yes">
			<val>De installatie is voltooid.</val>
		</str>
		<str name="subtitle2" translate="yes">
			<val>Voer de volgende stappen uit als u optimaal wilt profiteren van de software.</val>
		</str>
		<str name="subtitleSubsClaimFail" translate="yes">
			<val>We kunnen uw abonnement op {0} niet starten</val>
		</str>
	
		
		<str name="unSubtitle" translate="yes">
			<val>De volgende toepassingen zijn verwijderd:</val>
		</str>

		<str name="unSubtitleNoProductList" translate="yes">
			<val>De verwijdering is voltooid.</val>
		</str>

		<str name="appsInstalledHeading" translate="yes">
			<val>De volgende producten zijn geïnstalleerd</val>
		</str>
		<str name="appInstalledHeading" translate="yes">
			<val>Het volgende product is geïnstalleerd</val>
		</str>

		<str name="services" translate="yes">
			<val>Aan de slag: Adobe-producten en -services</val>
		</str>
		<str name="noservices" translate="yes">
			<val>Aan de slag: Adobe-producten</val>
		</str>
		<str name="successWithServices" translate="yes">
			<val>We hebben uw Adobe-id gebruikt om uw software te registreren en toegang tot Adobe CS Live-services in te stellen.</val>
		</str>
		<str name="successWithoutServices" translate="yes">
			<val>U hebt uw software geregistreerd door uw Adobe-id op te geven.</val>
		</str>
		<str name="emailVerify" translate="yes">
			<val>E-mailverificatie is vereist voordat u CS Live-services van Adobe  kunt gebruiken. Controleer uw Postvak IN.</val>
		</str>
		<str name="skippedWithServices" translate="yes">
			<val>Een Adobe-id is vereist om uw software te registreren en toegang te krijgen tot Adobe CS Live-services. Als u de software gebruikt, wordt u eraan herinnerd om uw Adobe-id op te geven.</val>
		</str>
		<str name="skippedWithoutServices" translate="yes">
			<val>Een Adobe-id is vereist om uw software te registreren. Als u de software gebruikt, wordt u eraan herinnerd om uw Adobe-id op te geven.</val>
		</str>
		<str name="trialAdobeIDtext" translate="yes">
			<val>Een Adobe-id is vereist om deze software als proefversie te kunnen gebruiken. U hebt 7 dagen vanaf de eerste keer dat u uw proefversie start om een Adobe-id in te voeren.</val>
		</str>
		<str name="idinfo" translate="yes">
			<val>We hebben uw Adobe-id gebruikt om uw product te registreren en toegang tot Adobe CS Live-services in te stellen.</val>
		</str>	
		<str name="id" translate="yes">
			<val>Met uw Adobe-id kunt u uw producten registreren.</val>
		</str>
		<str name="provided" translate="yes">
			<val>U hebt uw product geregistreerd door uw Adobe-id op te geven.</val>
		</str>
		<str name="idservices" translate="yes">
			<val>Met uw Adobe-id kunt u uw producten registreren en uw gratis abonnement op Adobe CS Live-services van Adobe configureren.</val>
		</str>
		<str name="idis" translate="yes">
			<val>Uw Adobe-id is: {0}</val>
		</str>
		<str name="idnew" translate="yes">
			<val>Uw Adobe-id is: {0}</val>
		</str>
		
		<str name="email" translate="yes">
			<val>Er is een e-mailbericht verzonden om dit e-mailadres te verifiëren. Verificatie is vereist voordat u CS Live-services van Adobe kunt gebruiken.</val>
		</str>
		<str name="videos" translate="yes">
			<val>Video's voor lesbestanden weergeven</val>
		</str>
		<str name="explore" translate="yes">
			<val>Ontdek de CS LIVE-services van Adobe</val>
		</str>
		<str name="videolink" translate="yes">
			<val>http://www.adobe.com/go/adobetv_howto</val>
		</str>		
		<str name="serviceslink" translate="yes">
			<val>http://www.adobe.com/go/cslive_nl</val>
		</str>	
	</set> 
	
	
	<set name="upgrade">
		<str name="title" translate="yes">
			<val>Serienummer upgrade invoeren</val>
		</str>
		<str name="instruct1" translate="yes">
			<val>Het serienummer dat u hebt ingevoerd is geldig, maar er is geen gekwalificeerd product aanwezig op deze computer.</val>
		</str>
		<str name="instruct2" translate="yes">
			<val>Selecteer een van de volgende gekwalificeerde producten en voer het bijbehorende serienummer in om het serienummer dat u hebt opgegeven voor uw upgrade, te gebruiken:</val>
		</str>
		<str name="serial" translate="yes">
			<val>Serienummer voor dit product:</val>
		</str>
		<str name="trial" translate="yes">
			<val>Installeren als proefversie</val>
		</str>
		<str name="confirm" translate="yes">
			<val>Dit serienummer bevestigt {0}.</val>
		</str>
		<str name="second" translate="yes">
			<val>Voor deze upgrade is een tweede in aanmerking komend product vereist. Selecteer hieronder het tweede product dat u bezit en voer het bijbehorende serienummer in:</val>
		</str>
		<str name="selproduct" translate="yes">
			<val>Selecteer een product</val>
		</str>
		<str name="nogood" translate="yes">
			<val>Dit serienummer is niet geldig voor een gekwalificeerd product. Probeer een ander nummer.</val>
		</str>
		<str name="account" translate="yes">
			<val>Als u eerder producten hebt geregistreerd, gaat u naar {0}uw accountpagina{1} om uw bestaande serienummers op te zoeken.</val>
		</str>
		<str name="support" translate="yes">
			<val>Neem voor extra ondersteuning contact op met de {0}klantenondersteuning{1}.</val>
		</str>
		<str name="supportlink" translate="no">
			<val>http://www.adobe.com/go/support_loganalyzer</val>
		</str>
		<str name="accountlink" translate="yes">
			<val>http://www.adobe.com/go/adobemembership_nl</val>
		</str>
	</set>
	
	<set name="upcode">
		<str name="header" translate="yes">
			<val>Voer uw upgradecode in.</val>
		</str>
		<str name="instruct1" translate="yes">
			<val>Geef de volgende code door aan uw serviceagent wanneer hierom wordt gevraagd:</val>
		</str>
		<str name="challenge" translate="yes">
			<val>Challenge Code (controlecode)</val>
		</str>
		<str name="instruct2" translate="yes">
			<val>Voer de code in die uw serviceagent u heeft gegeven:</val>
		</str>
		<str name="support" translate="yes">
			<val>Ondersteuningscode</val>
		</str>
		<str name="codeError" translate="yes">
			<val>Ongeldige ondersteuningscode</val>
		</str>
		
	</set>
	
	<set name="dvanote">
		<str name="header" translate="yes">
			<val>Belangrijke opmerking</val>
		</str>
		<str name="warning32bit" translate="yes">
			<val>Op deze computer wordt een 32-bits besturingssysteem uitgevoerd. Adobe Premiere Pro CS5.5, Adobe Premiere Pro CS5, After Effects CS5.5 en After Effects CS5 kunnen alleen worden uitgevoerd op een 64-bits besturingssysteem. Als u deze toepassingen wilt gebruiken, moet u de computer bijwerken of de meegeleverde 32-bits CS4-versies installeren. {0}Meer informatie{1} over het zoeken naar en installeren van de CS4-versies.</val>
		</str>
		<str name="learnMoreLink" translate="yes">
			<val>http://www.adobe.com/go/32bit_installation_nl</val>
		</str>
	</set>

	<set name="nav">
		<str name="welcome" translate="yes">
			<val>WELKOM</val>
		</str>
		<str name="serial" translate="yes">
			<val>SERIENUMMER</val>
		</str>
		<str name="id" translate="yes">
			<val>ADOBE-ID</val>
		</str>
		<str name="options" translate="yes">
			<val>OPTIES</val>
		</str>
		<str name="unoptions" translate="yes">
			<val>OPTIES</val>
		</str>
		<str name="install" translate="yes">
			<val>INSTALLEREN</val>
		</str>
		<str name="uninstall" translate="yes">
			<val>VERWIJDEREN</val>
		</str>
		<str name="thanks" translate="yes">
			<val>VOLTOOIEN</val>
		</str>
	</set>
	
	
	<set name="systemReq">
		<str name="ram" translate="yes">
			<val>{0} RAM aanbevolen</val>
		</str>
		<str name="processor" translate="yes">
			<val>{0}-processor aanbevolen</val>
		</str>
		<str name="osWin" translate="yes">
			<val>Windows {0} aanbevolen</val>
		</str>
		<str name="osMac" translate="yes">
			<val>Mac {0} aanbevolen</val>
		</str>
		<str name="screen" translate="yes">
			<val>Schermresolutie van {0} aanbevolen</val>
		</str>
	</set>
	
	<set name="installErrorCode">
		<str name="code0" translate="yes">
			<val>Installatie voltooid</val>
		</str>
		<str name="code6" translate="yes">
			<val>Voltooid met fouten</val>
		</str>
		<str name="code7in" translate="yes">
			<val>Installatie is mislukt</val>
		</str>
		<str name="code7un" translate="yes">
			<val>Verwijderen is mislukt</val>
		</str>
		<str name="code8" translate="yes">
			<val>Voltooid. Het systeem moet opnieuw worden gestart om de werkstroom te voltooien</val>
		</str>
		<str name="code11" translate="yes">
			<val>Een andere distributiesessie is al actief</val>
		</str>
		<str name="code14" translate="yes">
			<val>Beheerdersrechten zijn vereist voor de installatie.</val>
		</str>
		<str name="code14un" translate="yes">
			<val>Beheerdersrechten zijn vereist om te verwijderen</val>
		</str>
		<str name="code19" translate="yes">
			<val>Conflicterende processen zijn actief</val>
		</str>
		<str name="code24" translate="yes">
			<val>Installatie geannuleerd</val>
		</str>
		<str name="code15" translate="yes">
			<val>Inconsistentie in de database van de installer. Start de computer opnieuw en installeer opnieuw.</val>
		</str>
		<str name="code31" translate="yes">
			<val>Er is onvoldoende ruimte beschikbaar op de vaste schijf voor de geselecteerde opties. Selecteer een station met voldoende ruimte en voer de installer nogmaals uit.</val>
		</str>
		<str name="code9999" translate="yes">
			<val>Er is een interne fout opgetreden</val>
		</str>
		<str name="internalError" translate="yes">
			<val>Setup heeft een fout ({0}) aangetroffen tijdens de installatie. Start de computer opnieuw op en probeer het opnieuw.</val>
		</str>
		<str name="uninternalError" translate="yes">
			<val>Setup heeft een fout ({0}) aangetroffen tijdens het verwijderen. Start de computer opnieuw op en probeer het opnieuw.</val>
		</str>
	</set>
	
	<set name="prescreenResponse">
		<str name="header_NOT_ENABLED" translate="yes">
			<val>Uw abonnement op {0} is verlopen</val>
		</str>
		<str name="body_NOT_ENABLED" translate="yes">
			<val>Verleng uw abonnement of kies Terug en installeer het product als proefversie.</val>
		</str>
		<str name="footerLinkText_NOT_ENABLED" translate="yes">
			<val>Mijn abonnement verlengen</val>
		</str>
		<str name="footerLink_NOT_ENABLED" translate="no">
			<val>http://www.adobe.com/go/subscriptionedition</val>
		</str>
		
		<str name="header_OFFLINE" translate="yes">
			<val>Kan geen verbinding maken met internet</val>
		</str>
		<str name="body_OFFLINE" translate="yes">
			<val>U moet over een werkende internetverbinding beschikken om dit product te gebruiken. Controleer de verbindingsinstellingen en kies Opnieuw proberen. Als u nog steeds problemen ondervindt, kunt u contact opnemen met de klantenondersteuning, of Terug kiezen om dit product als proefversie te installeren.</val>
		</str>
		<str name="footerLinkText_OFFLINE" translate="yes">
			<val>Contact opnemen met de klantenondersteuning</val>
		</str>
		<str name="footerLink_OFFLINE" translate="yes">
			<val>http://www.adobe.com/go/support_nl</val>
		</str>
		
		<str name="header_GENERIC_ERROR" translate="yes">
			<val>We kunnen uw abonnement op {0} niet starten</val>
		</str>
		<str name="body_GENERIC_ERROR" translate="yes">
			<val>Als u deze installatie wilt voltooien, kiest u ervoor om dit product als een proefversie te installeren. Nadat u de software hebt geïnstalleerd en de toepassing hebt gestart, wordt u gevraagd om uw abonnement te starten.</val>
		</str>
		<str name="footerLinkText_GENERIC_ERROR" translate="yes">
			<val>Contact opnemen met de klantenondersteuning</val>
		</str>
		<str name="footerLink_GENERIC_ERROR" translate="yes">
			<val>http://www.adobe.com/go/support_nl</val>
		</str>
	</set>
	
	<set name="subsClaimResponse">
		<str name="failureStatusHeading" translate="yes">
			<val>Kan uw abonnement op {0} niet starten</val>
		</str>
		<str name="successStatusHeading" translate="yes">
			<val>Aan de slag: Adobe-producten en -services</val>
		</str>
		
		<str name="adobeIDInfo" translate="yes">
			<val>We hebben uw Adobe-id gebruikt om uw abonnement op {0} te starten en toegang tot Adobe CS Live-services in te stellen.</val>
		</str>
		
		<str name="idis" translate="yes">
			<val>Uw Adobe-id is: {0}</val>
		</str>
		<str name="idnew" translate="yes">
			<val>Uw Adobe-id is: {0}</val>
		</str>
		
		<str name="emailVerify" translate="yes">
			<val>E-mailverificatie is vereist voordat u Adobe CS Live-services kunt gebruiken. Controleer uw Postvak IN.</val>
		</str>
		

		<str name="supLinkURL_EXCEPTION_DECODE_FAILED" translate="yes">
			<val>http://www.adobe.com/go/support_nl</val>
		</str>			
		<str name="supLinkURL_EXCEPTION_NO_SUCH_USER" translate="yes">
			<val>http://www.adobe.com/go/support_nl</val>
		</str>		
		<str name="supLinkURL_EXCEPTION_INVALID_DATA" translate="yes">
			<val>http://www.adobe.com/go/support_nl</val>
		</str>
		<str name="supLinkURL_EXCEPTION_SKU_LOOKUP_FAILED" translate="yes">
			<val>http://www.adobe.com/go/support_nl</val>
		</str>		
		<str name="supLinkURL_EXCEPTION_AUTHENTICATION_TIMEOUT" translate="yes">
			<val>http://www.adobe.com/go/support_nl</val>
		</str>
		<str name="supLinkURL_EXCEPTION_SNSERVER_TIMEOUT" translate="yes">
			<val>http://www.adobe.com/go/support_nl</val>
		</str>
		<str name="supLinkURL_EXCEPTION_INTERNAL_TIMEOUT" translate="yes">
			<val>http://www.adobe.com/go/support_nl</val>
		</str>
		<str name="supLinkURL_EXCEPTION_INTERNAL_SERVER_ERROR" translate="yes">
			<val>http://www.adobe.com/go/support_nl</val>
		</str>
		<str name="supLinkURL_EXCEPTION_SYSTEM_UNAVAILABLE_time" translate="yes">
			<val>http://www.adobe.com/go/support_nl</val>
		</str>
		<str name="supLinkURL_EXCEPTION_SYSTEM_UNAVAILABLE" translate="yes">
			<val>http://www.adobe.com/go/support_nl</val>
		</str>
		<str name="supLinkURL_EXCEPTION_COMPANY_CODE_MISMATCH" translate="yes">
			<val>http://www.adobe.com/go/subscription_learnmore_nl</val>
		</str>
		<str name="supLinkURL_EXCEPTION_SUBSCRIPTION_ALREADY_CLAIMED_DIFF_ADOBEID" translate="yes">
			<val>http://www.adobe.com/go/support_nl</val>
		</str>
		<str name="supLinkURL_ERROR_WITH_INFO" translate="yes">
			<val>http://www.adobe.com/go/support_nl</val>
		</str>
		<str name="supLinkURL_GENERIC" translate="yes">
			<val>http://www.adobe.com/go/support_nl</val>
		</str>
		
		
		<str name="supLinkLbl_EXCEPTION_DECODE_FAILED" translate="yes">
			<val>Contact opnemen met de klantenondersteuning</val>
		</str>			
		<str name="supLinkLbl_EXCEPTION_NO_SUCH_USER" translate="yes">
			<val>Contact opnemen met de klantenondersteuning</val>
		</str>		
		<str name="supLinkLbl_EXCEPTION_INVALID_DATA" translate="yes">
			<val>Contact opnemen met de klantenondersteuning</val>
		</str>
		<str name="supLinkLbl_EXCEPTION_SKU_LOOKUP_FAILED" translate="yes">
			<val>Contact opnemen met de klantenondersteuning</val>
		</str>		
		<str name="supLinkLbl_EXCEPTION_AUTHENTICATION_TIMEOUT" translate="yes">
			<val>Contact opnemen met de klantenondersteuning</val>
		</str>
		<str name="supLinkLbl_EXCEPTION_SNSERVER_TIMEOUT" translate="yes">
			<val>Contact opnemen met de klantenondersteuning</val>
		</str>
		<str name="supLinkLbl_EXCEPTION_INTERNAL_TIMEOUT" translate="yes">
			<val>Contact opnemen met de klantenondersteuning</val>
		</str>
		<str name="supLinkLbl_EXCEPTION_INTERNAL_SERVER_ERROR" translate="yes">
			<val>Contact opnemen met de klantenondersteuning</val>
		</str>
		<str name="supLinkLbl_EXCEPTION_SYSTEM_UNAVAILABLE_time" translate="yes">
			<val>Contact opnemen met de klantenondersteuning</val>
		</str>
		<str name="supLinkLbl_EXCEPTION_SYSTEM_UNAVAILABLE" translate="yes">
			<val>Contact opnemen met de klantenondersteuning</val>
		</str>
		<str name="supLinkLbl_EXCEPTION_SUBSCRIPTION_ALREADY_CLAIMED_DIFF_ADOBEID" translate="yes">
			<val>Contact opnemen met de klantenondersteuning</val>
		</str>
		<str name="supLinkLbl_EXCEPTION_COMPANY_CODE_MISMATCH" translate="yes">
			<val>Meer informatie</val>
		</str>
		<str name="supLinkLbl_ERROR_WITH_INFO" translate="yes">
			<val>Contact opnemen met de klantenondersteuning</val>
		</str>
		<str name="supLinkLbl_GENERIC" translate="yes">
			<val>Contact opnemen met de klantenondersteuning</val>
		</str>
		
		
		<str name="code_EXCEPTION_DECODE_FAILED" translate="yes">
			<val>Als u het product start, wordt u gevraagd uw abonnement te starten.</val>
		</str>			
		<str name="code_EXCEPTION_NO_SUCH_USER" translate="yes">
			<val>Als u het product start, wordt u gevraagd uw abonnement te starten.</val>
		</str>		
		<str name="code_EXCEPTION_INVALID_DATA" translate="yes">
			<val>Als u het product start, wordt u gevraagd uw abonnement te starten.</val>
		</str>
		<str name="code_EXCEPTION_SKU_LOOKUP_FAILED" translate="yes">
			<val>Als u het product start, wordt u gevraagd uw abonnement te starten.</val>
		</str>		
		<str name="code_EXCEPTION_AUTHENTICATION_TIMEOUT" translate="yes">
			<val>Wacht even en probeer het opnieuw. Nadat het product is gestart, wordt u ook gevraagd uw abonnement te starten.</val>
		</str>
		<str name="code_EXCEPTION_SNSERVER_TIMEOUT" translate="yes">
			<val>Wacht even en probeer het opnieuw. Nadat het product is gestart, wordt u ook gevraagd uw abonnement te starten.</val>
		</str>
		<str name="code_EXCEPTION_INTERNAL_TIMEOUT" translate="yes">
			<val>Wacht even en probeer het opnieuw. Nadat het product is gestart, wordt u ook gevraagd uw abonnement te starten.</val>
		</str>
		<str name="code_EXCEPTION_INTERNAL_SERVER_ERROR" translate="yes">
			<val>Wacht even en probeer het opnieuw. Nadat het product is gestart, wordt u ook gevraagd uw abonnement te starten.</val>
		</str>
		<str name="code_EXCEPTION_SYSTEM_UNAVAILABLE_time" translate="yes">
			<val>Onze servers zijn momenteel offline voor gepland onderhoud. Onze excuses voor de vertraging. Probeer het opnieuw om {0}. Als u het product start, wordt u gevraagd uw abonnement te starten.</val>
		</str>
		<str name="code_EXCEPTION_SYSTEM_UNAVAILABLE" translate="yes">
			<val>Onze servers zijn momenteel offline voor gepland onderhoud. Onze excuses voor de vertraging. Als u het product start, wordt u gevraagd uw abonnement te starten.</val>
		</str>
		<str name="code_EXCEPTION_COMPANY_CODE_MISMATCH" translate="yes">
			<val>Het land waarin dit product is aangeschaft, komt niet overeen met het land dat is opgegeven in uw Adobe-account. Wanneer u het product start, wordt u gevraagd u aan te melden met een andere Adobe-id.</val>
		</str>
		<str name="code_EXCEPTION_SUBSCRIPTION_ALREADY_CLAIMED_DIFF_ADOBEID" translate="yes">
			<val>Uit onze gegevens blijkt dat dit abonnement momenteel is toegewezen aan een andere Adobe-id. Als u het product start, wordt u gevraagd om u aan te melden met een andere Adobe-id. Als dit probleem zich blijft voordoen, neemt u contact op met de klantenondersteuning.</val>
		</str>
		<str name="code_ESS_TIMEOUT" translate="yes">
			<val>Wacht even en probeer het opnieuw. Nadat het product is gestart, wordt u ook gevraagd uw abonnement te starten.</val>
		</str>
		
		<str name="code_ESS_FAILURE" translate="yes">
			<val>Wacht even en probeer het opnieuw. Nadat het product is gestart, wordt u ook gevraagd uw abonnement te starten.</val>
		</str>
		
		<str name="code_GENERIC" translate="yes">
			<val>Als u het product start, wordt u gevraagd uw abonnement te starten.</val>
		</str>
	</set>
	
	<set name="claimResponse">
		<str name="code_" translate="yes">
			<val></val>
		</str>
		<str name="code_NonSaas_FAILURE" translate="yes">
			<val>Kan uw product nu niet registreren. Probeer het later opnieuw.</val>
		</str>
		<str name="code_EXCEPTION_DECODE_FAILED" translate="yes">
			<val>Ongeldig serienummer. Kan uw abonnement voor CS Live niet starten.</val>
		</str>
		<str name="code_EXCEPTION_NO_SUCH_USER" translate="yes">
			<val>Kan uw abonnement voor Adobe CS Live niet starten. Probeer het later opnieuw.</val>
		</str>
		<str name="code_EXCEPTION_INVALID_DATA" translate="yes">
			<val>Kan uw abonnement voor Adobe CS Live niet starten. Probeer het later opnieuw.</val>
		</str>
		<str name="code_EXCEPTION_WCD_TIMEOUT" translate="yes">
			<val>Kan uw abonnement voor Adobe CS Live niet starten. Probeer het later opnieuw.</val>
		</str>
		<str name="code_EXCEPTION_AUTHENTICATION_TIMEOUT" translate="yes">
			<val>Kan uw abonnement voor Adobe CS Live niet starten. Probeer het later opnieuw.</val>
		</str>
		<str name="code_EXCEPTION_SNSERVER_TIMEOUT" translate="yes">
			<val>Kan uw abonnement voor Adobe CS Live niet starten. Probeer het later opnieuw.</val>
		</str>
		<str name="code_EXCEPTION_WCD_SESSION_TIMEOUT" translate="yes">
			<val>Kan uw abonnement voor Adobe CS Live niet starten. Probeer het later opnieuw.</val>
		</str>
		<str name="code_ESS_TIMEOUT" translate="yes">
			<val>Kan uw abonnement voor Adobe CS Live niet starten. Probeer het later opnieuw.</val>
		</str>
		<str name="code_ESS_FAILURE" translate="yes">
			<val>Kan uw abonnement voor Adobe CS Live niet starten. Probeer het later opnieuw.</val>
		</str>
		<str name="code_EXCEPTION_INTERNAL_TIMEOUT" translate="yes">
			<val>Kan uw abonnement voor Adobe CS Live niet starten. Probeer het later opnieuw.</val>
		</str>
		<str name="code_EXCEPTION_INTERNAL_SERVER_ERROR" translate="yes">
			<val>Kan uw abonnement voor Adobe CS Live niet starten. Probeer het later opnieuw.</val>
		</str>
		<str name="code_EXCEPTION_SUBSCRIPTION_ALREADY_CLAIMED" translate="yes">
			<val>U hebt u al geabonneerd op Adobe CS Live. Meld u aan om de services te gebruiken.</val>
		</str>
		<str name="code_EXCEPTION_CLAIM_ALREADY_PROCESSED" translate="yes">
			<val>Er is al een abonnement voor Adobe CS Live gekoppeld aan dit serienummer. Meld u aan om de services te gebruiken.</val>
		</str>
		<str name="code_EXCEPTION_SYSTEM_UNAVAILABLE_time" translate="yes">
			<val>De registratieserver van Adobe ondergaat op dit moment onderhoud en is waarschijnlijk beschikbaar om {0}. Excuses voor dit ongemak. Probeer het dan opnieuw.</val>
		</str>
		<str name="code_EXCEPTION_SYSTEM_UNAVAILABLE" translate="yes">
			<val>De registratieserver van Adobe ondergaat op dit moment onderhoud. Excuses voor dit ongemak. Probeer het later opnieuw.</val>
		</str>
		<str name="code_EXCEPTION_SYSTEM_UNAVAILABLE_time_saas" translate="yes">
			<val>Adobe CS Live ondergaat op dit moment onderhoud en is waarschijnlijk beschikbaar om {0}. Excuses voor dit ongemak. Probeer het dan opnieuw.</val>
		</str>
		<str name="code_EXCEPTION_SYSTEM_UNAVAILABLE_saas" translate="yes">
			<val>Adobe CS Live ondergaat op dit moment onderhoud. Excuses voor dit ongemak. Probeer het later opnieuw.</val>
		</str>
	</set>	
	
	<set name="alert">
		<str name="alertHeader" translate="yes">
			<val>Adobe Installer</val>
		</str>
		<str name="workflowCloseError" translate="yes">
			<val>Er is een probleem opgetreden met het afsluiten van andere niet-gedistribueerde werkstromen. Sluit deze en klik op Installeren om de installatie opnieuw te starten</val>
		</str>
		<str name="workflowNeedCloseMessage" translate="yes">
			<val>Er zijn andere exemplaren van Adobe Application Manager actief die moeten worden gesloten. Sluit deze exemplaren om door te gaan.</val>
		</str>
		<str name="cancelMsg" translate="yes">
			<val>Weet u zeker dat u wilt annuleren?</val>
		</str>
		<str name="payloadDataError" translate="yes">
			<val>Installer kan niet initialiseren</val>
		</str>
		<str name="payloadMappingError" translate="yes">
			<val>Installer kan niet initialiseren</val>
		</str>
		<str name="driverSystemRequirementError" translate="yes">
			<val>Voldoet niet aan de minimale systeemvereisten voor dit product.</val>
		</str>
		<str name="driverConflictError" translate="yes">
			<val>Deze computer bevat een conflicterende of pre-releaseversie van {0}. Verwijder de conflicterende versie voor u installeert vanaf de huidige media.</val>
		</str>
		<str name="eulaDeclineMsg" translate="yes">
			<val>U moet de Eindgebruikerslicentieovereenkomst van Adobe accepteren om door te gaan. Weet u zeker dat u de overeenkomst wilt weigeren?</val>
		</str>
		<str name="authAdobeID" translate="yes">
			<val>Adobe-id verifiëren...</val>
		</str>
		<str name="sharedComponentMsgInstall" translate="yes">
			<val>Gedeelde onderdelen worden geïnstalleerd. Een ogenblik geduld... Dit kan een aantal minuten duren, afhankelijk van de al geïnstalleerde onderdelen.</val>
		</str>
		<str name="sharedComponentMsgUninstall" translate="yes">
			<val>Gedeelde onderdelen worden verwijderd. Een ogenblik geduld... Dit kan een aantal minuten duren, afhankelijk van de al geïnstalleerde onderdelen.</val>
		</str>
		<str name="diskPrompt" translate="yes">
			<val>Plaats een schijf met de naam {0} in het station {1}</val>
		</str>
		<str name="noDriverError" translate="yes">
			<val>Kan stuurprogrammalading niet vinden</val>
		</str>
		<str name="installerNotApplicable" translate="yes">
			<val>{0} kan alleen worden geïnstalleerd op een 64-bit systeem</val>
		</str>
		<str name="deactivateMessage" translate="yes">
			<val>Deactiveren, een ogenblik geduld...</val>
		</str>
		<str name="deactivateFailMessage" translate="yes">
			<val>Het product kan niet worden gedeactiveerd.</val>
		</str>
		<str name="restartMessage" translate="yes">
			<val>U kunt het beste uw computer opnieuw opstarten.</val>
		</str>
		
		<str name="connecting" translate="yes">
			<val>Verbinding maken...</val>
		</str>
		
	</set>	
	
	
	<set name="isoToLanguage">
		<str name="ar_AE" translate="no"><val>العربية</val></str>
		<str name="en_GB" translate="no"><val>English (International)</val></str> 
		<str name="fr_CA" translate="no"><val>Français canadien</val></str>
		<str name="es_QM" translate="no"><val>Español (Middle East)</val></str>
		<str name="es_LA" translate="no"><val>Español de América Latina</val></str>
		<str name="es_NA" translate="no"><val>Español Norteamericano</val></str>
		<str name="bg_BG" translate="no"><val>Български</val></str>
		<str name="lv_LV" translate="no"><val>Latviešu</val></str>
		<str name="et_EE" translate="no"><val>Eesti</val></str>
		<str name="hr_HR" translate="no"><val>hrvatski</val></str>
		<str name="sl_SI" translate="no"><val>slovenščina</val></str>
		<str name="sk_SK" translate="no"><val>slovenčina</val></str>
		<str name="th_TH" translate="no"><val>ภาษาไทย</val></str> 
		<str name="vi_VN" translate="no"><val>Việt</val></str>
		<str name="en_XC" translate="no"><val>English (Central Europe)</val></str> 
		<str name="en_XM" translate="no"><val>English (Middle East)</val></str>
		<str name="fr_XM" translate="no"><val>Français Oriental Moyen</val></str>
		<str name="sq_AL" translate="no"><val>Shqip</val></str> 
		<str name="ar_SA" translate="no"><val>العربية</val></str>
		<str name="be_BY" translate="no"><val>Беларуская</val></str> 
		<str name="ca_ES" translate="no"><val>Català</val></str> 
		<str name="hi_IN" translate="no"><val>हिन्दी</val></str>
		<str name="is_IS" translate="no"><val>Íslenska</val></str> 
		<str name="lt_LT" translate="no"><val>Lietuvių</val></str>
		<str name="mk_MK" translate="no"><val>македонски</val></str>
		<str name="nn_NO" translate="no"><val>Norsk (Nynorsk)</val></str>
		<str name="pt_PT" translate="no"><val>Português de Portugal</val></str> 
		<str name="sh_YU" translate="no"><val>Srpsko-Hrvatski</val></str> 
		<str name="sr_YU" translate="no"><val>Cрпски</val></str> 
		<str name="kk_KZ" translate="no"><val>Қазақ</val></str>
		<str name="az_AZ" translate="no"><val>Azərbaycan dili</val></str> 
		<str name="es_MX" translate="no"><val>Español (América Latina)</val></str>
		<str name="no_NO" translate="no"><val>Norwegian</val></str> 
		<str name="cs_CZ" translate="no"><val>Česky</val></str>
		<str name="de_DE" translate="no"><val>Deutsch</val></str>
		<str name="el_GR" translate="no"><val>Ελληνικά</val></str>
		<str name="en_US" translate="no"><val>English (North America)</val></str> 
		<str name="es_ES" translate="no"><val>Español</val></str> 
		<str name="fr_FR" translate="no"><val>Français</val></str>
		<str name="he_IL" translate="no"><val>עברית</val></str> 
		<str name="hu_HU" translate="no"><val>Magyar</val></str> 
		<str name="it_IT" translate="no"><val>Italiano</val></str>
		<str name="ja_JP" translate="no"><val>日本語</val></str>
		<str name="ko_KR" translate="no"><val>한국어</val></str>
		<str name="nl_NL" translate="no"><val>Nederlands</val></str>
		<str name="pl_PL" translate="no"><val>Polski</val></str>
		<str name="ro_RO" translate="no"><val>Română</val></str>
		<str name="ru_RU" translate="no"><val>Pусский</val></str>
		<str name="sv_SE" translate="no"><val>Svenska</val></str>
		<str name="tr_TR" translate="no"><val>Türkçe</val></str>
		<str name="uk_UA" translate="no"><val>Українська</val></str>
		<str name="zh_CN" translate="no"><val>简体中文</val></str>
		<str name="zh_TW" translate="no"><val>繁體中文</val></str>
		<str name="da_DK" translate="no"><val>Dansk</val></str>
		<str name="fi_FI" translate="no"><val>Suomi</val></str>
		<str name="nb_NO" translate="no"><val>Norsk (Bokmål)</val></str> 
		<str name="pt_BR" translate="no"><val>Português do Brasil</val></str>
	</set>	
</asf>
