<?xml version='1.0' encoding='utf-8'?>
<!DOCTYPE asf SYSTEM "http://ns.adobe.com/asf/asf_1_0.dtd" >
<asf xmlns="http://ns.adobe.com/asf" locale="nb_NO" version="1.0">
	<set name="install">
		<str name="next" translate="yes">
			<val>NESTE</val>
		</str>
		<str name="back" translate="yes">
			<val>TILBAKE</val>
		</str>
		<str name="exit" translate="yes">
			<val>AVSLUTT</val>
		</str>
		<str name="quit" translate="yes">
			<val>AVSLUTT</val>
		</str>
		<str name="stop" translate="yes">
			<val>STOPP</val>
		</str>
		<str name="continue" translate="yes">
			<val>FORTSETT</val>
		</str>
		<str name="cancel" translate="yes">
			<val>AVBRYT</val>
		</str>
		<str name="tryAgain" translate="yes">
			<val>PRØV PÅ NYTT</val>
		</str>
		<str name="decline" translate="yes">
			<val>AVSLÅ</val>
		</str>
		<str name="accept" translate="yes">
			<val>GODTA</val>
		</str>			
		<str name="create" translate="yes">
			<val>OPPRETT ADOBE-ID</val>
		</str>			
		<str name="info" translate="yes">
			<val>Mer informasjon</val>
		</str>
		<str name="done" translate="yes">
			<val>FULLFØRT</val>
		</str>
		<str name="install" translate="yes">
			<val>INSTALLER</val>
		</str>			
		<str name="uninstall" translate="yes">
			<val>AVINSTALLER</val>
		</str>			
		<str name="btnOK" translate="yes">
			<val>OK</val>
		</str>
		<str name="yes" translate="yes">
			<val>JA</val>
		</str>
		<str name="no" translate="yes">
			<val>NEI</val>
		</str>
		<str name="subscriptionEdition" translate="no">
			<val>Subscription Edition</val>
		</str>
	</set>
	
	<set name="welcome">
		<str name="welcome" translate="yes">
			<val>Velkommen</val>
		</str>
		<str name="product" translate="yes">
			<val>Installasjonsprogram for {0}</val>
		</str>
		<str name="view" translate="yes">
			<val>Vis på:</val>
		</str>
		<str name="license" translate="yes">
			<val>Adobes lisensavtale for programvare</val>
		</str>
		<str name="sure" translate="yes">
			<val>Er du sikker på at du vil avslutte?</val>
		</str>
		<str name="AppTitleInstall" translate="yes">
			<val>Installasjonsprogram for {0}</val>
		</str>
		<str name="AppTitleUninstall" translate="yes">
			<val>Avinstallasjonsprogram for {0}</val>
		</str>
	</set>
	
	<set name="serial">
		<str name="welcome" translate="yes">
			<val>Skriv inn serienummer</val>
		</str>
		<str name="serial" translate="yes">
			<val>Oppgi et serienummer.</val>
		</str>
		<str name="trial" translate="yes">
			<val>Installer dette produktet som en prøveversjon.</val>
		</str>
		<str name="lang" translate="yes">
			<val>Språk:</val>
		</str>
		<str name="license" translate="yes">
			<val>Dette serienummeret brukes for følgende: {0}</val>
		</str>
		<str name="selectLang" translate="yes">
			<val>Velg språk</val>
		</str>
		<str name="locateTT" translate="yes">
			<val>Du finner serienummeret på baksiden av DVD-coveret, på lisenssertifikatet for Adobe Open Options (bare volumkjøp) eller på e-postkvitteringen fra Adobe Store (bare nedlastingskjøp).</val>
		</str>
		<str name="invalid" translate="yes">
			<val>Serienummeret er ikke gyldig for dette produktet.</val>
		</str>
		<str name="also" translate="yes">
			<val>Du vil også kunne angi et serienummer etter installasjonen.</val>
		</str>
		<str name="agree" translate="yes">
			<val>I samsvar med lisensavtalen for programvaren vil det bli gjort forsøk på automatisk aktivering av programvaren via Internett. Se {0}www.adobe.com/activation{1} for mer informasjon.</val>
		</str>
		<str name="agreeLink" translate="yes">
			<val>http://www.adobe.com/go/activation_no</val>
		</str>
		<str name="progressMessage" translate="yes">
			<val>Kontrollerer abonnementsopplysningene dine ...</val>
		</str>
	</set>
	
	<set name="options">
		<str name="title" translate="yes">
			<val>Installasjonsalternativer</val>
		</str>
		<str name="unTitle" translate="yes">
			<val>Avinstallasjonsalternativer</val>
		</str>
		<str name="unInstruct" translate="yes">
			<val>Hvis du velger å avinstallere hele produktet, kan du samtidig deaktivere serienummer.</val>
		</str>
		<str name="total" translate="yes">
			<val>Ledig plass som kreves:</val>
		</str>
		<str name="all" translate="yes">
			<val>Alle komponenter</val>
		</str>
		<str name="loc" translate="yes">
			<val>Plassering:</val>
		</str>
		<str name="deactivate" translate="yes">
			<val>Deaktiver</val>
		</str>
		<str name="deactivateTooltip1" translate="yes">
			<val>Deaktivering gjør det mulig å aktivere Adobe-produktet på en annen datamaskin, forutsatt at du handler i samsvar med lisensavtalen for programvare. Kontroller at du er koblet til Internett før du deaktiverer.</val>
		</str>
		<str name="deactivateTooltip2" translate="yes">
			<val>Du kan ikke deaktivere enkeltkomponenter i et lisensiert Adobe-produkt. Hvis du vil installere og aktivere Adobe-produktet på en annen datamaskin, må du først avinstallere og deaktivere hele produktet på denne datamaskinen.</val>
		</str>
		<str name="remove" translate="yes">
			<val>Fjern innstillinger</val>
		</str>
		<str name="select" translate="yes">
			<val>Klikk et produktnavn for å tilpasse alternativene</val>
		</str>
		<str name="include" translate="yes">
			<val>Inkluderer:</val>
		</str>
		<str name="decimalSeparator" translate="yes">
			<val>,</val>
		</str>
		<str name="commaSeparator" translate="yes">
			<val>.</val>
		</str>
		<str name="browse" translate="yes">
			<val>Bla gjennom etter installasjonsplassering</val>
		</str>
		<str name="reqs" translate="yes">
			 <val>Minimumskravene er ikke oppfylt. {0}Mer Informasjon...{1}</val>
		</str>
		<str name="more" translate="yes">
			<val>Mer</val>
		</str>		
		<str name="morelink" translate="yes">
			<val>http://www.adobe.com/go/cs_systemreqs_no</val>
		</str>
		<str name="infolink" translate="yes">
			<val>http://www.adobe.com/go/cs_shared_components_no</val>
		</str>
		<str name="available" translate="yes">
			<val>tilgjengelig</val>
		</str>
		<str name="recommend" translate="yes">
			<val>Anbefales av:</val>
		</str>	
		<str name="required" translate="yes">
			<val>Kreves av:</val>
		</str>
		<str name="GB" translate="yes">
			<val>GB</val>
		</str>
		<str name="MB" translate="yes">
			<val>MB</val>
		</str>
		<str name="KB" translate="yes">
			<val>kB</val>
		</str>
		<str name="already" translate="yes">
			<val>Allerede installert</val>
		</str>
		
		<str name="again" translate="yes">
			<val>Hvis du velger å installere noen av komponentene nedenfor på nytt, vil de bli installert på gjeldende filplassering.</val>
		</str>		
		<str name="uninstall" translate="yes">
			<val>Avinstaller</val>
		</str>
		<str name="install" translate="yes">
			<val>INSTALLER</val>
		</str>
		<str name="requirementError" translate="yes">
			<val>Minimumskravene er ikke oppfylt.</val>
		</str>
		<str name="conflictError" translate="yes">
			<val>En forhåndsversjon av dette produktet er allerede installert</val>
		</str>
		<str name="upgradedError" translate="yes">
			<val>En nyere versjon av dette produktet er allerede installert</val>
		</str>
		<str name="langNotPresent" translate="yes">
			<val>Ikke tilgjengelig for valgt språk</val>
		</str>
		<str name="dependenciesNotEnabled" translate="yes">
			<val>Nødvendige komponenter er deaktivert</val>
		</str>
		<str name="avail" translate="yes">
			<val>Diskplass:</val>
		</str>
		<str name="drive" translate="yes">
			<val>Stasjon {0}</val>
		</str>
		<str name="sure" translate="yes">
			<val>Er du sikker på at du vil avbryte avinstallasjonen?</val>
		</str>
		<str name="browseErrorCaseSensitive" translate="yes">
			<val>Stasjoner der det skilles mellom store og små bokstaver, støttes ikke.</val>
		</str>
		<str name="browseErrorMappedNetwork" translate="yes">
			<val>Installasjon på tilordnede nettverksstasjoner støttes ikke.</val>
		</str>
		<str name="browseErrorRemovableDrive" translate="yes">
			<val>Installasjon på flyttbare Flash-stasjoner støttes ikke.</val>
		</str>
		<str name="browseErrorTooLong" translate="yes">
			<val>Den valgte installasjonsbanen er for lang.</val>
		</str>
		<str name="browseErrorLockedPath" translate="yes">
			<val>Installasjon på en låst plassering støttes ikke.</val>
		</str>
		<str name="browseErrorGeneric" translate="yes">
			<val>Kan ikke installere på angitt plassering.</val>
		</str>
		<str name="browseErrorRootDrive" translate="yes">
			<val>Installasjon på en rotstasjonsplassering støttes ikke.</val>
		</str>
		<str name="diskSpaceTooltip" translate="yes">
			<val>Det er ikke nok diskplass til å fullføre installasjonen.</val>
		</str>
		<str name="diskSpaceOverlayError" translate="yes">
			<val>Størrelsen på de valgte alternativene overskrider den tilgjengelige plassen på harddisken. Velg en harddisk med nok plass, og kjør installasjonsprogrammet på nytt.</val>
		</str>
		<str name="uninstallSubscriptionMessage" translate="yes">
			<val>Avinstallasjon av programmer endrer ikke abonnementene. Gå til abonnementsbehandling hvis du vil endre abonnementsstatusen. {0}Endre abonnementsstatus{1}.</val>
		</str>
		<str name="uninstallSubscriptionMessageLink" translate="no">
			<val>http://www.adobe.com/go/subscriptionedition</val>
		</str>
	</set>

	<set name="progress">
		<str name="title" translate="yes">
			<val>Installasjonsfremdrift</val>
		</str>
		<str name="doneErrors" translate="yes">
			<val>Installasjonsstatus</val>
		</str>
		<str name="curr" translate="yes">
			<val>Installerer ...</val>
		</str> 
		<str name="unTitle" translate="yes">
			<val>Fremdrift for avinstallasjon</val>
		</str>
		<str name="unCurr" translate="yes">
			<val>Avinstallerer ...</val>
		</str> 
		<str name="cancelling" translate="yes">
			<val>Avbryter installasjonen...</val>
		</str>
		<str name="removingCache" translate="yes">
			<val>Fjerner hurtigbuffer ...</val>
		</str> 
		<str name="disc" translate="yes">
			<val>CD/DVD</val>
		</str>		
		<str name="preparing" translate="yes"> 
			<val>Forbereder installasjonen...</val>
		</str>
		<str name="preparingun" translate="yes"> 
			<val>Forbereder avinstalleringen...</val>
		</str>
		<str name="calculating" translate="yes"> 
			<val>Samlet tid som gjenstår: Beregner…</val>
		</str>
		<str name="calculatingun" translate="yes"> 
			<val>Tid som gjenstår: Beregner…</val>
		</str>
		<str name="complete" translate="yes"> 
			<val>{0} % fullført</val>
		</str>
		<str name="remainTotal" translate="yes">
			<val>Samlet tid som gjenstår: ca. {0} minutter</val>
		</str>
		<str name="unRemainTotal" translate="yes">
			<val>Tid som gjenstår: ca. {0} minutter</val>
		</str>
		<str name="remainTotalOneMin" translate="yes">
			<val>Samlet tid som gjenstår: ca. {0} minutt</val>
		</str>
		<str name="unRemainTotalOneMin" translate="yes">
			<val>Tid som gjenstår: ca. {0} minutt</val>
		</str>
		<str name="remainMin" translate="yes">
			<val>Samlet tid som gjenstår: mindre enn ett minutt</val>
		</str>
		<str name="unRemainMin" translate="yes">
			<val>Tid som gjenstår: mindre enn ett minutt</val>
		</str>
		<str name="remainDisc" translate="yes">
			<val>Tid til neste CD/DVD: ca. {0} minutter</val>
		</str>				
		<str name="sure" translate="yes">
			<val>Er du sikker på at du vil avbryte installasjonen?</val>
		</str>
		<str name="incorrect" translate="yes">
			<val>Feil CD/DVD satt inn. Prøv på nytt, og klikk Fullført.</val>
		</str>
		<str name="insert" translate="yes">
			<val>Sett inn CD/DVD {0} for å fortsette.</val>
		</str>
		<str name="errorClose" translate="yes">
			<val>Lukk følgende programmer for å fortsette:</val>
		</str>
		<str name="contact" translate="yes">
			<val>Kontakt {0}kundestøtte{1} for å få mer hjelp.</val>
		</str>
		<str name="supportLink" translate="no">
			<val>http://www.adobe.com/go/support_loganalyzer</val>
		</str>
		<str name="errorLater" translate="yes">
			<val>Klikk Fullfør senere for å fullføre installasjonen når du starter maskinen på nytt.</val>
		</str>
		<str name="finishLater" translate="yes">
			<val>Fullfør senere</val>
		</str>
		<str name="cancelMsg" translate="yes">
			<val>Installasjonen ble avbrutt.</val>
		</str>
		<str name="partial" translate="yes">
			<val>Noen av programmene ble installert, mens det oppstod problemer med andre programmer.</val>
		</str>
		<str name="installProblems" translate="yes">
			<val>Det er problemer med installasjonen</val>
		</str>
		<str name="requiredFailWarning" translate="yes">
			<val>Enkelte nødvendige komponenter ble kanskje ikke installert. Dette kan påvirke funksjonaliteten til installerte programmer.</val>
		</str>
		<str name="helpTroubleshoot" translate="yes">
			<val>Se {0}Problemløsing{1} for hjelp med å løse dette problemet</val>
		</str>
		<str name="troubleshootTips" translate="yes">
			<val>Disse tipsene kan løse problemet:</val>
		</str>
		<str name="tipOne" translate="yes">
			<val>1. Start datamaskinen på nytt</val>
		</str>
		<str name="tipTwo" translate="yes">
			<val>2. Avslutt alle programmer, inkludert antivirusprogrammer, brannmurprogrammer og programmer som kjøres ved oppstart</val>
		</str>
		<str name="tipThree" translate="yes">
			<val>3. Start installasjonsprogrammet og installer programmene på nytt</val>
		</str>
		<str name="errorLogText" translate="yes">
			<val>Hvis problemene vedvarer, kan loggfilen nedenfor hjelpe deg med å identifisere problemet.</val>
		</str>
		<str name="customerSupport" translate="yes">
			<val>Kontakt {0}kundestøtte{1} og oppgi denne informasjonen.</val>
		</str>
		
		<str name="completely" translate="yes">
			<val>Disse programmene er klare til bruk:</val>
		</str>
		<str name="incomplete" translate="yes">
			<val>Disse programmene må installeres på nytt.</val>
		</str>
		<str name="installed" translate="yes">
			<val>Installert:</val>
		</str>
		<str name="notInstalled" translate="yes">
			<val>Ikke installert:</val>
		</str>
		<str name="haserrors" translate="yes">
			<val>Det har oppstått feil under installasjonen.</val>
		</str>
		<str name="restart" translate="yes">
			<val>Prøv å starte maskinen på nytt og installere en gang til.</val>
		</str>
		<str name="timeRemaining" translate="yes">
			<val>Tid som gjenstår</val>
		</str>
		<str name="unDoneTitle" translate="yes">
			<val>Avinstallasjonsstatus</val>
		</str>
		<str name="unDoneWarning" translate="yes">
			<val>Noen av programmene ble avinstallert, mens det oppstod problemer med andre programmer.</val>
		</str>
		<str name="unComplete" translate="yes">
			<val>Disse programmene er avinstallert:</val>
		</str>
		<str name="unIncomplete" translate="yes">
			<val>Disse programmene ble ikke avinstallert:</val>
		</str>
		<str name="unInstruct" translate="yes">
			<val>Prøv å starte datamaskinen på nytt og avinstallere en gang til. Hvis dette ikke løser problemet, laster du ned og kjører {0}Adobe Creative Suite Cleaner Tool{1}.</val>
		</str>
		<str name="unPointWarning" translate="yes">
			<val>Det har oppstått feil under avinstallasjonen.</val>
		</str>		
		<str name="cleanScriptLink" translate="no">
			<val>http://www.adobe.com/go/cscleanertool</val>
		</str>
		<str name="deactivateWarning" translate="yes">
			<val>For å deaktivere må du koble til Internett. Ellers fjerner du avmerkingen for Deaktiver i forrige skjermbilde.</val>
		</str>
		<str name="deactivateFailureWarning" translate="yes">
			<val>Deaktiveringen ble ikke fullført. Du kan fortsette å avinstallere produktet, men du kan kanskje ikke aktivere det på en annen datamaskin med mindre du fullfører deaktiveringen.</val>
		</str>		
	</set>	 

	<set name="thanks">
		<str name="title" translate="yes">
			<val>Takk!</val>
		</str>
		<str name="titleInsStatus" translate="yes">
			<val>Installasjonsstatus</val>
		</str>
		
		<str name="subtitle" translate="yes">
			<val>Installasjonen er fullført. Gå videre for å få mest mulig ut av programvaren.</val>
		</str>
		<str name="subtitle1" translate="yes">
			<val>Installasjonen er fullført.</val>
		</str>
		<str name="subtitle2" translate="yes">
			<val>Gå videre for å få mest mulig ut av programvaren.</val>
		</str>
		<str name="subtitleSubsClaimFail" translate="yes">
			<val>Vi kan ikke starte abonnementet på {0}</val>
		</str>
	
		
		<str name="unSubtitle" translate="yes">
			<val>Følgende programmer er avinstallert:</val>
		</str>

		<str name="unSubtitleNoProductList" translate="yes">
			<val>Avinstallasjonen er fullført.</val>
		</str>

		<str name="appsInstalledHeading" translate="yes">
			<val>Følgende produkter ble installert</val>
		</str>
		<str name="appInstalledHeading" translate="yes">
			<val>Følgende produkt ble installert</val>
		</str>

		<str name="services" translate="yes">
			<val>Komme i gang: Adobe-produkter og -tjenester</val>
		</str>
		<str name="noservices" translate="yes">
			<val>Komme i gang: Adobe-produkter</val>
		</str>
		<str name="successWithServices" translate="yes">
			<val>Vi har brukt Adobe-ID-en din til å registrere programvaren og angi tilgang til Adobe CS Live-tjenestene.</val>
		</str>
		<str name="successWithoutServices" translate="yes">
			<val>Når du har oppgitt en Adobe-ID, har du også registrert programvaren.</val>
		</str>
		<str name="emailVerify" translate="yes">
			<val>Bekreftelse via e-post kreves for å begynne å bruke Adobe CS Live-tjenestene. Se e-postinnboksen.</val>
		</str>
		<str name="skippedWithServices" translate="yes">
			<val>Du må ha en Adobe-ID for å kunne registrere programvaren og få tilgang til Adobe CS Live-tjenestene. Du vil få en påminnelse om å oppgi en Adobe-ID når du bruker programvaren.</val>
		</str>
		<str name="skippedWithoutServices" translate="yes">
			<val>Du må ha en Adobe-ID for å kunne registrere programvaren. Du vil få en påminnelse om å oppgi en Adobe-ID når du bruker programvaren.</val>
		</str>
		<str name="trialAdobeIDtext" translate="yes">
			<val>Du må ha en Adobe-ID for å kunne bruke denne programvaren som en prøveversjon. Når du har startet prøveversjonen for første gang, må du angi en Adobe-ID innen sju dager.</val>
		</str>
		<str name="idinfo" translate="yes">
			<val>Vi har brukt Adobe-ID-en din til å registrere produktet og angi tilgang til Adobe CS Live-tjenestene.</val>
		</str>	
		<str name="id" translate="yes">
			<val>Adobe-ID-en gjør at produktene dine er registrert.</val>
		</str>
		<str name="provided" translate="yes">
			<val>Når du har oppgitt Adobe-ID, har du også registrert produktet.</val>
		</str>
		<str name="idservices" translate="yes">
			<val>Adobe-ID-en gjør at produktene dine er registrert, og sørger for gratisabonnementet på Adobe CS Live-tjenestene.</val>
		</str>
		<str name="idis" translate="yes">
			<val>Adobe-ID-en din er: {0}</val>
		</str>
		<str name="idnew" translate="yes">
			<val>Adobe-ID-en din er: {0}</val>
		</str>
		
		<str name="email" translate="yes">
			<val>En e-postmelding er sendt for å bekrefte denne e-postadressen. E-postadressen må bekreftes før du kan bruke Adobe CS Live Services.</val>
		</str>
		<str name="videos" translate="yes">
			<val>Vis videoopplæring</val>
		</str>
		<str name="explore" translate="yes">
			<val>Utforsk Adobe CS LIVE-tjenester</val>
		</str>
		<str name="videolink" translate="yes">
			<val>http://www.adobe.com/go/adobetv_howto</val>
		</str>		
		<str name="serviceslink" translate="yes">
			<val>http://www.adobe.com/go/cslive_no</val>
		</str>	
	</set> 
	
	
	<set name="upgrade">
		<str name="title" translate="yes">
			<val>Angi serienummer for oppgradering</val>
		</str>
		<str name="instruct1" translate="yes">
			<val>Det angitte serienummeret er gyldig, men det ble ikke funnet et kvalifisert produkt på denne datamaskinen.</val>
		</str>
		<str name="instruct2" translate="yes">
			<val>For å kunne bruke det angitte serienummeret til oppgraderingen, må du eie et av disse kvalifiserte produktene. Velg produktet du eier, og angi serienummeret:</val>
		</str>
		<str name="serial" translate="yes">
			<val>Serienummer for dette produktet:</val>
		</str>
		<str name="trial" translate="yes">
			<val>INSTALLER SOM PRØVEVERSJON</val>
		</str>
		<str name="confirm" translate="yes">
			<val>Dette serienummeret bekrefter {0}.</val>
		</str>
		<str name="second" translate="yes">
			<val>Denne oppgraderingen krever et sekundært kvalifisert produkt. Velg det andre produktet du eier, og angi serienummeret:</val>
		</str>
		<str name="selproduct" translate="yes">
			<val>Velg et produkt</val>
		</str>
		<str name="nogood" translate="yes">
			<val>Dette serienummeret gjelder ikke et kvalifisert produkt. Prøv på nytt.</val>
		</str>
		<str name="account" translate="yes">
			<val>Hvis du har registrert produkter tidligere, kan du gå til {0}kontosiden {1} for å finne de eksisterende serienumrene.</val>
		</str>
		<str name="support" translate="yes">
			<val>Kontakt {0}kundestøtte{1} for å få mer hjelp.</val>
		</str>
		<str name="supportlink" translate="no">
			<val>http://www.adobe.com/go/support_loganalyzer</val>
		</str>
		<str name="accountlink" translate="yes">
			<val>http://www.adobe.com/go/adobemembership_no</val>
		</str>
	</set>
	
	<set name="upcode">
		<str name="header" translate="yes">
			<val>Angi oppgraderingskoden.</val>
		</str>
		<str name="instruct1" translate="yes">
			<val>Videresend følgende kode til tjenesterepresentanten på forespørsel:</val>
		</str>
		<str name="challenge" translate="yes">
			<val>Forespørselskode</val>
		</str>
		<str name="instruct2" translate="yes">
			<val>Angi koden du fikk fra tjenesterepresentanten:</val>
		</str>
		<str name="support" translate="yes">
			<val>Støttekode</val>
		</str>
		<str name="codeError" translate="yes">
			<val>Ugyldig støttekode</val>
		</str>
		
	</set>
	
	<set name="dvanote">
		<str name="header" translate="yes">
			<val>Viktig merknad</val>
		</str>
		<str name="warning32bit" translate="yes">
			<val>Denne datamaskinen kjører et 32-biters operativsystem. Adobe Premiere Pro CS5.5, Adobe Premiere Pro CS5, After Effects CS5.5 og After Effects CS5 kan bare kjøres på et 64-biters operativsystem. For å kunne bruke disse programmene kan du oppgradere systemet ditt eller installere CS4 32-biters versjonene som er inkludert. {0}Lær mer{1} om å finne og installere CS4-versjonene.</val>
		</str>
		<str name="learnMoreLink" translate="yes">
			<val>http://www.adobe.com/go/32bit_installation_no</val>
		</str>
	</set>

	<set name="nav">
		<str name="welcome" translate="yes">
			<val>VELKOMMEN</val>
		</str>
		<str name="serial" translate="yes">
			<val>SERIENUMMER</val>
		</str>
		<str name="id" translate="yes">
			<val>ADOBE-ID</val>
		</str>
		<str name="options" translate="yes">
			<val>ALTERNATIVER</val>
		</str>
		<str name="unoptions" translate="yes">
			<val>ALTERNATIVER</val>
		</str>
		<str name="install" translate="yes">
			<val>INSTALLER</val>
		</str>
		<str name="uninstall" translate="yes">
			<val>AVINSTALLER</val>
		</str>
		<str name="thanks" translate="yes">
			<val>FULLFØR</val>
		</str>
	</set>
	
	
	<set name="systemReq">
		<str name="ram" translate="yes">
			<val>{0} RAM anbefales</val>
		</str>
		<str name="processor" translate="yes">
			<val>{0}-prosessor anbefales</val>
		</str>
		<str name="osWin" translate="yes">
			<val>Windows {0} anbefales</val>
		</str>
		<str name="osMac" translate="yes">
			<val>Mac {0} anbefales</val>
		</str>
		<str name="screen" translate="yes">
			<val>Skjermoppløsningen {0} anbefales</val>
		</str>
	</set>
	
	<set name="installErrorCode">
		<str name="code0" translate="yes">
			<val>Installasjonen er vellykket</val>
		</str>
		<str name="code6" translate="yes">
			<val>Utført med feil</val>
		</str>
		<str name="code7in" translate="yes">
			<val>Installasjonen mislyktes</val>
		</str>
		<str name="code7un" translate="yes">
			<val>Avinstallasjonen mislyktes</val>
		</str>
		<str name="code8" translate="yes">
			<val>Utført. Systemet må startes på nytt for å fullføre arbeidsflyten</val>
		</str>
		<str name="code11" translate="yes">
			<val>En annen forekomst av distribusjonen kjører allerede</val>
		</str>
		<str name="code14" translate="yes">
			<val>Du må ha administratorrettigheter for å installere</val>
		</str>
		<str name="code14un" translate="yes">
			<val>Administratorrettigheter kreves for å avinstallere</val>
		</str>
		<str name="code19" translate="yes">
			<val>Prosesser i konflikt kjører</val>
		</str>
		<str name="code24" translate="yes">
			<val>Installasjon avbrutt</val>
		</str>
		<str name="code15" translate="yes">
			<val>Inkonsekvens i installasjonsdatabasen. Start datamaskinen på nytt og installer en gang til.</val>
		</str>
		<str name="code31" translate="yes">
			<val>Størrelsen på de valgte alternativene overskrider den tilgjengelige plassen på harddisken. Velg en harddisk med nok plass, og kjør installasjonsprogrammet på nytt.</val>
		</str>
		<str name="code9999" translate="yes">
			<val>Det har oppstått en intern feil</val>
		</str>
		<str name="internalError" translate="yes">
			<val>Det oppsto en feil({0}) under installasjonen. Start maskinen på nytt og prøv igjen.</val>
		</str>
		<str name="uninternalError" translate="yes">
			<val>Det oppsto en feil({0}) under avinstalleringen. Start maskinen på nytt og prøv igjen.</val>
		</str>
	</set>
	
	<set name="prescreenResponse">
		<str name="header_NOT_ENABLED" translate="yes">
			<val>Abonnementet på {0} er utløpt</val>
		</str>
		<str name="body_NOT_ENABLED" translate="yes">
			<val>Forny abonnementet, eller velg Tilbake og installer produktet som prøveversjon.</val>
		</str>
		<str name="footerLinkText_NOT_ENABLED" translate="yes">
			<val>Forny abonnementet mitt</val>
		</str>
		<str name="footerLink_NOT_ENABLED" translate="no">
			<val>http://www.adobe.com/go/subscriptionedition</val>
		</str>
		
		<str name="header_OFFLINE" translate="yes">
			<val>Kan ikke koble til Internett</val>
		</str>
		<str name="body_OFFLINE" translate="yes">
			<val>Du må ha en tilkobling til Internett som fungerer, for å kunne bruke dette produktet. Kontroller tilkoblingsinnstillingene, og velg Prøv på nytt. Hvis problemene vedvarer, tar du kontakt med kundestøtte eller klikker Tilbake for å installere produktet som en prøveversjon.</val>
		</str>
		<str name="footerLinkText_OFFLINE" translate="yes">
			<val>Kontakt kundestøtte</val>
		</str>
		<str name="footerLink_OFFLINE" translate="yes">
			<val>http://www.adobe.com/go/support_no</val>
		</str>
		
		<str name="header_GENERIC_ERROR" translate="yes">
			<val>Vi kan ikke starte abonnementet på {0}</val>
		</str>
		<str name="body_GENERIC_ERROR" translate="yes">
			<val>Velg å installere produktet som prøveversjon for å fullføre installasjonen. Når du har installert programvaren og startet programmet, blir du bedt om å starte abonnementet.</val>
		</str>
		<str name="footerLinkText_GENERIC_ERROR" translate="yes">
			<val>Kontakt kundestøtte</val>
		</str>
		<str name="footerLink_GENERIC_ERROR" translate="yes">
			<val>http://www.adobe.com/go/support_no</val>
		</str>
	</set>
	
	<set name="subsClaimResponse">
		<str name="failureStatusHeading" translate="yes">
			<val>Kan ikke starte abonnementet på {0}</val>
		</str>
		<str name="successStatusHeading" translate="yes">
			<val>Komme i gang: Produkter og tjenester fra Adobe</val>
		</str>
		
		<str name="adobeIDInfo" translate="yes">
			<val>Vi har brukt Adobe-ID-en din til å starte abonnementet på {0} og konfigurere tilgang til Adobe CS Live-tjenestene.</val>
		</str>
		
		<str name="idis" translate="yes">
			<val>Adobe-ID-en din er: {0}</val>
		</str>
		<str name="idnew" translate="yes">
			<val>Adobe-ID-en din er: {0}</val>
		</str>
		
		<str name="emailVerify" translate="yes">
			<val>Bekreftelse via e-post kreves for å begynne å bruke Adobe CS Live-tjenestene. Se e-postinnboksen.</val>
		</str>
		

		<str name="supLinkURL_EXCEPTION_DECODE_FAILED" translate="yes">
			<val>http://www.adobe.com/go/support_no</val>
		</str>			
		<str name="supLinkURL_EXCEPTION_NO_SUCH_USER" translate="yes">
			<val>http://www.adobe.com/go/support_no</val>
		</str>		
		<str name="supLinkURL_EXCEPTION_INVALID_DATA" translate="yes">
			<val>http://www.adobe.com/go/support_no</val>
		</str>
		<str name="supLinkURL_EXCEPTION_SKU_LOOKUP_FAILED" translate="yes">
			<val>http://www.adobe.com/go/support_no</val>
		</str>		
		<str name="supLinkURL_EXCEPTION_AUTHENTICATION_TIMEOUT" translate="yes">
			<val>http://www.adobe.com/go/support_no</val>
		</str>
		<str name="supLinkURL_EXCEPTION_SNSERVER_TIMEOUT" translate="yes">
			<val>http://www.adobe.com/go/support_no</val>
		</str>
		<str name="supLinkURL_EXCEPTION_INTERNAL_TIMEOUT" translate="yes">
			<val>http://www.adobe.com/go/support_no</val>
		</str>
		<str name="supLinkURL_EXCEPTION_INTERNAL_SERVER_ERROR" translate="yes">
			<val>http://www.adobe.com/go/support_no</val>
		</str>
		<str name="supLinkURL_EXCEPTION_SYSTEM_UNAVAILABLE_time" translate="yes">
			<val>http://www.adobe.com/go/support_no</val>
		</str>
		<str name="supLinkURL_EXCEPTION_SYSTEM_UNAVAILABLE" translate="yes">
			<val>http://www.adobe.com/go/support_no</val>
		</str>
		<str name="supLinkURL_EXCEPTION_COMPANY_CODE_MISMATCH" translate="yes">
			<val>http://www.adobe.com/go/subscription_learnmore_no</val>
		</str>
		<str name="supLinkURL_EXCEPTION_SUBSCRIPTION_ALREADY_CLAIMED_DIFF_ADOBEID" translate="yes">
			<val>http://www.adobe.com/go/support_no</val>
		</str>
		<str name="supLinkURL_ERROR_WITH_INFO" translate="yes">
			<val>http://www.adobe.com/go/support_no</val>
		</str>
		<str name="supLinkURL_GENERIC" translate="yes">
			<val>http://www.adobe.com/go/support_no</val>
		</str>
		
		
		<str name="supLinkLbl_EXCEPTION_DECODE_FAILED" translate="yes">
			<val>Kontakt kundestøtte</val>
		</str>			
		<str name="supLinkLbl_EXCEPTION_NO_SUCH_USER" translate="yes">
			<val>Kontakt kundestøtte</val>
		</str>		
		<str name="supLinkLbl_EXCEPTION_INVALID_DATA" translate="yes">
			<val>Kontakt kundestøtte</val>
		</str>
		<str name="supLinkLbl_EXCEPTION_SKU_LOOKUP_FAILED" translate="yes">
			<val>Kontakt kundestøtte</val>
		</str>		
		<str name="supLinkLbl_EXCEPTION_AUTHENTICATION_TIMEOUT" translate="yes">
			<val>Kontakt kundestøtte</val>
		</str>
		<str name="supLinkLbl_EXCEPTION_SNSERVER_TIMEOUT" translate="yes">
			<val>Kontakt kundestøtte</val>
		</str>
		<str name="supLinkLbl_EXCEPTION_INTERNAL_TIMEOUT" translate="yes">
			<val>Kontakt kundestøtte</val>
		</str>
		<str name="supLinkLbl_EXCEPTION_INTERNAL_SERVER_ERROR" translate="yes">
			<val>Kontakt kundestøtte</val>
		</str>
		<str name="supLinkLbl_EXCEPTION_SYSTEM_UNAVAILABLE_time" translate="yes">
			<val>Kontakt kundestøtte</val>
		</str>
		<str name="supLinkLbl_EXCEPTION_SYSTEM_UNAVAILABLE" translate="yes">
			<val>Kontakt kundestøtte</val>
		</str>
		<str name="supLinkLbl_EXCEPTION_SUBSCRIPTION_ALREADY_CLAIMED_DIFF_ADOBEID" translate="yes">
			<val>Kontakt kundestøtte</val>
		</str>
		<str name="supLinkLbl_EXCEPTION_COMPANY_CODE_MISMATCH" translate="yes">
			<val>Lær mer</val>
		</str>
		<str name="supLinkLbl_ERROR_WITH_INFO" translate="yes">
			<val>Kontakt kundestøtte</val>
		</str>
		<str name="supLinkLbl_GENERIC" translate="yes">
			<val>Kontakt kundestøtte</val>
		</str>
		
		
		<str name="code_EXCEPTION_DECODE_FAILED" translate="yes">
			<val>Du vil bli bedt om å starte abonnementet når du starter produktet.</val>
		</str>			
		<str name="code_EXCEPTION_NO_SUCH_USER" translate="yes">
			<val>Du vil bli bedt om å starte abonnementet når du starter produktet.</val>
		</str>		
		<str name="code_EXCEPTION_INVALID_DATA" translate="yes">
			<val>Du vil bli bedt om å starte abonnementet når du starter produktet.</val>
		</str>
		<str name="code_EXCEPTION_SKU_LOOKUP_FAILED" translate="yes">
			<val>Du vil bli bedt om å starte abonnementet når du starter produktet.</val>
		</str>		
		<str name="code_EXCEPTION_AUTHENTICATION_TIMEOUT" translate="yes">
			<val>Vent litt og prøv på nytt. Når du har startet produktet, blir du også bedt om å starte abonnementet.</val>
		</str>
		<str name="code_EXCEPTION_SNSERVER_TIMEOUT" translate="yes">
			<val>Vent litt og prøv på nytt. Når du har startet produktet, blir du også bedt om å starte abonnementet.</val>
		</str>
		<str name="code_EXCEPTION_INTERNAL_TIMEOUT" translate="yes">
			<val>Vent litt og prøv på nytt. Når du har startet produktet, blir du også bedt om å starte abonnementet.</val>
		</str>
		<str name="code_EXCEPTION_INTERNAL_SERVER_ERROR" translate="yes">
			<val>Vent litt og prøv på nytt. Når du har startet produktet, blir du også bedt om å starte abonnementet.</val>
		</str>
		<str name="code_EXCEPTION_SYSTEM_UNAVAILABLE_time" translate="yes">
			<val>Serverne våre er for øyeblikket frakoblet på grunn av planlagt vedlikehold. Vi beklager forsinkelsen. Prøv på nytt {0}. Når du har startet produktet, blir du bedt om å starte abonnementet.</val>
		</str>
		<str name="code_EXCEPTION_SYSTEM_UNAVAILABLE" translate="yes">
			<val>Serverne våre er for øyeblikket frakoblet på grunn av planlagt vedlikehold. Vi beklager forsinkelsen. Når du har startet produktet, blir du bedt om å starte abonnementet.</val>
		</str>
		<str name="code_EXCEPTION_COMPANY_CODE_MISMATCH" translate="yes">
			<val>Landet produktet ble kjøpt i, stemmer ikke overens med det registrerte landet på Adobe-kontoen. Du vil bli bedt om å logge på med en annen Adobe-ID når du starter produktet.</val>
		</str>
		<str name="code_EXCEPTION_SUBSCRIPTION_ALREADY_CLAIMED_DIFF_ADOBEID" translate="yes">
			<val>Våre opplysninger tilsier at dette abonnementet er tilordnet en annen Adobe-ID. Du blir bedt om å logge på med en annen Adobe-ID når du starter produktet. Kontakt kundestøtte hvis problemet vedvarer.</val>
		</str>
		<str name="code_ESS_TIMEOUT" translate="yes">
			<val>Vent litt og prøv på nytt. Når du har startet produktet, blir du også bedt om å starte abonnementet.</val>
		</str>
		
		<str name="code_ESS_FAILURE" translate="yes">
			<val>Vent litt og prøv på nytt. Når du har startet produktet, blir du også bedt om å starte abonnementet.</val>
		</str>
		
		<str name="code_GENERIC" translate="yes">
			<val>Du vil bli bedt om å starte abonnementet når du starter produktet.</val>
		</str>
	</set>
	
	<set name="claimResponse">
		<str name="code_" translate="yes">
			<val></val>
		</str>
		<str name="code_NonSaas_FAILURE" translate="yes">
			<val>Kunne ikke registrere produktet nå. Prøv på nytt senere.</val>
		</str>
		<str name="code_EXCEPTION_DECODE_FAILED" translate="yes">
			<val>Ugyldig serienummer. Kunne ikke starte abonnementet på CS Live.</val>
		</str>
		<str name="code_EXCEPTION_NO_SUCH_USER" translate="yes">
			<val>Kunne ikke starte abonnementet på Adobe CS Live. Prøv på nytt senere.</val>
		</str>
		<str name="code_EXCEPTION_INVALID_DATA" translate="yes">
			<val>Kunne ikke starte abonnementet på Adobe CS Live. Prøv på nytt senere.</val>
		</str>
		<str name="code_EXCEPTION_WCD_TIMEOUT" translate="yes">
			<val>Kunne ikke starte abonnementet på Adobe CS Live. Prøv på nytt senere.</val>
		</str>
		<str name="code_EXCEPTION_AUTHENTICATION_TIMEOUT" translate="yes">
			<val>Kunne ikke starte abonnementet på Adobe CS Live. Prøv på nytt senere.</val>
		</str>
		<str name="code_EXCEPTION_SNSERVER_TIMEOUT" translate="yes">
			<val>Kunne ikke starte abonnementet på Adobe CS Live. Prøv på nytt senere.</val>
		</str>
		<str name="code_EXCEPTION_WCD_SESSION_TIMEOUT" translate="yes">
			<val>Kunne ikke starte abonnementet på Adobe CS Live. Prøv på nytt senere.</val>
		</str>
		<str name="code_ESS_TIMEOUT" translate="yes">
			<val>Kunne ikke starte abonnementet på Adobe CS Live. Prøv på nytt senere.</val>
		</str>
		<str name="code_ESS_FAILURE" translate="yes">
			<val>Kunne ikke starte abonnementet på Adobe CS Live. Prøv på nytt senere.</val>
		</str>
		<str name="code_EXCEPTION_INTERNAL_TIMEOUT" translate="yes">
			<val>Kunne ikke starte abonnementet på Adobe CS Live. Prøv på nytt senere.</val>
		</str>
		<str name="code_EXCEPTION_INTERNAL_SERVER_ERROR" translate="yes">
			<val>Kunne ikke starte abonnementet på Adobe CS Live. Prøv på nytt senere.</val>
		</str>
		<str name="code_EXCEPTION_SUBSCRIPTION_ALREADY_CLAIMED" translate="yes">
			<val>Du har allerede registrert deg for Adobe CS Live. Logg på for å bruke tjenestene.</val>
		</str>
		<str name="code_EXCEPTION_CLAIM_ALREADY_PROCESSED" translate="yes">
			<val>Dette serienummeret har allerede et abonnement knyttet til Adobe CS Live. Logg på for å bruke tjenestene.</val>
		</str>
		<str name="code_EXCEPTION_SYSTEM_UNAVAILABLE_time" translate="yes">
			<val>Serveren for Adobe-registrering vedlikeholdes og forventes å være tilgjengelig kl. {0}. Vi beklager de problemene dette medfører. Prøv på nytt da.</val>
		</str>
		<str name="code_EXCEPTION_SYSTEM_UNAVAILABLE" translate="yes">
			<val>Serveren for Adobe-registrering vedlikeholdes. Vi beklager de problemene dette medfører. Prøv på nytt senere.</val>
		</str>
		<str name="code_EXCEPTION_SYSTEM_UNAVAILABLE_time_saas" translate="yes">
			<val>Adobe CS Live vedlikeholdes og forventes å være tilgjengelig kl. {0}. Vi beklager de problemene dette medfører. Prøv på nytt da.</val>
		</str>
		<str name="code_EXCEPTION_SYSTEM_UNAVAILABLE_saas" translate="yes">
			<val>Adobe CS Live vedlikeholdes. Vi beklager de problemene dette medfører. Prøv på nytt senere.</val>
		</str>
	</set>	
	
	<set name="alert">
		<str name="alertHeader" translate="yes">
			<val>Adobe-installasjonsprogram</val>
		</str>
		<str name="workflowCloseError" translate="yes">
			<val>Det oppstod et problem under lukking av arbeidsflyter som ikke har med distribusjon å gjøre. Lukk dem, og klikk på Installer for å starte installasjonen på nytt.</val>
		</str>
		<str name="workflowNeedCloseMessage" translate="yes">
			<val>Andre forekomster av Adobe Application Manager kjører. For å kunne fortsette må du lukke disse forekomstene.</val>
		</str>
		<str name="cancelMsg" translate="yes">
			<val>Vil du virkelig avbryte?</val>
		</str>
		<str name="payloadDataError" translate="yes">
			<val>Kan ikke starte installasjonsprogrammet</val>
		</str>
		<str name="payloadMappingError" translate="yes">
			<val>Kan ikke starte installasjonsprogrammet</val>
		</str>
		<str name="driverSystemRequirementError" translate="yes">
			<val>Minimumskravene er ikke oppfylt for produktet.</val>
		</str>
		<str name="driverConflictError" translate="yes">
			<val>På denne datamaskinen finnes det allerede en forhåndsutgitt versjon av {0} eller en versjon som kommer i konflikt med den nye versjonen. Denne må fjernes før du installerer den nye versjonen.</val>
		</str>
		<str name="eulaDeclineMsg" translate="yes">
			<val>Du må godta Adobes lisensavtale for sluttbrukere for å fortsette. Er du sikker på at du vil avslå?</val>
		</str>
		<str name="authAdobeID" translate="yes">
			<val>Godkjenner Adobe-ID ...</val>
		</str>
		<str name="sharedComponentMsgInstall" translate="yes">
			<val>Installerer delte komponenter. Vent litt... Det kan ta noen minutter basert på tidligere installerte komponenter.</val>
		</str>
		<str name="sharedComponentMsgUninstall" translate="yes">
			<val>Avinstallerer delte komponenter. Vent litt... Det kan ta noen minutter basert på tidligere installerte komponenter.</val>
		</str>
		<str name="diskPrompt" translate="yes">
			<val>Sett inn disken med navnet {0} i stasjon {1}</val>
		</str>
		<str name="noDriverError" translate="yes">
			<val>Finner ikke driverdata</val>
		</str>
		<str name="installerNotApplicable" translate="yes">
			<val>{0} kan bare installeres på et 64-biters system</val>
		</str>
		<str name="deactivateMessage" translate="yes">
			<val>Deaktiverer. Vent litt ...</val>
		</str>
		<str name="deactivateFailMessage" translate="yes">
			<val>Produktet kan ikke deaktiveres.</val>
		</str>
		<str name="restartMessage" translate="yes">
			<val>Det anbefales at du starter datamaskinen på nytt.</val>
		</str>
		
		<str name="connecting" translate="yes">
			<val>Kobler til ...</val>
		</str>
		
	</set>	
	
	
	<set name="isoToLanguage">
		<str name="ar_AE" translate="no"><val>العربية</val></str>
		<str name="en_GB" translate="no"><val>English (International)</val></str> 
		<str name="fr_CA" translate="no"><val>Français canadien</val></str>
		<str name="es_QM" translate="no"><val>Español (Middle East)</val></str>
		<str name="es_LA" translate="no"><val>Español de América Latina</val></str>
		<str name="es_NA" translate="no"><val>Español Norteamericano</val></str>
		<str name="bg_BG" translate="no"><val>Български</val></str>
		<str name="lv_LV" translate="no"><val>Latviešu</val></str>
		<str name="et_EE" translate="no"><val>Eesti</val></str>
		<str name="hr_HR" translate="no"><val>hrvatski</val></str>
		<str name="sl_SI" translate="no"><val>slovenščina</val></str>
		<str name="sk_SK" translate="no"><val>slovenčina</val></str>
		<str name="th_TH" translate="no"><val>ภาษาไทย</val></str> 
		<str name="vi_VN" translate="no"><val>Việt</val></str>
		<str name="en_XC" translate="no"><val>English (Central Europe)</val></str> 
		<str name="en_XM" translate="no"><val>English (Middle East)</val></str>
		<str name="fr_XM" translate="no"><val>Français Oriental Moyen</val></str>
		<str name="sq_AL" translate="no"><val>Shqip</val></str> 
		<str name="ar_SA" translate="no"><val>العربية</val></str>
		<str name="be_BY" translate="no"><val>Беларуская</val></str> 
		<str name="ca_ES" translate="no"><val>Català</val></str> 
		<str name="hi_IN" translate="no"><val>हिन्दी</val></str>
		<str name="is_IS" translate="no"><val>Íslenska</val></str> 
		<str name="lt_LT" translate="no"><val>Lietuvių</val></str>
		<str name="mk_MK" translate="no"><val>македонски</val></str>
		<str name="nn_NO" translate="no"><val>Norsk (Nynorsk)</val></str>
		<str name="pt_PT" translate="no"><val>Português de Portugal</val></str> 
		<str name="sh_YU" translate="no"><val>Srpsko-Hrvatski</val></str> 
		<str name="sr_YU" translate="no"><val>Cрпски</val></str> 
		<str name="kk_KZ" translate="no"><val>Қазақ</val></str>
		<str name="az_AZ" translate="no"><val>Azərbaycan dili</val></str> 
		<str name="es_MX" translate="no"><val>Español (América Latina)</val></str>
		<str name="no_NO" translate="no"><val>Norwegian</val></str> 
		<str name="cs_CZ" translate="no"><val>Česky</val></str>
		<str name="de_DE" translate="no"><val>Deutsch</val></str>
		<str name="el_GR" translate="no"><val>Ελληνικά</val></str>
		<str name="en_US" translate="no"><val>English (North America)</val></str> 
		<str name="es_ES" translate="no"><val>Español</val></str> 
		<str name="fr_FR" translate="no"><val>Français</val></str>
		<str name="he_IL" translate="no"><val>עברית</val></str> 
		<str name="hu_HU" translate="no"><val>Magyar</val></str> 
		<str name="it_IT" translate="no"><val>Italiano</val></str>
		<str name="ja_JP" translate="no"><val>日本語</val></str>
		<str name="ko_KR" translate="no"><val>한국어</val></str>
		<str name="nl_NL" translate="no"><val>Nederlands</val></str>
		<str name="pl_PL" translate="no"><val>Polski</val></str>
		<str name="ro_RO" translate="no"><val>Română</val></str>
		<str name="ru_RU" translate="no"><val>Pусский</val></str>
		<str name="sv_SE" translate="no"><val>Svenska</val></str>
		<str name="tr_TR" translate="no"><val>Türkçe</val></str>
		<str name="uk_UA" translate="no"><val>Українська</val></str>
		<str name="zh_CN" translate="no"><val>简体中文</val></str>
		<str name="zh_TW" translate="no"><val>繁體中文</val></str>
		<str name="da_DK" translate="no"><val>Dansk</val></str>
		<str name="fi_FI" translate="no"><val>Suomi</val></str>
		<str name="nb_NO" translate="no"><val>Norsk (Bokmål)</val></str> 
		<str name="pt_BR" translate="no"><val>Português do Brasil</val></str>
	</set>	
</asf>
