<?xml version='1.0' encoding='utf-8'?>
<!DOCTYPE asf SYSTEM "http://ns.adobe.com/asf/asf_1_0.dtd" >
<asf xmlns="http://ns.adobe.com/asf" locale="sv_SE" version="1.0">

	<set name="ButtonLabel">
		<str name="Yes" translate="yes">
			<val>Ja</val>
		</str>
		<str name="No" translate="yes">
			<val>Nej</val>
		</str>
		<str name="Accept" translate="yes">
			<val>Acceptera</val>
		</str>
		<str name="Install" translate="yes">
			<val>Installera</val>
		</str>
		<str name="Uninstall" translate="yes">
			<val>Avinstallera</val>
		</str>
		<str name="OK" translate="yes">
			<val>OK</val>
		</str>
		<str name="Continue" translate="yes">
			<val>Fortsätt</val>
		</str>
		<str name="Back" translate="yes">
			<val>Tillbaka</val>
		</str>
		<str name="Cancel" translate="yes">
			<val>Avbryt</val>
		</str>
        <str name="Close" translate="yes">
            <val>Stäng</val>
        </str>
		<str name="Quit" translate="yes">
			<val>Avsluta</val>
		</str>
		<str name="SignIn" translate="yes">
			<val>Logga in</val>
		</str>
		<str name="SignInNow" translate="yes">
			<val>Logga in nu</val>
		</str>
		<str name="SignInLater" translate="yes">
			<val>Logga in senare</val>
		</str>
		<str name="StartAgain" translate="yes">
			<val>Starta igen</val>
		</str>
		<str name="Retry" translate="yes">
			<val>Försök igen</val>
		</str>
		<str name="Verify" translate="yes">
			<val>Bekräfta</val>
		</str>
		<str name="ConnectLater" translate="yes">
			<val>Anslut senare</val>
		</str>
	</set>
	
	<set name="DialogueTitle">
		<str name="Quit" translate="yes">
			<val>Avsluta</val>
		</str>
	</set>

	<set name="Welcome">
		<str name="Title" translate="yes">
			<val>Välkommen</val>
		</str>
		<str name="OptionOne" translate="yes">
			<val>Installera med serienummer</val>
		</str>
		<str name="OptionOneInfo" translate="yes">
			<val>Jag har ett serienummer.</val>
		</str>
		<str name="OptionTwo" translate="yes">
			<val>Starta min prenumeration</val>
		</str>
		<str name="OptionTwoInfo" translate="yes">
			<val>Jag har en prenumeration.</val>
		</str>
		<str name="OptionThree" translate="yes">
			<val>Installera en utvärderingsversion</val>
		</str>
		<str name="OptionThreeInfo" translate="yes">
			<val>Jag vill prova {0} under en begränsad tid.</val>
		</str>
		<set name="MBLS">
			<str name="OptionOne" translate="yes">
				<val>Installera</val>
			</str>
			<str name="OptionOneInfo" translate="yes">
				<val>Jag har köpt</val>
			</str>
			<str name="OptionTwo" translate="yes">
				<val>Testa</val>
			</str>
			<str name="OptionTwoInfo" translate="yes">
				<val>Jag vill prova {0} under en begränsad tid</val>
			</str>
		</set>
	</set>
	
	<set name="EULA">
		<str name="Title" translate="yes">
			<val>Adobes licensavtal för programvara</val>
		</str>
		<str name="Para1" translate="yes">
			<val>Avtalet reglerar din installation och din användning av {0}-produkter, inklusive den här programvaran. Du kan läsa avtalen du hittills godkänt på www.adobe.com/go/myaccount_se.</val>
		</str>
	</set>

	<set name="Register">
		<str name="Title" translate="yes">
			<val>Inloggning krävs</val>
		</str>
		<set name="Trial">
			<str name="FirstTime" translate="yes">
				<val>Logga in med ditt Adobe-id för att starta din utvärderingsversion av {0}.</val>
			</str>
			<str name="Subsequent" translate="yes">
				<val>Din utvärderingsversion registreras nu med ditt Adobe-id: {0}.</val>
			</str>
			<set name="TnC">
				<str name="Title" translate="yes">
					<val>Villkor för utvärderingsprogramvara.</val>
				</str>
				<str name="Paragraph1" translate="yes">
					<val>Vi kan komma att be dig om information så att vi kan anpassa innehållet för dig. Det är valfritt att uppge den här informationen. Du kan inaktivera det anpassade innehållet när som helst genom att gå till Sekretessinställningar på utvärderingsskärmen.</val>
				</str>
				<str name="Paragraph2" translate="yes">
					<val>Om du vill ha information om de data vi samlar in om din användning av produkten och hur Adobe använder dessa data, inklusive hur vi marknadsför dina intressen, kan du klicka {0}här{1} och läsa {2}Adobes integritetspolicy online{3}.</val>
				</str>
			</set>
			<set name="EntitlementInTrial">
				<str name="Title" translate="yes">
					<val>Giltig licens hittades</val>
				</str>
				<str name="Para1" translate="yes">
					<val>Du har valt en testversion, men du har tillgång till den fullständiga versionen av den här programvaran med Adobe-id:t {0}. Dra nytta av den licensierade versionen av programvaran i slutet av den här installationen.</val>
				</str>
				<str name="Para2" translate="yes">
					<val>Tryck på Fortsätt för att installera.</val>
				</str>
				<str name="DiffAdobeID" translate="yes">
					<val>Har du ett annat Adobe-id?</val>
				</str>
			</set>						
		</set>
		<set name="Serial">
			<str name="Paragraph1" translate="yes">
				<val>Ditt serienummer för {0} har verifierats.</val>
			</str>
			<str name="Paragraph2" translate="yes">
				<val>Du måste logga in om du vill installera produkten och registrera den med ditt Adobe-id. Med ditt Adobe-id kan du enkelt komma åt dina serienummer liksom Adobe Creative Cloud och Adobe.com/se-communityn.</val>
			</str>
			<str name="SubsequentParagraph3" translate="yes">
				<val>Du loggas in med Adobe-id: {0}.</val>
			</str>
		</set>
		<set name="MBLS">
			<str name="Paragraph1" translate="yes">
				<val>Du måste logga in med ett Adobe-id för att installera den här produkten. Med ditt Adobe-id kan du även enkelt komma åt Adobes onlinetjänster och Adobe.com-communityn.</val>
			</str>
			<set name="Offline">
				<str name="Title" translate="yes">
					<val>Anslut till Internet och försök igen</val>
				</str>
				<set name="Install">
					<str name="Paragraph1" translate="yes">
						<val>Du måste vara ansluten till Internet för att starta en prenumeration. Om du har en prenumeration ansluter du till Internet och väljer Försök igen.</val>
					</str>
					<str name="Paragraph2" translate="yes">
						<val>Välj Anslut senare om du har ett serienummer och inte kan ansluta till Internet för tillfället. Du måste validera ditt serienummer inom 7 dagar, annars upphör programvaran att fungera. Om din dator inte kan ansluta till Internet kan du få mer information på {0} med en Internetansluten enhet.</val>
					</str>
				</set>
				<set name="Trial">
					<str name="Paragraph1" translate="yes">
						<val>Din dator verkar vara offline, vilket orsakade ett anslutningsfel. En Internetanslutning krävs. Anslut till Internet och försök igen. Kontakta {0}kundsupport{1} om problemet kvarstår.</val>
					</str>
				</set>
			</set>
		</set>
		<str name="NotYou" translate="yes">
			<val>(Är det här inte ditt Adobe-id?)</val>
		</str>
		<set name="Subscription">
			<set name="FirstTime">
				<str name="Paragraph" translate="yes">
					<val>Du loggas in med ditt Adobe-id så att du kommer åt din prenumeration.</val>
				</str>
			</set>
			<set name="Subsequent">
				<str name="Title" translate="yes">
					<val>Bekräfta din prenumeration</val>
				</str>
				<str name="Paragraph" translate="yes">
					<val>Du måste bekräfta din prenumeration med ditt Adobe-id: {0}.</val>
				</str>
				<str name="Paragraph2" translate="yes">
					<val>Vi vill se till att du får alla appar du behöver.</val>
				</str>
			</set>
			<set name="EntitlementCallScrim">
				<str name="WaitAMoment" translate="yes">
					<val>Vänta...</val>
				</str>
			</set>
			
			<set name="OfflineScrim">
				<str name="Title" translate="yes">
					<val>Du måste vara ansluten till Internet för att starta din prenumeration.</val>
				</str>
				<str name="Message" translate="yes">
					<val>Se till att du är ansluten till Internet och klicka på Försök igen. Om problemet kvarstår kan du kontakta Adobes {0}kundtjänst{1}.</val>
				</str>
			</set>
			
			<set name="NoSubscriptionFound">
	        	<str name="Title" translate="yes">
	        		<val>Ingen prenumeration hittades</val>
	        	</str>
	        	<str name="ParagraphOneText" translate="yes">
	        		<val>Det gick inte att hitta någon prenumeration på {0}{1}{2} kopplad till detta Adobe-id. Du kan köpa en {3}ny prenumeration{4} eller klicka på Tillbaka och ange ett annat Adobe-id. Om du har en prenumeration som du inte kommer åt kan du kontakta {5}kundsupport{6}.</val>
	        	</str>
	        	<str name="ParagraphTwoText" translate="yes">
	        		<val>Du kan även välja att installera en utvärderingsversion eller installera med ett giltigt serienummer genom att klicka på {0}Starta igen{1}.</val>	
	        	</str>
	        </set>
		</set>
	</set>
	
	<set name="InstallOptions">
		<str name="Title" translate="yes">
			<val>Alternativ</val>
		</str>
		<str name="SelectAppInfo" translate="yes">
			<val>Klicka på ett produktnamn om du vill anpassa alternativen</val>
		</str>
		<str name="NoComponentInfo" translate="yes">
			<val>Det finns inga komponenter som kan anpassas.</val>
		</str>
		<str name="Components" translate="yes">
			<val>Komponenter i {0}</val>
		</str>
		<str name="TotalInstall" translate="yes">
			<val>Installationen totalt: {0}</val>
		</str>
		<str name="Language" translate="yes">
			<val>Språk:</val>
		</str>
		<str name="Location" translate="yes">
			<val>Plats:</val>
		</str>
		<str name="Available" translate="yes">
			<val>{0} tillgängligt</val>
		</str>
		<str name="SpaceRequired" translate="yes">
			<val>Utrymmeskrav: {0}</val>
		</str>
		<str name="SpaceWarning" translate="yes">
			<val>Utrymmeskrav: {0}, tillgängligt: {1}</val>
		</str>
        <str name="InsufficientDiskSpace" translate="yes">
			<val>Det finns inte tillräckligt med utrymme för att slutföra den här installationen.</val>
        </str>
		<str name="DefaultDriveWarning" translate="yes">
			<val>Vissa filer installeras också på din {0}</val>
		</str>
		
		<set name="PayloadError">
			<str name="TrialInstall" translate="yes">
				<val>Den här produkten installeras i utvärderingsläge.</val>
			</str>
			<str name="LicensedInstall" translate="yes">
				<val>En licensierad version av den här programvaran installeras.</val>
			</str>
			<str name="AlreadyInstalled" translate="yes">
				<val>En tidigare installation av produkten hittades. Den här produkten installeras på den ursprungliga platsen.</val>
			</str>
			<set name="SystemRequirements">
				<set name="OS">
					<str name="Header" translate="yes">
						<val>Lägsta OS-krav uppfylls inte.</val>
					</str>
					<str name="CurrentOS" translate="yes">
						<val>- Nuvarande OS: {0} {1}</val>
					</str>
					<str name="MacRecommended" translate="yes">
						<val>- Mac OS {0} eller senare rekommenderas.</val>
					</str>
					<str name="MacServer" translate="yes">
						<val>- Mac Server rekommenderas.</val>
					</str>
					<str name="WinNotRecommended" translate="yes">
						<val>- {0} rekommenderas inte.</val>
					</str>
					<str name="SPRecommended" translate="yes">
						<val>- Service Pack {0} rekommenderas.</val>
					</str>
					<str name="64BitRecommended" translate="yes">
						<val>- 64-bitars OS rekommenderas.</val>
					</str>
					<str name="32BitRecommended" translate="yes">
						<val>- 32-bitars OS rekommenderas.</val>
					</str>
					<str name="MacRequired" translate="yes">
						<val>- Mac OS {0} eller senare krävs.</val>
					</str>
					<str name="MacServerRequired" translate="yes">
						<val>- Mac Server krävs.</val>
					</str>
					<str name="WinNotRequired" translate="yes">
						<val>- {0} stöds inte.</val>
					</str>
					<str name="SPRequired" translate="yes">
						<val>- Service Pack {0} krävs.</val>
					</str>
					<str name="64BitRequired" translate="yes">
						<val>- 64-bitars operativsystem krävs.</val>
					</str>
					<str name="32BitRequired" translate="yes">
						<val>- 32-bitars operativsystem krävs.</val>
					</str>
				</set>
				<str name="RAM" translate="yes">
					<val>{0} RAM-minne rekommenderas.</val>
				</str>
				<str name="CPU" translate="yes">
					<val>Lägsta CPU-krav uppfylls inte.</val>
				</str>
				<str name="ScreenResolution" translate="yes">
					<val>Upplösningen {0} × {1} eller högre rekommenderas.</val>
				</str>
				<str name="Footer" translate="yes">
					<val>Klicka på varningsikonen om du vill ha mer information.</val>
				</str>
			</set>
			<str name="Conflicting" translate="yes">
				<val>En version som står i konflikt eller en förhandsversion av {0} finns på datorn. Versionen som står i konflikt måste tas bort innan du kan installera från det aktuella mediet.</val>
			</str>
			<str name="AlreadyUpgraded" translate="yes">
				<val>En senare version av den här produkten är redan installerad</val>
			</str>
			<str name="Language" translate="yes">
				<val>Inte tillgänglig på det valda språket</val>
			</str>
			<str name="RequiredDisabled" translate="yes">
				<val>Nödvändiga komponenter är inaktiverade</val>
			</str>
		</set>
		
		<set name="InstallPathError">
			<str name="LongPath" translate="yes">
				<val>Den sökväg som valts för installationen är för lång.</val>
			</str>
			<str name="RootDrive" translate="yes">
				<val>Installation på en rotenhetsplats stöds inte.</val>
			</str>
			<str name="RemovableDrive" translate="yes">
				<val>Installation på en flyttbar flash-enhet stöds inte.</val>
			</str>
			<str name="MappedDrive" translate="yes">
				<val>Installation på en mappad nätverksenhet stöds inte.</val>
			</str>
			<str name="CaseSensitive" translate="yes">
				<val>Installation på skiftlägeskänsliga volymer stöds inte.</val>
			</str>
			<str name="LockedPath" translate="yes">
				<val>Installation på en låst plats stöds inte.</val>
			</str>
			<str name="Generic" translate="yes">
				<val>Det går inte att installera på den valda platsen.</val>
			</str>
		</set>
		
		<set name="WorkflowNeedClose">
			<str name="Title" translate="yes">
				<val>Varning</val>
			</str>
			<str name="Message" translate="yes">
				<val>Andra instanser av Adobe Application Manager körs som måste stängas. Stäng dem om du vill fortsätta.</val>
			</str>
		</set>
	</set>
	
	<set name="UninstallOptions">
		<str name="Title" translate="yes">
			<val>Alternativ för avinstallation</val>
		</str>
		<str name="RemovePreferences" translate="yes">
			<val>Ta bort inställningar</val>
		</str>
		<str name="ToolTipInfo" translate="yes">
			<val>Inaktivera meddelanden, aviseringar, rapportering eller andra inställningar för de valda produkterna.</val>
		</str>
	</set>
	
	<set name="Progress">
		<str name="MinutesRemaining" translate="yes">
			<val>Ungefär {0} minuter återstår</val>
		</str>
		<str name="MinuteRemaining" translate="yes">
			<val>Ungefär {0} minut återstår</val>
		</str>
		<str name="LTMinuteRemaining" translate="yes">
			<val>Mindre än en minut återstår</val>
		</str>
		<str name="PctComplete" translate="yes">
			<val>({0} % klart)</val>
		</str>
		
		<set name="ConflictingProcess">
			<str name="Title" translate="yes">
				<val>Stäng dessa program om du vill fortsätta:</val>
			</str>
			<str name="SubText1" translate="yes">
				<val>(Om det här meddelandet visas även efter att du stängt ett program kan vissa processer för det fortfarande köras i bakgrunden. {0}Läs mer{1} om att avsluta bakgrundsprocesser.)</val>
			</str>
			<str name="BackgroundProcessesLink" translate="yes">
				<val>http://www.adobe.com/go/learn_bgprocesses_se</val>
			</str>
			<str name="SubText2" translate="yes">
				<val>Lista över program som behöver stängas:</val>
			</str>
		</set>
		
		<set name="DiskPrompt">
			<str name="Title" translate="yes">
				<val>Sätt i skivan {0} för att fortsätta.</val>
			</str>
		</set>
		
		<set name="Install">
			<str name="Title" translate="yes">
				<val>Installera</val>
			</str>
			<str name="Preparing" translate="yes">
				<val>Installationen förbereds...</val>
			</str>
			<str name="Currently" translate="yes">
				<val>Installerar {0}</val>
			</str>
			<str name="Confirmation" translate="yes">
				<val>Vill du avbryta installationen?</val>
			</str>
			
			<str name="AdministratorPrivileges" translate="yes">
				<val>Det krävs administratörsbehörighet för att installera. Logga in som administratör.</val>
			</str>
		</set>
		<set name="Uninstall">
			<str name="Title" translate="yes">
				<val>Avinstallera</val>
			</str>
			<str name="Preparing" translate="yes">
				<val>Avinstallationen förbereds...</val>
			</str>
			<str name="Currently" translate="yes">
				<val>Avinstallerar {0}</val>
			</str>
			<str name="Confirmation" translate="yes">
				<val>Vill du avbryta avinstallationen?</val>
			</str>
			
			<str name="AdministratorPrivileges" translate="yes">
				<val>Det krävs administratörsbehörighet för att avinstallera. Logga in som administratör.</val>
			</str>
		</set>
	</set>
	
	<set name="Success">
		<set name="Install">
			<str name="Title" translate="yes">
				<val>Installationen är klar</val>
			</str>
			<str name="MyAdobeLink" translate="yes">
				<val>http://www.adobe.com/go/adobemembership_se</val>
			</str>
			<str name="Link1Text" translate="yes">
				<val>Mitt Adobe</val>
			</str>
			<str name="Link1" translate="yes">
				<val>http://www.adobe.com/go/adobemembership_se</val>
			</str>
			<str name="Link2Text" translate="yes">
				<val>Självstudievideor</val>
			</str>
			<str name="Link2" translate="yes">
				<val>http://www.adobe.com/go/adobetv_howto_se</val>
			</str>
			<str name="AdditionalInfo" translate="yes">
				<val>Om du vill hantera det här programmet eller dina andra äkta Adobe-program går du till {0}.</val>
			</str>
			<str name="BtnLblLaunchNow" translate="yes">
				<val>Starta nu</val>
			</str>
			<str name="BtnLblClose" translate="yes">
				<val>Stäng</val>
			</str>
			<set name="PP">
				<str name="CompletedText" translate="yes">
					<val>{0} har installerats och är klart att använda.</val>
				</str>
				<str name="RestartText" translate="yes">
				<val>Du rekommenderas starta om systemet före användning.</val>
				</str>
			</set>
			<set name="Suite">
				<str name="CompletedText" translate="yes">
					<val>Programmen är klara att använda.</val>
				</str>
				<str name="RestartText" translate="yes">
				<val>För vissa av dessa rekommenderas systemomstart innan de används.</val>
				</str>
			</set>
		</set>
		
		<set name="Uninstall">
			<str name="Title" translate="yes">
				<val>Avinstallationen är klar</val>
			</str>
			<str name="RestartText" translate="yes">
				<val>Starta om datorn.</val>
			</str>
			<set name="PP">
				<str name="CompletedText" translate="yes">
					<val>{0} har avinstallerats.</val>
				</str>
			</set>
			<set name="Suite">
				<str name="CompletedText" translate="yes">
					<val>Följande program har avinstallerats.</val>
				</str>
			</set>
		</set>
	</set>
	
    <set name="DoneWithError">
	    <set name="Install">
	        <str name="Title" translate="yes">
	            <val>Installationen är klar</val>
	        </str>
	        <str name="CompleteText" translate="yes">
	            <val>Installationen är klar och programmen är klara att använda.</val>
	        </str>
	        <str name="IncompleteWarning" translate="yes">
	            <val>Vissa objekt i följande produkt(er) kunde inte installeras.</val>
	        </str>
			<set name="PP">
				<str name="RestartText" translate="yes">
					<val>Du rekommenderas starta om systemet före användning.</val>
				</str>
			</set>
			<set name="Suite">
				<str name="RestartText" translate="yes">
					<val>För vissa av dessa rekommenderas systemomstart innan de används.</val>
				</str>
			</set>
			<set name="Cancelled">
		        <str name="Title" translate="yes">
		            <val>Installationen har avbrutits</val>
		        </str>
		        <str name="CompleteText" translate="yes">
	            	<val>Följande program installerades innan du avbröt. Du kan välja att avinstallera dessa program manuellt.</val>
		        </str>
	        </set>
            <str name="DiskSpaceText" translate="yes">
                <val>Otillräckligt diskutrymme. Frigör utrymme och försök sedan installera igen.</val>
            </str>
		</set>
	    <set name="Uninstall">
	        <str name="Title" translate="yes">
	            <val>Avinstallationen är klar</val>
	        </str>
	        <str name="CompleteText" translate="yes">
	            <val>Följande program har avinstallerats</val>
	        </str>
	        <str name="IncompleteWarning" translate="yes">
	            <val>Vissa komponenter kunde inte avinstalleras.</val>
	        </str>
	        <str name="CleanerToolText" translate="yes">
            	<val>Du kan hämta och köra {0}Cleaner Tool{1} och göra en fullständig rensning.</val>
        </str>
	    </set>
    </set>

    <set name="Failure">
	    <set name="Install">
	        <str name="Title" translate="yes">
	            <val>Installationen misslyckades</val>
	        </str>
	        <str name="WarningText" translate="yes">
	            <val>Fel påträffades under installationen.</val>
	        </str>
			<str name="InitializeTroubleshootingTips" translate="yes">
			    <val>Fler felsökningstips:{0}1. Starta om datorn.{0}2. Avsluta alla program inklusive startobjekt, antivirusprogram och brandväggar.{0}3. Starta installationsprogrammet och installera programmen igen.</val>
            </str>
			<str name="TroubleshootingTips" translate="yes">
			    <val>Fler felsökningstips:{0}1. Starta om datorn.{0}2. Avsluta alla program inklusive startobjekt, antivirusprogram och brandväggar.{0}3. Stäng det här fönstret och starta installationsprogrammet för att installera programmen igen.</val>
            </str>
	        
	        <set name="Cancelled">
		        <str name="Title" translate="yes">
		            <val>Installationen har avbrutits</val>
		        </str>
		        <str name="WarningText" translate="yes">
		            <val>Installationen har avbrutits. Försök igen senare.</val>
		        </str>
	        </set>
	        
	        <set name="AGVFailure">
		        <str name="WarningText" translate="yes">
		            <val>Det gick inte att verifiera äkta Adobe-programvara</val>
		        </str>
		        <str name="ParagraphOneText" translate="yes">
					<val>Produkten du försöker installera är inte äkta Adobe-programvara och kan vara falsk. {0}Rapportera piratkopia{1} eller kontakta {2}kundsupport{3} så får du hjälp.</val>
		        </str>
		        <str name="ReportPiracyLink" translate="yes">
		            <val>http://www.adobe.com/go/reportpiracy_se</val>
		        </str>
	        </set>
	        
	        <set name="SyncFail">
	            <str name="WarningText" translate="yes">
	                <val>Det finns inkonsekvenser i installationsprogrammets databas. Starta om datorn och installera igen.</val>
	            </str>
	        </set>
	        
	        <set name="MSIRunning">
	            <str name="ParagraphOneText" translate="yes">
	                <val>Ett annat installationsprogram körs. Det måste stängas innan den här produkten kan installeras. Stäng andra installationsprogram.</val>
	            </str>
	        </set>
	        
	        <set name="DiskSpace">
	            <str name="ParagraphOneText" translate="yes">
	                <val>Otillräckligt diskutrymme. Frigör utrymme och försök sedan installera igen.</val>
	            </str>
	        </set>
	    </set>
	    
	    <set name="Uninstall">
	        <str name="Title" translate="yes">
	            <val>Avinstallationen misslyckades</val>
	        </str>
	        <str name="WarningText" translate="yes">
	            <val>Fel påträffades under avinstallationen.</val>
	        </str>
			<str name="InitializeTroubleshootingTips" translate="yes">
			    <val>Felsökningstips:{0}1. Starta om datorn.{0}2. Avsluta alla program inklusive startobjekt, antivirusprogram och brandväggar.{0}3. Avinstallera igen.</val>
            </str>
	        <str name="TroubleshootingTips" translate="yes">
			    <val>Fler felsökningstips:{0}1. Starta om datorn.{0}2. Avsluta alla program inklusive startobjekt, antivirusprogram och brandväggar.{0}3. Avinstallera igen.</val>
            </str>
            <str name="CleanerToolText" translate="yes">
            	<val>Du kan också hämta och köra {0}Cleaner Tool{1}.</val>
        	</str>
        	<str name="MSIRunning" translate="yes">
	            <val>Ett annat installationsprogram körs. Det måste stängas innan den här produkten kan avinstalleras. Stäng andra installationsprogram.</val>
	        </str> 	        
	    </set>
	    
        <set name="InitializationFailed">
            <str name="Paragraph1" translate="yes">
                <val>Det gick inte att initiera installationsprogrammet. Det kan bero på att en fil saknas.</val>
            </str>
        </set>
        
        <set name="ConflictingPayload">
            <str name="Paragraph1" translate="yes">
                <val>En version som står i konflikt eller en förhandsversion av {0} finns på datorn. Versionen som står i konflikt måste tas bort innan du kan installera från det aktuella mediet.</val>
            </str>
        </set>
        
        <set name="x64BitOn32Bit">
            <str name="Paragraph1" translate="yes">
                <val>Produkten kan bara installeras på ett 64-bitarssystem.</val>
            </str>
        </set>
    </set>
    
	<set name="Common">
		<str name="DefaultProductName" translate="yes">
			<val>Adobe-produkt</val>
		</str>
		<str name="QuitConfirmation" translate="yes">
            <val>Vill du avbryta åtgärden?</val>
        </str>
		
        <str name="ErrorSummaryText" translate="yes">
            <val>Filen med {0}felsammanfattning{1} kan hjälpa dig att identifiera problemet.</val>
        </str>
        <str name="CustomerSupportText" translate="yes">
            <val>Kontakta {0}kundsupport{1} om problemet kvarstår så får du mer hjälp.</val>
        </str>
        <str name="CustomerSupportLink" translate="yes">
            <val>http://www.adobe.com/go/customer_support_se</val>
        </str>
        <str name="NewSubscriptionLink" translate="yes">
        	<val>http://www.adobe.com/go/products_se</val>
        </str>
        <str name="CleanerToolLink" translate="yes">
            <val>http://www.adobe.com/go/cscleanertool_se</val>
        </str>
        
        <str name="SystemRequirementsLink" translate="yes">
            <val>http://www.adobe.com/go/cs_systemreqs_se</val>
        </str>

		<str name="PrivacyPortalLink" translate="yes">
			<val>http://www.adobe.com/go/adobe_privacy_portal_se</val>
		</str>
		
		<str name="PrivacyPolicyLink" translate="yes">
			<val>http://www.adobe.com/go/privacy_se</val>
		</str>
		<str name="GetActivated" translate="yes">
			<val>http://www.adobe.com/go/getactivated_se</val>
		</str>
		<str name="GB" translate="yes">
			<val>GB</val>
		</str>
		<str name="MB" translate="yes">
			<val>MB</val>
		</str>
		<str name="KB" translate="yes">
			<val>kB</val>
		</str>
		<str name="decimalSeparator" translate="yes">
			<val>,</val>
		</str>
		<str name="commaSeparator" translate="yes">
			<val>,</val>
		</str>
	</set>
	
	<set name="OSName">
		<str name="6.2.1" translate="no"><val>Windows Server 2012</val></str>
		<str name="6.2.0" translate="no"><val>Windows 8</val></str>
		<str name="Win8" translate="no"><val>Windows 8</val></str>
		<str name="Win7" translate="no"><val>Windows 7</val></str>
		<str name="Server2008R2" translate="no"><val>Windows Server 2008 R2</val></str>
		<str name="Vista" translate="no"><val>Windows Vista</val></str>
		<str name="Server2008" translate="no"><val>Windows Server 2008</val></str>
		<str name="Server2003" translate="no"><val>Windows Server 2003</val></str>
		<str name="XP" translate="no"><val>Windows XP</val></str>
		<str name="2000" translate="no"><val>Windows 2000</val></str>
		<str name="ME" translate="no"><val>Windows ME</val></str>
		<str name="98" translate="no"><val>Windows 98</val></str>
		<str name="NT4.0" translate="no"><val>Windows NT 4.0</val></str>
		<str name="95" translate="no"><val>Windows 95</val></str>
		<str name="UNKNOWN" translate="no"><val>Windows</val></str>
	</set>
	
	<set name="isoToLanguage">
		<str name="en_US" translate="no"><val>English (North America)</val></str>
		<str name="en_GB" translate="no"><val>English (International)</val></str>
		<str name="en_INT" translate="no"><val>English (International)</val></str>
		<str name="en_AE" translate="no"><val>English يدعم العربية</val></str>
		<str name="en_IL" translate="no"><val>English תומך עברית</val></str>
		<str name="en_XC" translate="no"><val>English (Central Europe)</val></str>
		<str name="en_XM" translate="no"><val>English (Middle East)</val></str>
		
		<str name="fr_FR" translate="no"><val>Français</val></str>
		<str name="fr_CA" translate="no"><val>Français (Canada)</val></str>
		<str name="fr_MA" translate="no"><val>Français (Maroc)</val></str>
		<str name="fr_XM" translate="no"><val>Français (Moyen-Orient)</val></str>
		
		<str name="es_ES" translate="no"><val>Español</val></str>
		<str name="es_MX" translate="no"><val>Español (América Latina)</val></str>
		<str name="es_LA" translate="no"><val>Español de América Latina</val></str>
		<str name="es_NA" translate="no"><val>Español Norteamericano</val></str>
		<str name="es_QM" translate="no"><val>Español (Middle East)</val></str>
		
		<str name="ar_AE" translate="no"><val>العربية</val></str>
		<str name="bg_BG" translate="no"><val>Български</val></str>
		<str name="lv_LV" translate="no"><val>Latviešu</val></str>
		<str name="et_EE" translate="no"><val>Eesti</val></str>
		<str name="hr_HR" translate="no"><val>hrvatski</val></str>
		<str name="sl_SI" translate="no"><val>slovenščina</val></str>
		<str name="sk_SK" translate="no"><val>slovenčina</val></str>
		<str name="th_TH" translate="no"><val>ภาษาไทย</val></str>
		<str name="vi_VN" translate="no"><val>Việt</val></str>
		<str name="sq_AL" translate="no"><val>Shqip</val></str>
		<str name="ar_SA" translate="no"><val>العربية</val></str>
		<str name="be_BY" translate="no"><val>Беларуская</val></str>
		<str name="ca_ES" translate="no"><val>Català</val></str>
		<str name="hi_IN" translate="no"><val>हिन्दी</val></str>
		<str name="is_IS" translate="no"><val>Íslenska</val></str>
		<str name="lt_LT" translate="no"><val>Lietuvių</val></str>
		<str name="mk_MK" translate="no"><val>македонски</val></str>
		<str name="nn_NO" translate="no"><val>Norsk (Nynorsk)</val></str>
		<str name="pt_PT" translate="no"><val>Português de Portugal</val></str>
		<str name="sh_YU" translate="no"><val>Srpsko-Hrvatski</val></str>
		<str name="sr_YU" translate="no"><val>Cрпски</val></str>
		<str name="kk_KZ" translate="no"><val>Қазақ</val></str>
		<str name="az_AZ" translate="no"><val>Azərbaycan dili</val></str>
		<str name="no_NO" translate="no"><val>Norwegian</val></str>
		<str name="cs_CZ" translate="no"><val>česky</val></str>
		<str name="de_DE" translate="no"><val>Deutsch</val></str>
		<str name="el_GR" translate="no"><val>Ελληνικά</val></str>
		<str name="he_IL" translate="no"><val>עברית</val></str>
		<str name="hu_HU" translate="no"><val>magyar</val></str>
		<str name="it_IT" translate="no"><val>Italiano</val></str>
		<str name="ja_JP" translate="no"><val>日本語</val></str>
		<str name="ko_KR" translate="no"><val>한국어</val></str>
		<str name="nl_NL" translate="no"><val>Nederlands</val></str>
		<str name="pl_PL" translate="no"><val>polski</val></str>
		<str name="ro_RO" translate="no"><val>Română</val></str>
		<str name="ru_RU" translate="no"><val>русский</val></str>
		<str name="sv_SE" translate="no"><val>Svenska</val></str>
		<str name="tr_TR" translate="no"><val>Türkçe</val></str>
		<str name="uk_UA" translate="no"><val>українська</val></str>
		<str name="zh_CN" translate="no"><val>简体中文</val></str>
		<str name="zh_TW" translate="no"><val>繁體中文</val></str>
		<str name="da_DK" translate="no"><val>Dansk</val></str>
		<str name="fi_FI" translate="no"><val>suomi</val></str>
		<str name="nb_NO" translate="no"><val>Norsk (Bokmål)</val></str>
		<str name="pt_BR" translate="no"><val>Português do Brasil</val></str>
	</set>

</asf>
