<?xml version='1.0' encoding='utf-8'?>
<!DOCTYPE asf SYSTEM "http://ns.adobe.com/asf/asf_1_0.dtd" >
<asf xmlns="http://ns.adobe.com/asf" locale="ru_RU" version="1.0">
	
	<set name="common">
		<str name="windowTitle" translate="yes">
			<val>Продукт Adobe</val>
		</str>
		<str name="day" translate="yes">
			<val>день</val>
		</str>
		<str name="days" translate="yes">
			<val>дн.</val>
		</str>
	</set>
	
	<set name="eula">
		<str name="eula" translate="yes">
			<val>Лицензионное соглашение по использованию ПО Adobe</val>
		</str>
		<str name="productLineMsg" translate="yes">
			<val>В настоящем соглашении оговорены условия установки и использования продуктов {0}, в том числе данного продукта. Принятое вами соглашение можно просмотреть по адресу {1}.</val>
		</str>
		<str name="eulaOnlineLink" translate="yes">
			<val>www.adobe.com/go/myaccount_ru</val>
		</str>
		<str name="eulaOnlineLinkGoURL" translate="yes">
			<val>http://www.adobe.com/go/adobemembership_ru</val>
		</str>
		<str name="accept" translate="yes">
			<val>Принять</val>
		</str>
		<str name="quit" translate="yes">
			<val>Выйти</val>
		</str>		
	</set>

	<set name="register">
		<set name="trial">
			<set name="online">
				<str name="title" translate="yes">
					<val>Требуется вход</val>
				</str>
				<str name="titleMenuSignIn" translate="yes">
					<val>Вход</val>
				</str>
				<str name="message" translate="yes">
					<val>Войдите со своим Adobe ID.</val>
				</str>
				<str name="message_device" translate="yes">
					<val>Выполните вход, указав свой Adobe ID: {0}.</val>
				</str>
				<str name="notYou" translate="yes">
					<val>(Не ваш Adobe ID?)</val>
				</str>
				<str name="signInNow" translate="yes">
					<val>Войти сейчас</val>
				</str>
				<str name="signIn" translate="yes">
					<val>Войти</val>
				</str>
				<str name="termTitle" translate="yes">
					<val>Условия пользования пробной версией ПО</val>
				</str>
				<str name="termPara1" translate="yes">
					<val>Мы можем попросить вас предоставить дополнительные сведения, чтобы мы могли предоставить вам соответствующее содержимое. Это содержимое можно в любой момент отключить из раздела «Настройки конфиденциальности» в меню управления пробной версией.</val>
				</str>
				<str name="termPara2" translate="yes">
					<val>Чтобы получить дополнительную информацию про собираемые нами данные о том, как вы используете продукт, а также о том, как компания Adobe использует эти данные, включая наши маркетинговые действия в ваших интересах, {0}щелкните здесь{1}, а также см. {2}политику конфиденциальности в Интернете компании Adobe{3}.</val>
				</str>
				<str name="privacyPortalLink" translate="yes">
					<val>http://www.adobe.com/go/adobe_privacy_portal_ru</val>
				</str>
				<str name="privacyPolicyLink" translate="yes">
					<val>http://www.adobe.com/go/privacy_ru</val>
				</str>
			</set>
		</set>
		
		<set name="subscription">
			<str name="title" translate="yes">
				<val>Требуется вход</val>
			</str>
			<str name="titleMenuSignIn" translate="yes">
				<val>Вход</val>
			</str>			
			<str name="message" translate="yes">
				<val>Для использования этого продукта и доступа к своему профилю выполните вход с помощью своего Adobe ID.</val>
			</str>
			<str name="userEmail" translate="yes">
				<val>Вы войдете в систему с Adobe ID: {0}.</val>
			</str>
			<str name="notYou" translate="yes">
				<val>(Не ваш Adobe ID?)</val>
			</str>
			<str name="signInNow" translate="yes">
				<val>Войти сейчас</val>
			</str>
			<str name="signIn" translate="yes">
				<val>Войти</val>
			</str>
			<str name="back" translate="yes">
				<val>Назад</val>
			</str>
			<str name="signInLater" translate="yes">
				<val>Войти позже</val>
			</str>
		</set>
		
		<set name="signInForValidation">
			<str name="title" translate="yes">
				<val>Требуется вход</val>
			</str>	
			<str name="message" translate="yes">
				<val>Для активации программного обеспечения требуется вход в систему с помощью Adobe ID.</val>
			</str>
			<str name="benefit" translate="yes">
				<val>Введите свой Adobe ID для доступа к своему профилю и регистрации продукта.</val>
			</str>
			<str name="userEmail" translate="yes">
				<val>Вы войдете в систему с Adobe ID: {0}.</val>
			</str>
			<str name="notYou" translate="yes">
				<val>(Не ваш Adobe ID?)</val>
			</str>
			<str name="signInNow" translate="yes">
				<val>Войти сейчас</val>
			</str>
			<str name="signIn" translate="yes">
				<val>Войти</val>
			</str>
			<str name="signInLater" translate="yes">
				<val>Войти позже</val>
			</str>	
		</set>
		
		<set name="serial">
			<set name="grace">
				<str name="title" translate="yes">
					<val>Требуется вход</val>
				</str>	
				<str name="titleMenuSignIn" translate="yes">
					<val>Вход</val>
				</str>		
				<str name="message" translate="yes">
					<val>Необходимо выполнить вход со своим Adobe ID и зарегистрировать {0} в течение {1}, в противном случае продукт прекратит работать.</val>
				</str>
				<str name="benefit" translate="yes">
					<val>Введите свой Adobe ID для доступа к своему профилю и регистрации продукта.</val>
				</str>
				<str name="userEmail" translate="yes">
					<val>Вы войдете в систему с Adobe ID: {0}.</val>
				</str>
				<str name="notYou" translate="yes">
					<val>(Не ваш Adobe ID?)</val>
				</str>
				<str name="signInNow" translate="yes">
					<val>Войти сейчас</val>
				</str>
				<str name="signIn" translate="yes">
					<val>Войти</val>
				</str>
				<str name="signInLater" translate="yes">
					<val>Войти позже</val>
				</str>
				<str name="noInternet" translate="yes">
					<val>Не удается подключиться к Интернету?</val>
				</str>
			</set>
			
			<set name="post_grace">
				<str name="title" translate="yes">
					<val>Требуется вход</val>
				</str>	
				<str name="titleMenuSignIn" translate="yes">
					<val>Вход</val>
				</str>	
				<str name="message" translate="yes">
					<val>Необходимо выполнить вход со своим Adobe ID и зарегистрировать {0} до следующего запуска программы.</val>
				</str>
				<str name="benefit" translate="yes">
					<val>Введите свой Adobe ID для доступа к своему профилю и регистрации продукта.</val>
				</str>
				<str name="userEmail" translate="yes">
					<val>Вы войдете в систему с Adobe ID: {0}.</val>
				</str>
				<str name="notYou" translate="yes">
					<val>(Не ваш Adobe ID?)</val>
				</str>
				<str name="signInNow" translate="yes">
					<val>Войти сейчас</val>
				</str>
				<str name="signIn" translate="yes">
					<val>Войти</val>
				</str>
				<str name="signInLater" translate="yes">
					<val>Войти позже</val>
				</str>
			</set>
		
			<set name="post_bonus">
				<str name="title" translate="yes">
					<val>Требуется вход</val>
				</str>	
				<str name="titleMenuSignIn" translate="yes">
					<val>Вход</val>
				</str>		
				<str name="message" translate="yes">
					<val>Использовать {0} можно только после входа в систему с помощью Adobe ID.</val>
				</str>
				<str name="benefit" translate="yes">
					<val>Введите свой Adobe ID для доступа к своему профилю и регистрации продукта.</val>
				</str>
				<str name="userEmail" translate="yes">
					<val>Вы войдете в систему с Adobe ID: {0}.</val>
				</str>
				<str name="notYou" translate="yes">
					<val>(Не ваш Adobe ID?)</val>
				</str>
				<str name="signInNow" translate="yes">
					<val>Войти сейчас</val>
				</str>
				<str name="signIn" translate="yes">
					<val>Войти</val>
				</str>
				<str name="quit" translate="yes">
					<val>Выйти</val>
				</str>
			</set>
		</set>
	
		<set name="exceptionScenarios">
			<set name="retail">
				<str name="title" translate="yes">
					<val>Вход</val>
				</str>	
				<str name="message1" translate="yes">
					<val>Войдите в систему, чтобы зарегистрировать программное обеспечение со своим Adobe ID.</val>
				</str>
				<str name="message2" translate="yes">
					<val>Adobe ID обеспечивает простой доступ к вашей подписке, службе Adobe Creative Cloud и сообществу Adobe.com.</val>
				</str>		
				<str name="userEmail" translate="yes">
					<val>Мы выполним вход и зарегистрируем это программное обеспечение с вашим Adobe ID: {0}.</val>
				</str>
				<str name="notYou" translate="yes">
					<val>(Не ваш Adobe ID?)</val>
				</str>
				<str name="signInNow" translate="yes">
					<val>Войти сейчас</val>
				</str>
				<str name="signIn" translate="yes">
					<val>Войти</val>
				</str>
			</set>		
			<set name="volume">
				<str name="title" translate="yes">
					<val>Вход</val>
				</str>		
				<str name="message" translate="yes">
					<val>Adobe ID обеспечивает простой доступ к вашей подписке, службе Adobe Creative Cloud и сообществу Adobe.com.</val>
				</str>		
				<str name="userEmail" translate="yes">
					<val>Вы войдете в систему с Adobe ID: {0}.</val>
				</str>
				<str name="notYou" translate="yes">
					<val>(Не ваш Adobe ID?)</val>
				</str>
				<str name="signInNow" translate="yes">
					<val>Войти сейчас</val>
				</str>
				<str name="signIn" translate="yes">
					<val>Войти</val>
				</str>
			</set>
		</set>	
	</set>
	
	<set name="trialLaunch">
		<str name="title" translate="yes">
			<val>Демо {0}</val>
		</str>
		
		<set name="start">
			<str name="info" translate="yes">
				<val>Можно опробовать этот продукт в течение {0} дн.</val>
			</str>
			<str name="info_day" translate="yes">
				<val>Можно опробовать этот продукт в течение {0} дн.</val>
			</str>
			<str name="additionalInfo" translate="yes">
				<val>Чтобы продолжить использовать {0} после истечения ознакомительного периода, это программное обеспечение необходимо купить.</val>
			</str>
		</set>
		
		<set name="grace">
			<str name="info" translate="yes">
				<val>Пробный период истекает через {0} дн.</val>
			</str>
			<str name="info_day" translate="yes">
				<val>Пробный период истекает через {0} дн.</val>
			</str>
			<str name="additionalInfo" translate="yes">
				<val>Чтобы продолжить использовать {0} после истечения ознакомительного периода, это программное обеспечение необходимо купить.</val>
			</str>
		</set>
		
		<set name="bonus">
			<str name="info" translate="yes">
				<val>Последний запуск пробной версии</val>
			</str>
			<str name="additionalInfo" translate="yes">
				<val>Пробный период истек, но можно воспользоваться программой {0} еще один раз.</val>
			</str>
			<str name="bonusInfo" translate="yes">
				<val>Чтобы продолжить использовать {0}, это программное обеспечение необходимо купить.</val>
			</str>
		</set>
		
		<set name="expired">
			<str name="info" translate="yes">
				<val>Пробный период истек.</val>
			</str>
			<str name="additionalInfo" translate="yes">
				<val>Чтобы продолжить использовать {0}, это программное обеспечение необходимо купить.</val>
			</str>
		</set>
		
		<str name="daysRemaining" translate="yes">
			<val>Осталось дней</val>
		</str>
		<str name="dayRemaining" translate="yes">
			<val>Осталось дней</val>
		</str>
		<str name="buy" translate="yes">
			<val>Купить сейчас</val>
		</str>
		<str name="buyLink" translate="no">
			<val>http://www.adobe.com/go/buy</val>
		</str>
		<str name="join" translate="yes">
			<val>Вступить сейчас</val>
		</str>
		<str name="joinLink" translate="yes">
			<val>http://www.adobe.com/go/cc_plans_ru</val>
		</str>
		<str name="continue" translate="yes">
			<val>Продолжить проб. период</val>
		</str>
		<str name="startTrial" translate="yes">
			<val>Начать пробный период</val>
		</str>
		<str name="enterSerial" translate="yes">
			<val>Лицензировать это ПО</val>
		</str>		
	</set>
	
	<set name="deactivate">
		<str name="title" translate="yes">
			<val>Выход</val>
		</str>
		<str name="title_Fail" translate="yes">
			<val>Сбой при выходе</val>
		</str>
		<str name="infoSubscription" translate="yes">
			<val>Деактивация программы не вызывает изменения подписки. Чтобы изменить подписку, перейдите в {0}диспетчер подписки{1}.</val>
		</str>
		<str name="infoSubscriptionCCMTeam" translate="yes">
			<val>Деактивация приложения не влияет на подписку.</val>
		</str>
		<str name="adobeIDMessage" translate="yes">
			<val>В настоящее время выполнен вход с вашим {0}.</val>
		</str>
		<str name="message1" translate="yes">
			<val>Выход позволяет активировать продукты Adobe на другом компьютере или устройстве в соответствии с условиями {0}Лицензионного соглашения на программное обеспечение{1}. Перед выходом убедитесь, что установлено подключение к Интернету.</val>
		</str>
		<str name="message2" translate="yes">
			<val>При выходе из системы следующее программное обеспечение на этой машине будет деактивировано, пока вы снова не выполните вход.</val>
		</str>
		<str name="messageSubscription" translate="yes">
			<val>Деактивация позволяет активировать продукты Adobe на другом компьютере при условии, что не нарушается {0}Лицензионное соглашение на использование программного обеспечения{1}. Перед началом деактивации убедитесь, что установлено подключение к Интернету.</val>
		</str>
		<str name="deActivationMsgError" translate="yes">
			<val>Если проблема не решилась, обратитесь в {0}службу технической поддержки клиентов{1}. {2}</val>
		</str>
		<str name="customerSupportLink" translate="yes">
			<val>http://www.adobe.com/go/customer_support_ru</val>
		</str>
		<str name="eula_Link" translate="yes">
			<val>http://www.adobe.com/go/eulas_ru</val>
		</str>
		<str name="failure" translate="yes">
			<val>Не удалось выполнить деактивацию. Повторите попытку.</val>
		</str>
		<str name="deactivate" translate="yes">
			<val>Выйти</val>
		</str>		
		<str name="cancel" translate="yes">
			<val>Отмена</val>
		</str>
		<str name="continue" translate="yes">
			<val>Продолжить</val>
		</str>
		
		<str name="offline" translate="yes">
			<val>Подключитесь к Интернету и повторите попытку</val>
		</str>		
		<str name="offlineMsg" translate="yes">
			<val>Не удалось выйти из системы. Убедитесь, что установлено подключение к Интернету и повторите попытку. Если проблема не будет устранена, обратитесь в {0}службу технической поддержки клиентов{1}.</val>
		</str>	
		<str name="customerSupportLink" translate="yes">
			<val>http://www.adobe.com/go/customer_support_ru</val>
		</str>
	</set>
	
	<set name="trialFailed">
		<str name="title" translate="yes">
			<val>Сбой инициализации пробной версии</val>
		</str>
		<str name="warning" translate="yes">
			<val>Система лицензирования перестала работать</val>
		</str>
		<str name="message" translate="yes">
			<val>Возникла проблема с лицензированием этого продукта. Переустановите продукт и повторите попытку. Если проблема не решится после переустановки, обратитесь за помощью в {0}службу технической поддержки клиентов{1}.</val>
		</str>
		<str name="customerSupportLink" translate="yes">
			<val>http://www.adobe.com/go/customer_support_ru</val>
		</str>
		<str name="close" translate="yes">
			<val>Закрыть</val>
		</str>
		<str name="enterSerial" translate="yes">
			<val>Лицензировать это ПО</val>
		</str>
	</set>
	
	<set name="validateSerial">
		<str name="title" translate="yes">
			<val>Проверка серийного номера</val>
		</str>
		
		<set name="grace">
			<str name="message" translate="yes">
				<val>Подключитесь к Интернету, чтобы проверить серийный номер.</val>
			</str>
		</set>
		<str name="noInternet" translate="yes">
			<val>Не удается подключиться к Интернету?</val>
		</str>
		<str name="validate" translate="yes">
			<val>Проверить</val>
		</str>
		<str name="connectLater" translate="yes">
			<val>Подключиться позже</val>
		</str>
		<str name="quit" translate="yes">
			<val>Выйти</val>
		</str>
	</set>
	
	<set name="offlineScrim">
		<str name="title" translate="yes">
			<val>Подключитесь к Интернету и повторите попытку</val>
		</str>
		<str name="message" translate="yes">
			<val>Компьютер работает автономно. Требуется подключение к Интернету. Подключитесь к Интернету и повторите попытку. Если проблема не решилась, обратитесь в {0}службу технической поддержки клиентов{1}.</val>
		</str>
		<str name="offlineActivationMsg" translate="yes">
			<val>Если на этом компьютере нет доступа к Интернету, см. дополнительную информацию на странице {0} с подключенного к интернету устройства.</val>
		</str>
		<str name="offlineActivationLink" translate="yes">
			<val>http://www.adobe.com/go/getactivated_ru</val>
		</str>
		<str name="customerSupportLink" translate="yes">
			<val>http://www.adobe.com/go/customer_support_ru</val>
		</str>
		<str name="retry" translate="yes">
			<val>Повторить попытку</val>
		</str>
		<str name="connectLater" translate="yes">
			<val>Подключиться позже</val>
		</str>
		<str name="cancel" translate="yes">
			<val>Отмена</val>
		</str>
	</set>
	
	<set name="dspEntitlementOfflineScrim">
		<str name="title" translate="yes">
			<val>Требуется подключение к Интернету для оформления подписки</val>
		</str>
		<str name="message" translate="yes">
			<val>Для оформления подписки необходимо подключение к Интернету. Если у вас уже есть подписка, подключитесь к Интернету и нажмите «Повторить попытку».</val>
		</str>
		<str name="serialInfo" translate="yes">
			<val>Если у вас есть серийный номер, нажмите кнопку «Ввести серийный номер», чтобы продолжить.</val>
		</str>
		<str name="retry" translate="yes">
			<val>Повторить попытку</val>
		</str>
		<str name="enterSerialNumber" translate="yes">
			<val>Ввести серийный номер</val>
		</str>
		<str name="cancel" translate="yes">
			<val>Назад</val>
		</str>
	</set>
	
	<set name="screenLoading">
		<str name="loading" translate="yes">
			<val>Загрузка...</val>
		</str>
		<str name="validatingSerial" translate="yes">
			<val>Выполняется проверка серийного номера. Это может занять несколько секунд...</val>
		</str>
		<str name="checkCall" translate="yes">
			<val>Проверка состояния лицензии в оперативном режиме. Это может занять несколько секунд...</val>
		</str>
		<str name="autoprovisionTrial" translate="yes">
			<val>Проверка лицензии на программное обеспечение...</val>
		</str>
		<str name="activation" translate="yes">
			<val>Проверка лицензии на программное обеспечение. Это может занять несколько секунд...</val>
		</str>
		<str name="dbaLicenseCheck" translate="yes">
			<val>Выполняется проверка лицензии. Это может занять несколько секунд...</val>
		</str>
	</set>
	
	<set name="overActivation">
		<str name="title" translate="yes">
			<val>Серийный номер</val>
		</str>
		<str name="stepMessage" translate="yes">
			<val>Серийный номер {0} уже используется на максимально допустимом числе компьютеров. Чтобы воспользоваться этим продуктом, необходимо деактивировать другой компьютер в течение {1} дней.</val>
		</str>
		<str name="stepMessageOneDay" translate="yes">
			<val>Серийный номер {0} уже используется на максимально допустимом числе компьютеров. Чтобы воспользоваться этим продуктом, необходимо деактивировать другой компьютер в течение 1 дня.</val>
		</str>
		<str name="stepMessageBonusLaunch" translate="yes">
			<val>Серийный номер {0} уже используется на максимально допустимом числе компьютеров. Чтобы снова пользоваться {1} на этом компьютере, необходимо деактивировать другой компьютер или указать другой действительный серийный номер.</val>
		</str>
		<str name="radioButton1" translate="yes">
			<val>Повторить попытку активации. Программное обеспечение уже деактивировано на других моих компьютерах.</val>
		</str>
		<str name="radioButton2" translate="yes">
			<val>Введите другой серийный номер.</val>
		</str>
		<str name="continue" translate="yes">
			<val>Продолжить</val>
		</str>
	</set>
	<set name="overActivationPOSA">
		<str name="title" translate="yes">
			<val>Превышен максимум активаций</val>
		</str>
		<str name="warning" translate="yes">
			<val>Не удалось активировать ПО на данном компьютере или устройстве.</val>
		</str>
		<str name="info" translate="yes">
			<val>Этот Adobe ID {0} уже использовался для входа и активации ПО на двух других компьютерах или устройствах.</val>
		</str>
		<str name="message" translate="yes">
			<val>Повторите попытку в течение {0} дней после деактивации одного из других компьютеров или устройств. </val>
		</str>
		<str name="messageOneDay" translate="yes">
			<val>Повторите попытку в течение одного дня после деактивации одного из других компьютеров или устройств. </val>
		</str>
		<str name="messageBonusLaunch" translate="yes">
			<val>Повторите попытку сразу после деактивации одного из других компьютеров или устройств. </val>
		</str>
		<str name="messageExpired" translate="yes">
			<val>Повторите попытку сразу после деактивации одного из других компьютеров или устройств.</val>
		</str>
		<str name="HaveAnotherAdobeID" translate="yes">
			<val>Есть другой Adobe ID?</val>
		</str>
		<str name="supportMessage" translate="yes">
			<val>Если проблема не решится, свяжитесь со {0}Службой технической поддержки клиентов{1}. </val>
		</str>
		<str name="customerSupportLink" translate="yes">
			<val>http://www.adobe.com/go/customer_support_ru</val>
		</str>
		<str name="retry" translate="yes">
			<val>Повторить попытку</val>
		</str>
		<str name="cancel" translate="yes">
			<val>Отмена</val>
		</str>
		<str name="quit" translate="yes">
			<val>Выйти</val>
		</str>
	</set>
	
	<set name="activationFailure">
		<str name="title" translate="yes">
			<val>Сбой активации</val>
		</str>
		<str name="activationStepError" translate="yes">
			<val>Не удалось активировать {0}.</val>
		</str>
		<str name="activationMsgError" translate="yes">
			<val>Проверьте настройки подключения к Интернету и повторите попытку. Если проблема не будет устранена, обратитесь в {0}службу технической поддержки клиентов{1}. {2}</val>
		</str>
		<str name="customerSupportLink" translate="yes">
			<val>http://www.adobe.com/go/customer_support_ru</val>
		</str>
		<str name="close" translate="yes">
			<val>Закрыть</val>
		</str>
		<str name="retry" translate="yes">
			<val>Повторить попытку</val>
		</str>
	</set>
	<set name="activationRequired">
		<str name="title" translate="yes">
			<val>Требуется активация</val>
		</str>
		<str name="activationMsgOneDay" translate="yes">
			<val>Подключитесь к Интернету. Активация {0} в течение 1 дня обязательна, в противном случае продукт прекратит работать.</val>
		</str>
		<str name="activationMsg" translate="yes">
			<val>Подключитесь к Интернету. Активация {0} в течение {1} дней обязательна, в противном случае продукт прекратит работать.</val>
		</str>
		<str name="activationMsgBonus" translate="yes">
			<val>Подключитесь к Интернету. Активировать {0} необходимо сегодня, в противном случае продукт прекратит работать.</val>
		</str>
		<str name="activateLater" translate="yes">
			<val>Активировать позднее</val>
		</str>
		<str name="retry" translate="yes">
			<val>Активировать сейчас</val>
		</str>
	</set>
	<set name="licenseMismatch">
			<str name="title" translate="yes">
				<val>Несоответствие лицензии</val>
			</str>
			<str name="warning" translate="yes">
				<val>Некоторые функции установленной программы не поддерживаются имеющейся лицензией.</val>
			</str>
			<str name="message" translate="yes">
				<val>Для пользования программой необходимо загрузить и установить бессрочную копию продукта, следуя приведенным ниже инструкциям.</val>
			</str>
			<str name="point1" translate="yes">
				<val>1. Удалите установленный продукт с подпиской.</val>
			</str>
			<str name="point2" translate="yes">
				<val>2. Загрузите продукт {0} с сайта {1}www.adobe.com{2}</val>
			</str>
			<str name="point3" translate="yes">
				<val>3. Установите продукт {0}, загруженный с сайта adobe.com</val>
			</str>
			<str name="ok" translate="yes">
				<val>OK</val>
			</str>
			<str name="adobeLnk" translate="yes">
				<val>http://www.adobe.com/go/downloads_ru</val>
			</str>
		</set>
	
	<set name="confirmationDialog">
		<str name="title" translate="yes">
			<val>Выход</val>
		</str>
		<str name="message" translate="yes">
			<val>Выйти?</val>
		</str>
		<str name="primaryButtonLabel" translate="yes">
			<val>Да</val>
		</str>
		<str name="secondaryButtonLabel" translate="yes">
			<val>Нет</val>
		</str>
	</set>
	
	<set name="inAppTrials">
		<str name="loading" translate="yes">
			<val>Загрузка...</val>
		</str>
		<str name="title" translate="yes">
			<val>Демо {0}</val>
		</str>
		<str name="continue" translate="yes">
			<val>Продолжить проб. период</val>
		</str>
		<str name="startTrial" translate="yes">
			<val>Начать пробный период</val>
		</str>
		<str name="enterSerial" translate="yes">
			<val>Лицензировать это ПО</val>
		</str>
		<str name="privacySettings" translate="yes">
			<val>конфиденциальности</val>
		</str>
		<str name="tutorialsList" translate="yes">
			<val>{0} из {1}</val>
		</str>
		<str name="videoLoadingError" translate="yes">
			<val>Ошибка при загрузке видео.</val>
		</str>
		<str name="tryAgain" translate="yes">
			<val>Повторить попытку</val>
		</str>
		<str name="exitFullScreen" translate="yes">
			<val>Нажмите клавишу Esc, чтобы выйти из полноэкранного режима.</val>
		</str>
		<str name="okay" translate="yes">
			<val>ОК</val>
		</str>
		<str name="cancel" translate="yes">
			<val>Отмена</val>
		</str>
		<str name="privacyText" translate="yes">
			<val>Мы можем попросить вас предоставить дополнительные сведения, например, указать ваш уровень навыков работы с программным обеспечением, чтобы мы могли предоставить вам соответствующее содержимое.</val>
		</str>
		<str name="privacyPolicyText" translate="yes">
			<val>Чтобы получить дополнительную информацию про собираемые нами данные о том, как вы используете продукт, а также о том, как компания Adobe использует эти данные, включая наши маркетинговые действия в ваших интересах, {0}щелкните здесь{1}, а также см. {2}политику конфиденциальности в Интернете компании Adobe{3}</val>
		</str>
		<str name="optInText" translate="yes">
			<val>Отключите отображение настраиваемого содержимого пробной версии. При следующем запуске пробной версии настраиваемое содержимое отображаться не будет.</val>
		</str>
		<str name="privacyPortalLink" translate="yes">
			<val>http://www.adobe.com/go/adobe_privacy_portal_ru</val>
		</str>
		<str name="privacyPolicyLink" translate="yes">
			<val>http://www.adobe.com/go/privacy_ru</val>
		</str>		
		
	</set>
	
	<set name="noInternetConnection">
		<str name="title" translate="yes">
			<val>Нет подключения к Интернету</val>
		</str>
		<str name="para1" translate="yes">
			<val>Нам не удалось обнаружить подключение к Интернету на этом компьютере.</val>
		</str>
		<str name="para2" translate="yes">
			<val>Активация и регистрация являются обязательными, эти действия должны быть выполнены в течение {0} дней. Если этот компьютер можно подключить к Интернету, то на их выполнение уйдет лишь несколько минут.</val>
		</str>
		<str name="para2_day" translate="yes">
			<val>Активация и регистрация являются обязательными, эти действия должны быть выполнены в течение 1 дня. Если этот компьютер можно подключить к Интернету, то на их выполнение уйдет лишь несколько минут.</val>
		</str>
		<str name="para2_end" translate="yes">
			<val>Активация и регистрация являются обязательными действиями. Если на этом компьютере есть доступ к Интернету, то на их выполнение уйдет лишь несколько минут.</val>
		</str>
		<str name="para2_optional" translate="yes">
			<val>Требуется выполнить активацию в течение {0} дн. Если на компьютере есть доступ к Интернету, то на это уйдет лишь несколько минут.</val>
		</str>
		<str name="para2_day_optional" translate="yes">
			<val>Требуется выполнить активацию в течение {1} дня. Если на компьютере есть доступ к Интернету, то на это уйдет лишь несколько минут.</val>
		</str>
		<str name="para2_end_optional" translate="yes">
			<val>Требуется выполнить активацию. Если на компьютере есть доступ к Интернету, то на это уйдет лишь несколько минут.</val>
		</str>
		<str name="para3" translate="yes">
			<val>Если этот компьютер не удается подключить к Интернету, щелкните «Автономная активация». Для выполнения процесса автономной активации вам потребуется устройство, подключенное к Интернету, и серийный номер вашего продукта.</val>
		</str>
		<str name="para3_optional" translate="yes">
			<val>Если этот компьютер невозможно подключить к Интернету, щелкните «Автономная активация». Для выполнения автономной активации потребуется устройство, подключенное к Интернету, и серийный номер продукта.</val>
		</str>
		<str name="hyperlinkText" translate="yes">
			<val>Этот компьютер подключен к Интернету. Я не знаю, в чем заключается проблема.</val>
		</str>
		<str name="hyperlinkTooltipText" translate="yes">
			<val>Обратитесь к своему администратору или позвоните в службу технической поддержки компании Adobe.</val>
		</str>
		<str name="offlineActivate" translate="yes">
			<val>Автономная активация</val>
		</str>
		<str name="back" translate="yes">
			<val>Назад</val>
		</str>
	</set>
	
	<set name="offlineActivation">
		<str name="title" translate="yes">
			<val>Автономная активация</val>
		</str>
		<set name="StepError">
			<str name="requestCodeExpired" translate="yes">
				<val>Срок действия кода запроса {0} истек. Выполните описанные далее шаги, чтобы завершить автономную активацию.</val>
			</str>
			<str name="requestCodeGenError" translate="yes">
				<val>Нам не удалось сформировать код запроса. Повторите попытку позднее.</val>
			</str>
		</set>
		<str name="para1" translate="yes">
			<val>1. Щелкните «Сформировать код запроса». Код уникален для каждого компьютера и действителен на протяжении 72 часов. Если за это время завершить процесс не удастся, затребуйте новый код.</val>
		</str>
		<str name="para2" translate="yes">
			<val>2. С помощью устройства, подключенного к Интернету, перейдите на страницу Adobe.com/go/getactivated_ru.</val>
		</str>
		<str name="para3" translate="yes">
			<val>3. Когда потребуется, введите код, полученный на стадии 1, и свой серийный номер, и будет сформирован код отклика.</val>
		</str>
		<str name="para4" translate="yes">
			<val>4. Введите код отклика на не подключенном к сети компьютере и щелкните кнопку «Активировать».</val>
		</str>
		<str name="para5" translate="yes">
			<val>Чтобы активировать программное обеспечение по сети, щелкните «Назад».</val>
		</str>
		<str name="hyperlinkText" translate="yes">
			<val>Я хочу выполнить активацию быстрее, подключившись к Интернету.</val>
		</str>
		<str name="back" translate="yes">
			<val>Назад</val>
		</str>
		<str name="activateLater" translate="yes">
			<val>Активировать позднее</val>
		</str>
		<str name="quit" translate="yes">
			<val>Выйти</val>
		</str>
		<str name="generateRequestCode" translate="yes">
			<val>Сформировать код запроса</val>
		</str>
		<str name="customerSupportLink" translate="yes">
			<val>http://www.adobe.com/go/customer_support_ru</val>
		</str>
	</set>
	
	<set name="offlineActivationCode">
		<str name="title" translate="yes">
			<val>Автономная активация</val>
		</str>
		<set name="StepError">
			<str name="invalidResponseCode" translate="yes">
				<val>Введен недопустимый код отклика. Введите код еще раз.</val>
			</str>
			<str name="requestCodeExpired" translate="yes">
				<val>Срок действия кода запроса {0} истек. Выполните описанные далее шаги, чтобы завершить автономную активацию.</val>
			</str>
			<str name="verifyError" translate="yes">
				<val>Нам не удалось проверить введенный код отклика. Повторите попытку позднее.</val>
			</str>
		</set>
		<str name="requestCode" translate="yes">
			<val>Код запроса:</val>
		</str>
		<str name="para1" translate="yes">
			<val>У вас есть {0}, чтобы получить код отклика на сайте www.adobe.com/go/getactivated_ru и ввести его.</val>
		</str>
		<str name="responseCode" translate="yes">
			<val>Код отклика:</val>
		</str>
		<str name="hyperlinkText" translate="yes">
			<val>Я хочу выполнить активацию быстрее, подключившись к Интернету.</val>
		</str>
		<str name="back" translate="yes">
			<val>Назад</val>
		</str>
		<str name="activateLater" translate="yes">
			<val>Активировать позднее</val>
		</str>
		<str name="quit" translate="yes">
			<val>Выйти</val>
		</str>
		<str name="activate" translate="yes">
			<val>Активировать</val>
		</str>
		<str name="hour" translate="yes">
			<val>час</val>
		</str>
		<str name="hours" translate="yes">
			<val>час.</val>
		</str>
		<str name="customerSupportLink" translate="yes">
			<val>http://www.adobe.com/go/customer_support_ru</val>
		</str>
	</set>
	
	<set name="offlineActivationComplete">
		<str name="title" translate="yes">
			<val>Автономная активация завершена</val>
		</str>
		<str name="message" translate="yes">
			<val>Приложение {0} успешно активировано и готово к работе.</val>
		</str>
		<str name="close" translate="yes">
			<val>Закрыть</val>
		</str>
		<str name="launch" translate="yes">
			<val>Запустить</val>
		</str>
	</set>
	
	<set name="unableToActivate">
		<str name="title" translate="yes">
			<val>Сбой активации</val>
		</str>
		<str name="warning" translate="yes">
			<val>Не удалось активировать {0}.</val>
		</str>
		<str name="para1" translate="yes">
			<val>Для использования этого продукта необходима активация.</val>
		</str>
		<str name="para2" translate="yes">
			<val>Для активации этого продукта необходимо действующее подключение к Интернету. Проверьте свое подключение и повторите попытку.</val>
		</str>
		<str name="tryAgain" translate="yes">
			<val>Повторить попытку</val>
		</str>
		<str name="close" translate="yes">
			<val>Закрыть</val>
		</str>
		<str name="noInternet" translate="yes">
			<val>Не удается подключиться к Интернету?</val>
		</str>
	</set>
	
	<set name="dspSubscriptionActivated">
		<str name="title" translate="yes">
			<val>Спасибо!</val>
		</str>
		<str name="message" translate="yes">
			<val>Лицензия на {0} будет выдана для {1}. Щелкните «Продолжить».</val>
		</str>
		<str name="continue" translate="yes">
			<val>Продолжить</val>
		</str>
	</set>
	<set name="dspSubscriptionActivatedForTrial">
		<str name="title" translate="yes">
			<val>Спасибо!</val>
		</str>
		<str name="message" translate="yes">
			<val>Поздравляем с приобретением {0} с Adobe ID {1}. Щелкните «Продолжить», чтобы продолжить работу с лицензионной копией программы.</val>
		</str>
		<str name="continue" translate="yes">
			<val>Продолжить</val>
		</str>
	</set>
	
	<set name="dspOverActivation">
		<str name="title" translate="yes">
			<val>Превышен максимум активаций</val>
		</str>
		<str name="warning" translate="yes">
			<val>Не удалось активировать {0}.</val>
		</str>
		<str name="message" translate="yes">
			<val>Подписка на этот продукт с этим Adobe ID уже активна на двух устройствах. Чтобы деактивировать другое устройство и активировать подписку на данном устройстве, нажмите «Продолжить». Чтобы выполнить вход с другим Adobe ID, нажмите «Лицензировать это ПО».</val>
		</str>
		<str name="activationPolicy" translate="yes">
			<val>{0}Политика активации{1}</val>
		</str>
		<str name="activationPolicyLink" translate="yes">
			<val>http://www.adobe.com/go/activation_ru</val>
		</str>
		<str name="licenseThisSoftware" translate="yes">
			<val>Лицензировать это ПО</val>
		</str>
		<str name="continue" translate="yes">
			<val>Продолжить</val>
		</str>
	</set>
	<set name="dspSignInFailedOA">
		<str name="title" translate="yes">
			<val>Сбой при входе в систему</val>
		</str>
		<str name="warning" translate="yes">
			<val>Не удается войти в систему с этого компьютера или устройства.</val>
		</str>
		<str name="message" translate="yes">
			<val>Этот Adobe ID {0} уже использовался для активации программы на двух других компьютерах или устройствах.</val>
		</str>
		<str name="radioButton1" translate="yes">
			<val>Повторить попытку. На одном из устройств выполнен выход из системы.</val>
		</str>
		<str name="radioButton2" translate="yes">
			<val>Выйти из системы на всех остальных компьютерах или устройствах.</val>
		</str>
		<str name="differentAdobeIDLink" translate="yes">
			<val>Есть другой Adobe ID?</val>
		</str>
		<str name="continue" translate="yes">
			<val>Продолжить</val>
		</str>
	</set>
	<set name="subscriptionNotFound">
		<str name="title" translate="yes">
			<val>Подписка не найдена</val>
		</str>
		<str name="message" translate="yes">
			<val>Не удалось найти подписку на {0}, связанную с этим Adobe ID. Вы можете приобрести {1}новую подписку{2}. Если у вас уже есть подписка, но ее не удается использовать, обратитесь в {3}службу технической поддержки клиентов{4}.</val>
		</str>
		<str name="messageTrial" translate="yes">
			<val>Также можно запустить пробную версию этого продукта.</val>
		</str>
		<str name="messageTrialContinue" translate="yes">
			<val>Также можно продолжить использовать пробную версию этого продукта.</val>
		</str>
		<str name="differentAdobeIDLink" translate="yes">
			<val>Есть другой Adobe ID?</val>
		</str>
		<str name="quit" translate="yes">
			<val>Выйти</val>
		</str>
		<str name="startTrial" translate="yes">
			<val>Начать пробный период</val>
		</str>
		<str name="continueTrial" translate="yes">
			<val>Продолжить проб. период</val>
		</str>
		<str name="NewSubscriptionLinkForCC" translate="yes">
        	<val>http://www.adobe.com/go/cc_plans_ru</val>
        </str>
        <str name="NewSubscriptionLinkForNonCC" translate="yes">
        	<val>http://www.adobe.com/go/products_ru</val>
        </str>
		<str name="customerSupportLink" translate="yes">
			<val>http://www.adobe.com/go/customer_support_ru</val>
		</str>
	</set>
	
	<set name="dspAdobeIDMismatch">
		<str name="title" translate="yes">
			<val>Повторите попытку</val>
		</str>
		<str name="titleReactivationWF" translate="yes">
			<val>Сбой при входе в систему</val>
		</str>
		<str name="warning" translate="yes">
			<val>Несовпадение Adobe ID</val>
		</str>
		<str name="warningReactivationWF" translate="yes">
			<val>Не удалось активировать подписку на данном компьютере или устройстве.</val>
		</str>
		<str name="message" translate="yes">
			<val>Вход был выполнен не с тем Adobe ID, который связан с этой подпиской. Выполните вход с Adobe ID, связанным с этой подпиской.</val>
		</str>
		<str name="message1ReactivationWF" translate="yes">
			<val>Введенный Adobe ID не совпадает с Adobe ID, который связан с подпиской на этом компьютере или устройстве.</val>
		</str>
		<str name="message2ReactivationWF" translate="yes">
			<val>Щелкните «Назад» и войдите в систему с Adobe ID, который связан с этой подпиской, или щелкните «Войти позже» и при следующем запуске программы выполните вход с другим Adobe ID.</val>
		</str>
		<str name="back" translate="yes">
			<val>Назад</val>
		</str>
		<str name="quit" translate="yes">
			<val>Выйти</val>
		</str>
		<str name="signInLater" translate="yes">
			<val>Войти позже</val>
		</str>
	</set>
	
	<set name="dspSubscriptionExpired">
		<str name="title" translate="yes">
			<val>Обновите подписку</val>
		</str>
		<str name="message" translate="yes">
			<val>Чтобы обновить подписку на {2} и продолжить пользоваться продуктом, запустите {0}диспетчер подписки{1}. Если вы уже обновили подписку, подождите 15 минут и повторите попытку.</val>
		</str>
		<str name="messageCCMTeamPara1" translate="yes">
			<val>Чтобы обновить подписку и продолжить пользоваться продуктом, обратитесь к своему администратору.</val>
		</str>
		<str name="messageCCMTeamPara2" translate="yes">
			<val>Если вы уже обновили подписку, подождите 15 минут и повторите попытку.</val>
		</str>
		<str name="signedInMessage" translate="yes">
			<val>Вы вошли с Adobe ID {0}.</val>
		</str>
		<str name="subscriptionManagerLinkForCC" translate="yes">
			<val> http://www.adobe.com/go/cc_manage_act_ru</val>
		</str>
		<str name="subscriptionManagerLinkForNonCC" translate="yes">
			<val>http://www.adobe.com/go/subscriptionedition_ru</val>
		</str>
		<str name="tryAgain" translate="yes">
			<val>Повторить попытку</val>
		</str>
		<str name="close" translate="yes">
			<val>Закрыть</val>
		</str>
		<str name="differentAdobeIDLink" translate="yes">
			<val>Есть другой Adobe ID?</val>
		</str>
		<str name="OfflineMessage" translate="yes">
			<val>В данный момент нам не удается подключиться к серверу Adobe. Нажмите {0}здесь{1}, чтобы устранить проблемы с подключением. При повторном возникновении проблемы обратитесь в {2}службу технической поддержки клиентов{3}.</val>
		</str>
	</set>
	<set name="dspSubscriptionExpiredCCT">
		<str name="title" translate="yes">
			<val>Период подписки истек</val>
		</str>
		<str name="message" translate="yes">
			<val>У вас больше нет доступа к {0}. Чтобы продлить подписку и продолжить использовать {1}, обратитесь к своему администратору.</val>
		</str>
		<str name="signedInMessage" translate="yes">
			<val>Вы вошли с Adobe ID {0}.</val>
		</str>
		<str name="info" translate="yes">
			<val>Щелкните для просмотра {0}данных вашей учетной записи{1} или {2}дополнительной информации{3} о планах подписки Adobe.</val>
		</str>
		<str name="accountDetailsLink" translate="yes">
			<val> http://www.adobe.com/go/cc_manage_act_ru</val>
		</str>
		<str name="learnMoreLink" translate="yes">
			<val>http://www.adobe.com/go/cc_plans_ru </val>
		</str>
		<str name="tryAgain" translate="yes">
			<val>Повторить попытку</val>
		</str>
		<str name="close" translate="yes">
			<val>Закрыть</val>
		</str>
		<str name="differentAdobeIDLink" translate="yes">
			<val>Есть другой Adobe ID?</val>
		</str>
		<str name="OfflineMessage" translate="yes">
			<val>В данный момент нам не удается подключиться к серверу Adobe. Нажмите {0}здесь{1}, чтобы устранить проблемы с подключением. При повторном возникновении проблемы обратитесь в {2}службу технической поддержки клиентов{3}.</val>
		</str>
	</set>
	
	<set name="dspCheckGenericError">
		<str name="title" translate="yes">
			<val>Повторите попытку</val>
		</str>
		<str name="warning" translate="yes">
			<val>Невозможно запустить подписку на {0}.</val>
		</str>
		<str name="message" translate="yes">
			<val>Подождите несколько секунд и повторите попытку.</val>
		</str>
		<str name="tryAgain" translate="yes">
			<val>Повторить попытку</val>
		</str>
		<str name="quit" translate="yes">
			<val>Выйти</val>
		</str>
	</set>
	
	<set name="dspSubscriptionVerified">
		<str name="title" translate="yes">
			<val>Спасибо!</val>
		</str>
		<str name="message" translate="yes">
			<val>Подписка на {0} активирована. Чтобы приступить к работе, выберите «Продолжить».</val>
		</str>
		<str name="continue" translate="yes">
			<val>Продолжить</val>
		</str>
	</set>
	
	<set name="dspSubscriptionReactivation">
		<str name="title" translate="yes">
			<val>Требуется вход</val>
		</str>
		<str name="message" translate="yes">
			<val>Вы вышли из системы на данном компьютере или устройстве. Щелкните «Войти сейчас», чтобы активировать лицензию на данном устройстве, или «Продолжить», если хотите войти в систему при следующем запуске.</val>
		</str>
		<str name="signInNow" translate="yes">
			<val>Войти сейчас</val>
		</str>
		<str name="continue" translate="yes">
			<val>Продолжить</val>
		</str>
	</set>
	
	<set name="dspReminder">
		<set name="ccInfoReminder">
			<str name="title" translate="yes">
				<val>Напоминание о подписке</val>
			</str>
			<str name="message" translate="yes">
				<val>Срок действия подписки скоро истекает.</val>
			</str>
			<str name="info" translate="yes">
				<val>Наши данные показывают, что с этой учетной записью подписки не связан ни один способ оплаты. Чтобы обновить подписку на {2} и продолжить пользоваться продуктом, запустите {0}диспетчер подписки{1} и введите необходимые данные.</val>
			</str>
			<str name="infoCCMTeam" translate="yes">
				<val>Чтобы сохранить доступ к продукту, обратитесь к своему администратору.</val>
			</str>
		</set>
		
		<set name="graceReminder">
			<str name="title" translate="yes">
				<val>Срок действия подписки истек</val>
			</str>
			<str name="message" translate="yes">
				<val>Срок действия подписки на {0} истек.</val>
			</str>
			<str name="info" translate="yes">
				<val>Чтобы обновить подписку на {2} и продолжить пользоваться продуктом, запустите {0}диспетчер подписки{1} и введите данные о своей кредитной карте. Для обновления подписки дается небольшая отсрочка, по истечении которой доступ к продукту прекращается.</val>
			</str>
			<str name="infoCCMTeam" translate="yes">
				<val>Чтобы обновить подписку и продолжить пользоваться продуктом, обратитесь к своему администратору. Для обновления предоставляется короткий льготный период, по истечению которого доступ к продукту прекращается.</val>
			</str>
		</set>
		<set name="monthlyGraceReminderOffline">
			<str name="title" translate="yes">
				<val>В данный момент нам не удается подключиться к Adobe Server</val>
			</str>
			<str name="message" translate="yes">
				<val>Напоминаем, что нам необходимо проверить актуальность вашей подписки. Вы можете продолжать пользоваться {0} в автономном режиме до {1}, но если к этому моменту мы не подключимся к серверу Adobe, данный продукт перестанет работать.</val>
			</str>
			<str name="info" translate="yes">
				<val>Щелкните {0}здесь{1}, чтобы устранить нарушения связи.</val>
			</str>
		</set>
		<set name="dailyGraceReminderOffline">
			<str name="title" translate="yes">
				<val>В данный момент нам не удается подключиться к Adobe Server</val>
			</str>
			<str name="message" translate="yes">
				<val>Напоминаем, что нам необходимо проверить актуальность вашей подписки. Вы можете продолжать пользоваться {0} в автономном режиме, но если вы не подключитесь к Adobe Server до указанного времени, данный продукт перестанет работать.</val>
			</str>
			<str name="info" translate="yes">
				<val>Щелкните {0}здесь{1}, чтобы устранить нарушения связи.</val>
			</str>
		</set>
		<set name="billingFailureReminder">
			<str name="title" translate="yes">
				<val>Проверьте свою информацию об оплате счетов.</val>
			</str>
			<str name="message" translate="yes">
				<val>Мы обнаружили проблему с вашей последней оплатой {0}. Перейдите в оперативный режим для {1}управления своей учетной записью{2} и проверки своей информации об оплате.</val>
			</str>
			<str name="info" translate="yes">
				<val>Если проблема не будет решена в течение указанного периода, {0} прекратит работать. Если вы недавно изменили платежную информацию, может потребоваться 24 часа для обновления статуса вашей подписки.</val>
			</str>
			<str name="messageCCMTeam" translate="yes">
				<val>Мы обнаружили проблему с последней оплатой {0} вашей группой. Свяжитесь со своим администратором, чтобы решить эту проблему, или, если вы являетесь основным администратором, перейдите в оперативный режим для {1}управления своей учетной записью{2}. Если проблема не будет решена в указанный период времени, принадлежащий вам продукт перестанет работать.</val>
			</str>
			<str name="offlineError" translate="yes">
				<val>В данный момент нам не удается подключиться к серверу Adobe, чтобы проверить, была ли решена проблема с оплатой. Щелкните {0}здесь{1}, чтобы устранить проблемы с подключением.</val>
			</str>
		</set>
		<set name="billingFailureReminderCCT">
			<str name="title" translate="yes">
				<val>Период подписки истекает</val>
			</str>
			<str name="warning" translate="yes">
				<val>Период вашей подписки истек.</val>
			</str>
			<str name="message" translate="yes">
				<val>До конца срока действия подписки, в рамках которой вам предоставляется доступ к {1}, осталось дней: {0}.</val>
			</str>
			<str name="messageOneDay" translate="yes">
				<val>Период подписки, в рамках которой вам предоставляется доступ к {0}, истекает через 1 день. За помощью обратитесь к администратору.</val>
			</str>
			<str name="messageBonusLaunch" translate="yes">
				<val>Период подписки, в рамках которой вам предоставлялся доступ к {0}, истек. Вы можете воспользоваться продуктом в последний раз. За помощью обратитесь к администратору.</val>
			</str>
			<str name="messageBonusLaunchShort" translate="yes">
				<val>Вы можете воспользоваться продуктом в последний раз. За помощью обратитесь к администратору.</val>
			</str>
			<str name="info" translate="yes">
				<val>Щелкните для просмотра {0}данных вашей учетной записи{1} или {2}дополнительной информации{3} о планах подписки Adobe.</val>
			</str>
			<str name="accountDetailsLink" translate="yes">
				<val> http://www.adobe.com/go/cc_manage_act_ru</val>
			</str>
			<str name="learnMoreLink" translate="yes">
				<val>http://www.adobe.com/go/cc_plans_ru </val>
			</str>
			<str name="offlineError" translate="yes">
				<val>В данный момент нам не удается подключиться к серверу Adobe, чтобы проверить, была ли решена проблема с оплатой. Щелкните {0}здесь{1}, чтобы устранить проблемы с подключением.</val>
			</str>
		</set>
		<set name="combinedSubIssueReminder">
			<str name="title" translate="yes">
				<val>Не удается проверить ваше членство.</val>
			</str>
			<str name="message" translate="yes">
				<val>Вы находитесь в автономном режиме или возникла проблема с выставлением счетов по вашей учетной записи. Выйдите в Интернет, редактируйте свою учетную запись и проверьте сведения для выставления счетов. По всем проблемам и вопросам обращайтесь в {0}службу технической поддержки клиентов{1}.</val>
			</str>
			<str name="messageCCMTeam1" translate="yes">
				<val>Вы находитесь в автономном режиме или возникла проблема с выставлением счетов по учетной записи вашей рабочей группы. Обратитесь к своему администратору для решения проблемы.</val>
			</str>
			<str name="messageCCMTeam2" translate="yes">
				<val> По остальным вопросам обращайтесь в {0}службу технической поддержки клиентов{1}.</val>
			</str>
			<str name="offlineError" translate="yes">
				<val>Выйдите в Интернет, чтобы мы могли исправить проблему, или щелкните «Продолжить», чтобы остаться в автономном режиме — в этом случае мы напомним вам позже.</val>
			</str>
		</set>
		
		<str name="subscriptionManagerLinkForCC" translate="yes">
			<val>http://www.adobe.com/go/cc_manage_act_ru</val>
		</str>
		<str name="subscriptionManagerLinkForNonCC" translate="yes">
			<val>http://www.adobe.com/go/subscriptionedition_ru</val>
		</str>
		<str name="offline" translate="yes">
			<val>Не удалось подключиться к Adobe Server. Проверьте настройки подключения и нажмите кнопку «Повторить попытку».</val>
		</str>
		<str name="subscriptionPolicy" translate="yes">
			<val>{0}Политика подписки{1}</val>
		</str>
		<str name="subscriptionPolicyLink" translate="yes">
			<val>http://www.adobe.com/go/subscription_policy_ru</val>
		</str>
		<str name="customerSupportLink" translate="yes">
			<val>http://www.adobe.com/go/customer_support_ru</val>
		</str>
		<str name="offlineTroubleshootLink" translate="yes">
			<val>http://www.adobe.com/go/activation_network_issues_ru</val>
		</str>
		<str name="daysRemaining" translate="yes">
			<val>Осталось дней</val>
		</str>
		<str name="dayRemaining" translate="yes">
			<val>Осталось дней</val>
		</str>
		<str name="continue" translate="yes">
			<val>Продолжить</val>
		</str>
		<str name="tryAgain" translate="yes">
			<val>Повторить попытку</val>
		</str>
		<str name="retry" translate="yes">
			<val>Повторить попытку</val>
		</str>
		<str name="remindLater" translate="yes">
			<val>Напомнить мне позже</val>
		</str>
		<str name="OK" translate="yes">
			<val>OK</val>
		</str>
	</set>
	
	<set name="dspSuspended">
		<set name="activationSuspended">
			<str name="title" translate="yes">
				<val>Сбой активации</val>
			</str>
			<str name="warning" translate="yes">
				<val>Не удалось активировать {0}.</val>
			</str>
			<str name="message" translate="yes">
				<val>Системная дата вашего компьютера не совпадает с системной датой сервера Adobe. Они могут различаться не более чем на три дня ({0}).</val>
			</str>
			<str name="info" translate="yes">
				<val>Проверьте настройки даты и повторите попытку. Если проблема не решится, обратитесь в {0}службу технической поддержки клиентов{1}.</val>
			</str>
		</set>
		
		<set name="subscriptionSuspended">
			<str name="title" translate="yes">
				<val>Подписка приостановлена</val>
			</str>
			<str name="warning" translate="yes">
				<val>Подписка на {0} была приостановлена.</val>
			</str>
			<str name="message" translate="yes">
				<val>Системная дата вашего компьютера не совпадает с системной датой сервера Adobe. Они могут различаться не более чем на три дня ({0}).</val>
			</str>
			<str name="info" translate="yes">
				<val>Проверьте настройки даты и повторите попытку. Если проблема не решится, обратитесь в {0}службу технической поддержки клиентов{1}.</val>
			</str>
		</set>
		
		<set name="subscriptionWindback">
			<str name="title" translate="yes">
				<val>Подписка приостановлена</val>
			</str>
			<str name="warning" translate="yes">
				<val>Подписка на {0} была приостановлена.</val>
			</str>
			<str name="message" translate="yes">
				<val>Неправильно установлены системное время или дата. Установите на системных часах точное время и выберите пункт «Повторить попытку». Если проблема не решится, обратитесь в {0}службу технической поддержки клиентов{1}.</val>
			</str>
		</set>
		
		<str name="customerSupportLink" translate="yes">
			<val>http://www.adobe.com/go/customer_support_ru</val>
		</str>
		<str name="activationPolicy" translate="yes">
			<val>{0}Просмотр политики активации{1}</val>
		</str>
		<str name="activationPolicyLink" translate="yes">
			<val>http://www.adobe.com/go/activation_ru</val>
		</str>
		<str name="subscriptionPolicy" translate="yes">
			<val>{0}Политика подписки{1}</val>
		</str>
		<str name="subscriptionPolicyLink" translate="yes">
			<val>http://www.adobe.com/go/subscription_policy_ru</val>
		</str>
		<str name="quit" translate="yes">
			<val>Выйти</val>
		</str>
		<str name="tryAgain" translate="yes">
			<val>Повторить попытку</val>
		</str>
	</set>
	
	<set name="dateTimeFormats">
		<str name="dateFormat_Long" translate="yes">
			<val>{1} {0} {2} г.</val>
		</str>
	</set>

	<set name="monthsFull">
		<str name="1" translate="yes">
			<val>янв.</val>
		</str>
		<str name="2" translate="yes">
			<val>фев.</val>
		</str>
		<str name="3" translate="yes">
			<val>мар.</val>
		</str>
		<str name="4" translate="yes">
			<val>апр.</val>
		</str>
		<str name="5" translate="yes">
			<val>май.</val>
		</str>
		<str name="6" translate="yes">
			<val>июн.</val>
		</str>
		<str name="7" translate="yes">
			<val>июл.</val>
		</str>
		<str name="8" translate="yes">
			<val>авг.</val>
		</str>
		<str name="9" translate="yes">
			<val>сен.</val>
		</str>
		<str name="10" translate="yes">
			<val>окт.</val>
		</str>
		<str name="11" translate="yes">
			<val>ноя.</val>
		</str>
		<str name="12" translate="yes">
			<val>дек.</val>
		</str>
	</set>
	
	<set name="dsp_IMSBusyScrim">
		<str name="WaitAMoment" translate="yes">
			<val>Подождите...</val>
		</str>
	</set>
	
	<set name="dspSubscriptionRevoked">
		<str name="title" translate="yes">
			<val>Лицензия приостановлена</val>
		</str>
		<str name="warning" translate="yes">
			<val>Лицензия на {0} была приостановлена.</val>
		</str>
		<str name="message" translate="yes">
			<val>Информация о лицензии для {0} больше не действительна или аннулирована. Обратитесь в {1}службу технической поддержки клиентов{2}.</val>
		</str>
		<str name="subscriptionPolicy" translate="yes">
			<val>{0}Политика подписки{1}{2}{3}Лицензионное соглашение по программному обеспечению{4}</val>
		</str>
		<str name="subscriptionPolicyLink" translate="yes">
			<val>http://www.adobe.com/go/subscription_policy_ru</val>
		</str>
		<str name="eula_Link" translate="yes">
			<val>http://www.adobe.com/go/eulas_ru</val>
		</str>
		<str name="customerSupportLink" translate="yes">
			<val>http://www.adobe.com/go/customer_support_ru</val>
		</str>
		<str name="quit" translate="yes">
			<val>Выйти</val>
		</str>
	</set>
	<set name="deviceBasedActivation">
		<set name="dbaLicenseExpiry">
			<str name="title" translate="yes">
				<val>Срок действия лицензии истек</val>
			</str>
			<str name="message" translate="yes">
				<val>На этом устройстве, принадлежащем {1}, использовалась льготная лицензия для {0}. Обратитесь к своему системному администратору, чтобы обновить лицензию и продолжить пользоваться продуктом.</val>
			</str>
			<str name="info" translate="yes">
				<val>Если вы уже обновили лицензию, подождите 15 минут и повторите попытку.</val>
			</str>
			<str name="tryAgain" translate="yes">
				<val>Повторить попытку</val>
			</str>
			<str name="close" translate="yes">
				<val>Закрыть</val>
			</str>
		</set>
	
		<set name="dbaLicenseRenewal">
			<str name="title" translate="yes">
				<val>Обновить лицензию</val>
			</str>
			<str name="message" translate="yes">
				<val>Обратитесь к администратору, чтобы обновить лицензию для {0} на этом устройстве, принадлежащем к пулу развертывания {1}, и продолжить пользоваться продуктом.</val>
			</str>
			<str name="info" translate="yes">
				<val>Если вы уже обновили лицензию, подождите 15 минут и повторите попытку.</val>
			</str>
			<str name="tryAgain" translate="yes">
				<val>Повторить попытку</val>
			</str>
			<str name="quit" translate="yes">
				<val>Выход</val>
			</str>
		</set>
		<set name="dbaClockWindback">
			<str name="title" translate="yes">
				<val>Лицензия приостановлена</val>
			</str>
			<str name="message" translate="yes">
				<val>На этом устройстве неправильно установлены системное время и дата. Установите на системных часах текущее время и выберите «Повторить попытку». Если проблема не исчезнет, обратитесь к своему администратору.</val>
			</str>
			<str name="warning" translate="yes">
				<val>Лицензия на {0} была приостановлена.</val>
			</str>
			<str name="tryAgain" translate="yes">
				<val>Повторить попытку</val>
			</str>
			<str name="close" translate="yes">
				<val>Закрыть</val>
			</str>
		</set>
		<set name="dbaClockMismatch">
			<str name="title" translate="yes">
				<val>Лицензия приостановлена</val>
			</str>
			<str name="message" translate="yes">
				<val>Дата на этом устройстве не совпадает с системной датой сервера Adobe. Они могут различаться не более чем на три дня ({0}). </val>
			</str>
			<str name="warning" translate="yes">
				<val>Лицензия на {0} была приостановлена.</val>
			</str>
			<str name="info" translate="yes">
				<val>Проверьте настройки даты на устройстве и выберите «Повторить попытку». Если проблема не исчезнет, обратитесь к своему администратору.</val>
			</str>
			<str name="tryAgain" translate="yes">
				<val>Повторить попытку</val>
			</str>
			<str name="quit" translate="yes">
				<val>Выход</val>
			</str>
		</set>
		<set name="dbaLicenseDenied">
			<str name="title" translate="yes">
				<val>Лицензия недействительна</val>
			</str>
			<str name="stepError" translate="yes">
				<val>Лицензия на {0} на этом устройстве была признана недействительной.</val>
			</str>
			<str name="msgError" translate="yes">
				<val>Обратитесь к своему системному администратору для того, чтобы повторно сериализовать это устройство и добавить его обратно в пул {0}. Если администратор уже проделал этот шаг, подождите 15 минут и повторите попытку.</val>
			</str>
			<str name="msgErrorPoolRemoved" translate="yes">
				<val>Обратитесь к своему администратору для того, чтобы повторно сериализовать устройство. Если администратор уже проделал этот шаг, подождите 15 минут и повторите попытку.</val>
			</str>
			<str name="tryAgain" translate="yes">
				<val>Повторить попытку</val>
			</str>
			<str name="close" translate="yes">
				<val>Закрыть</val>
			</str>
		</set>
		<set name="dbaActivationFailure">
			<str name="title" translate="yes">
				<val>Сбой активации</val>
			</str>
			<str name="stepError" translate="yes">
				<val>Не удалось активировать {0}.</val>
			</str>
			<str name="errorCode" translate="yes">
				<val>(Код ошибки: {0})</val>
			</str>
			<str name="msgError" translate="yes">
				<val>Требуется активация продукта для использования {0} на этом устройстве, принадлежащем {1}. Для активации этого продукта необходимо действующее подключение к Интернету. Проверьте настройки подключения и повторите попытку.</val>
			</str>
			<str name="info" translate="yes">
				<val>Если проблема не решилась, обратитесь к своему администратору.</val>
			</str>
			<str name="offlineError" translate="yes">
				<val>В данный момент нам не удается подключиться к серверу Adobe. Щелкните {0}здесь{1}, чтобы устранить проблемы с подключением.</val>
			</str>
			<str name="clockMismatchError" translate="yes">
				<val>Проверьте настройки даты на этом устройстве и выберите «Повторить попытку».</val>
			</str>
			<str name="tryAgain" translate="yes">
				<val>Повторить попытку</val>
			</str>
			<str name="close" translate="yes">
				<val>Закрыть</val>
			</str>
		</set>
		<set name="dbaMonthlyGraceReminderOffline">
			<str name="title" translate="yes">
				<val>В данный момент нам не удается подключиться к Adobe Server</val>
			</str>
			<str name="message" translate="yes">
				<val>Напоминаем, что необходимо проверить актуальность вашей лицензии на этом устройстве, принадлежащем {0}. Вы можете продолжать пользоваться {1} без доступа к Интернету до {2}, но если к этому моменту не будет подключения к Интернету, данный продукт перестанет работать.</val>
			</str>
			<str name="info" translate="yes">
				<val>Щелкните {0}здесь{1}, чтобы устранить нарушения связи.</val>
			</str>
			<str name="remindLater" translate="yes">
				<val>Напомнить мне позже</val>
			</str>
			<str name="retry" translate="yes">
				<val>Повторить попытку</val>
			</str>
		</set>
		<set name="dbaDailyGraceReminderOffline">
			<str name="title" translate="yes">
				<val>В данный момент нам не удается подключиться к Adobe Server</val>
			</str>
			<str name="message" translate="yes">
				<val>Напоминаем, что нам необходимо проверить актуальность вашей лицензии на этом устройстве, принадлежащем {0}. Вы можете продолжать пользоваться {1} в автономном режиме, но если вы не подключитесь к Интернету до указанного времени, данный продукт перестанет работать.</val>
			</str>
			<str name="info" translate="yes">
				<val>Щелкните {0}здесь{1}, чтобы устранить нарушения связи.</val>
			</str>
			<str name="ok" translate="yes">
				<val>ОК</val>
			</str>
			<str name="retry" translate="yes">
				<val>Повторить попытку</val>
			</str>
		</set>
		<set name="dbaBonusLaunch">
			<str name="title" translate="yes">
				<val>Последний запуск</val>
			</str>
			<str name="message" translate="yes">
				<val>На этом устройстве, принадлежащем {1}, использовалась льготная лицензия для {0}. Вы можете использовать продукт последний раз. Обратитесь к своему администратору, чтобы продолжить пользоваться продуктом.</val>
			</str>
			<str name="ok" translate="yes">
				<val>ОК</val>
			</str>
		</set>
		<set name="errorScenarios">
			<str name="licenseDeniedError" translate="yes">
				<val>Нет лицензий, связанных с этим устройством.</val>
			</str>
			<str name="clockWindbackError" translate="yes">
				<val>Проверьте настройки даты на устройстве и выберите «Повторить попытку». Если проблема не исчезнет, обратитесь к своему администратору.</val>
			</str>
			<str name="offlineError" translate="yes">
				<val>В данный момент нам не удается подключиться к серверу Adobe. Нажмите {0}здесь{1}, чтобы устранить проблемы с подключением. При повторном возникновении проблемы обратитесь к своему администратору.</val>
			</str>
			<str name="checkCallErrorGeneric" translate="yes">
				<val>При получении информации о лицензировании возникла ошибка. Повторите попытку позже.</val>
			</str>
		</set>
		<str name="quit" translate="yes">
			<val>Выход</val>
		</str>
		<str name="daysRemaining" translate="yes">
			<val>Осталось дней</val>
		</str>
		<str name="dayRemaining" translate="yes">
			<val>Осталось дней</val>
		</str>
		<str name="offlineTroubleshootLink" translate="yes">
			<val>http://www.adobe.com/go/activation_network_issues_ru</val>
		</str>
	</set>
	<set name="isoToLanguage">
		<str name="ar_AE" translate="no"><val>العربية</val></str>
		<str name="en_GB" translate="no"><val>English (International)</val></str> 
		<str name="en_INT" translate="no"><val>English (International)</val></str> 
		<str name="fr_CA" translate="no"><val>Français (Canada)</val></str>
		<str name="es_QM" translate="no"><val>Español (Middle East)</val></str>
		<str name="es_LA" translate="no"><val>Español de América Latina</val></str>
		<str name="es_NA" translate="no"><val>Español Norteamericano</val></str>
		<str name="bg_BG" translate="no"><val>Български</val></str>
		<str name="lv_LV" translate="no"><val>Latviešu</val></str>
		<str name="et_EE" translate="no"><val>Eesti</val></str>
		<str name="hr_HR" translate="no"><val>hrvatski</val></str>
		<str name="sl_SI" translate="no"><val>slovenščina</val></str>
		<str name="sk_SK" translate="no"><val>slovenčina</val></str>
		<str name="th_TH" translate="no"><val>ภาษาไทย</val></str> 
		<str name="vi_VN" translate="no"><val>Việt</val></str>
		<str name="en_XC" translate="no"><val>English (Central Europe)</val></str> 
		<str name="en_XM" translate="no"><val>English (Middle East)</val></str>
		<str name="fr_XM" translate="no"><val>Français (Moyen-Orient)</val></str>
		<str name="sq_AL" translate="no"><val>Shqip</val></str> 
		<str name="ar_SA" translate="no"><val>العربية</val></str>
		<str name="be_BY" translate="no"><val>Беларуская</val></str> 
		<str name="ca_ES" translate="no"><val>Català</val></str> 
		<str name="hi_IN" translate="no"><val>हिन्दी</val></str>
		<str name="is_IS" translate="no"><val>Íslenska</val></str> 
		<str name="lt_LT" translate="no"><val>Lietuvių</val></str>
		<str name="mk_MK" translate="no"><val>македонски</val></str>
		<str name="nn_NO" translate="no"><val>Norsk (Nynorsk)</val></str>
		<str name="pt_PT" translate="no"><val>Português de Portugal</val></str> 
		<str name="sh_YU" translate="no"><val>Srpsko-Hrvatski</val></str> 
		<str name="sr_YU" translate="no"><val>Cрпски</val></str> 
		<str name="kk_KZ" translate="no"><val>Қазақ</val></str>
		<str name="az_AZ" translate="no"><val>Azərbaycan dili</val></str> 
		<str name="es_MX" translate="no"><val>Español (América Latina)</val></str>
		<str name="no_NO" translate="no"><val>Norwegian</val></str> 
		<str name="cs_CZ" translate="no"><val>česky</val></str>
		<str name="de_DE" translate="no"><val>Deutsch</val></str>
		<str name="el_GR" translate="no"><val>Ελληνικά</val></str>
		<str name="en_US" translate="no"><val>English (North America)</val></str> 
		<str name="es_ES" translate="no"><val>Español</val></str> 
		<str name="fr_FR" translate="no"><val>Français</val></str>
		<str name="he_IL" translate="no"><val>עברית</val></str> 
		<str name="hu_HU" translate="no"><val>magyar</val></str>
		<str name="it_IT" translate="no"><val>Italiano</val></str>
		<str name="ja_JP" translate="no"><val>日本語</val></str>
		<str name="ko_KR" translate="no"><val>한국어</val></str>
		<str name="nl_NL" translate="no"><val>Nederlands</val></str>
		<str name="pl_PL" translate="no"><val>polski</val></str>
		<str name="ro_RO" translate="no"><val>Română</val></str>
		<str name="ru_RU" translate="no"><val>русский</val></str>
		<str name="sv_SE" translate="no"><val>Svenska</val></str>
		<str name="tr_TR" translate="no"><val>Türkçe</val></str>
		<str name="uk_UA" translate="no"><val>українська</val></str>
		<str name="zh_CN" translate="no"><val>简体中文</val></str>
		<str name="zh_TW" translate="no"><val>繁體中文</val></str>
		<str name="da_DK" translate="no"><val>Dansk</val></str>
		<str name="fi_FI" translate="no"><val>suomi</val></str>
		<str name="nb_NO" translate="no"><val>Norsk (Bokmål)</val></str> 
		<str name="pt_BR" translate="no"><val>Português do Brasil</val></str>
		<str name="en_AE" translate="no"><val>English يدعم العربية</val></str> 
		<str name="en_IL" translate="no"><val>English תומך עברית</val></str> 
		<str name="fr_MA" translate="no"><val>Français (Maroc)</val></str>
	</set>
		
</asf>
