<?xml version='1.0' encoding='utf-8'?>
<!DOCTYPE asf SYSTEM "http://ns.adobe.com/asf/asf_1_0.dtd" >
<asf xmlns="http://ns.adobe.com/asf" locale="sv_SE" version="1.0">
	
	<set name="common">
		<str name="adobeProduct" translate="yes">
			<val>Adobe-produkt</val>
		</str>
		<str name="adobeTrial" translate="yes">
			<val>Testversion av Adobe-produkt</val>
		</str>
		<str name="actPolicy" translate="yes">
			<val>Adobes aktiveringspolicy</val>
		</str>
		<str name="subEdition" translate="no">
			<val>Subscription Edition</val>
		</str>
		<str name="progressMessage" translate="yes">
			<val>Ansluter...</val>
		</str>
	</set>
	
	<set name="provision">
		<str name="buy" translate="yes">
			<val>KÖP NU</val>
		</str>			
		<str name="remain" translate="yes">
			<val>ÅTERSTÅENDE DAGAR</val>
		</str>
		<str name="authAdobeID" translate="yes">
			<val>Autentiserar Adobe-id...</val>
		</str>
	</set>

	<set name="eula">
		<str name="eula" translate="yes">
			<val>Adobes licensavtal för programvara</val>
		</str>
		<str name="view" translate="yes">
			<val>Visa på:</val>
		</str>
		<str name="accept" translate="yes">
			<val>ACCEPTERA</val>
		</str>
		<str name="decline" translate="yes">
			<val>AVBÖJ</val>
		</str>		
		<str name="quit" translate="yes">
			<val>Avsluta</val>
		</str>		
	</set>

	<set name="activate">
		<str name="title" translate="yes">
			<val>Aktivering</val>
		</str>
		<str name="progress" translate="yes">
			<val>Aktiverar...</val>
		</str>			
		<str name="fail" translate="yes">
			<val>Aktiveringsfel</val>
		</str>			
		<str name="contact" translate="yes">
			<val>Vi kontaktar Adobe för att aktivera den här kopian av {0} med det serienummer du har angett.</val>
		</str>
		<str name="contact_forced" translate="yes">
			<val>Vi kontaktar Adobe för att aktivera det här exemplaret av {0}</val>
		</str>
		<str name="limit" translate="yes">
			<val>Aktiveringsgräns har nåtts för {0}.</val>
		</str>	
		<str name="already" translate="yes">
			<val>Det här serienumret har redan aktiverats på två datorer.</val>
		</str>
		<str name="alreadyError" translate="yes">
			<val>Det här serienumret har redan aktiverats på två datorer. Du måste åtgärda det här problemet för att kunna fortsätta.</val>
		</str>
		<str name="retryOption" translate="yes">
			<val>Försök aktivera igen. Jag har redan inaktiverat en av mina andra datorer.</val>
		</str>
		<str name="subRetryOption" translate="yes">
			<val>Inaktivera alla datorer och försök aktivera igen.</val>
		</str>	
		<str name="provide" translate="yes">
			<val>Ange ett annat serienummer för den här produkten.</val>
		</str>	
		<str name="provideBlurb" translate="yes">
			<val>Det krävs ett Adobe-id för att använda programvaran som testversion.</val>
		</str>	
		<str name="serialBlurb" translate="yes">
			<val>Ange ett serienummer.</val>
		</str>	
		<str name="serialNumberMessage" translate="yes">
			<val>Det här serienumret används för: {0}</val>
		</str>
		<str name="serialActivationMessage" translate="yes">
			<val>Enligt licensavtalet för programvaran görs ett automatiskt försök att aktivera programvaran via Internet. Mer information finns på {0}www.adobe.com/se/activation{1}.</val>
		</str>
		<str name="activationLink" translate="yes">
			<val>http://www.adobe.com/go/activation_se</val>
		</str>
		<str name="buyWarning1" translate="yes">
			<val>Om du väljer Påminn mig senare har du {0} dagar på dig att åtgärda problemet, annars slutar programvaran att fungera.</val>
		</str>	
		<str name="buyWarning2" translate="yes">
			<val>Detta är sista gången som du kan använda den här produkten om inte problemet åtgärdas.</val>
		</str>	
		<str name="buyWarning3" translate="yes">
			<val>Du måste åtgärda problemet för att kunna fortsätta använda den här produkten.</val>
		</str>	
		<str name="buyWarningRefuse" translate="yes">
			<val>Om du väljer Påminn mig senare måste du åtgärda problemet nästa gång du startar produkten.</val>
		</str>	
		<str name="buyWarningRefuse2" translate="yes">
			<val>Du måste åtgärda problemet för att kunna använda den här produkten.</val>
		</str>
		<str name="learn" translate="yes">
			<val>Mer information om aktivering finns i {0}Adobes aktiveringspolicy.{1}</val>
		</str>
		<str name="learnlink" translate="yes">
			<val>http://www.adobe.com/go/activation_se</val>
		</str>
		<str name="invalid" translate="yes">
			<val>Ogiltigt serienummer</val>
		</str>	
		<str name="sninvalid" translate="yes">
			<val>Det här serienumret verkar vara ogiltigt.</val>
		</str>	
		<str name="hasfailure" translate="yes">
			<val>Det gick inte att aktivera din produkt. Klicka på Försök igen om du vill försöka igen. Mer information finns i {0}Adobes aktiveringspolicy.{1}</val>
		</str>
		<str name="hasfailure1" translate="yes">
			<val>Det gick inte att aktivera din produkt. Klicka på Försök igen. Mer information finns i {0}Adobes aktiveringspolicy.{1}</val>
		</str>
		<str name="mustDeactivate" translate="yes">
			<val>För att korrigera och aktivera produkten måste du inaktivera ett av de andra aktiverade exemplaren</val>
		</str>	
		<str name="howTo" translate="yes">
			<val>Så här inaktiverar du:</val>
		</str>	
		<str name="deactivateInstruct" translate="yes">
			<val>Starta ett av de andra exemplaren av {0}, klicka på Inaktivera på Hjälp-menyn och starta sedan det här exemplaret igen. Försök igen om du redan har inaktiverat.</val>
		</str>	
		<str name="errorCode" translate="yes">
			<val>Felkod: {0}</val>
		</str>
		<str name="errorCode1" translate="yes">
			<val>Felkod: #{0}</val>
		</str>
		<str name="success" translate="yes">
			<val>Det här exemplaret av {0} har aktiverats och är klart att användas.</val>
		</str>
		<str name="error" translate="yes">
			<val>Anslut till Internet och klicka sedan på Fortsätt</val>
		</str>			
		<str name="assist" translate="yes">
			<val>Anslutningssupport</val>
		</str>
		<str name="assistlink" translate="yes">
			<val>http://www.adobe.com/go/activation_se</val>
		</str>		
		<str name="try" translate="yes">
			<val>FÖRSÖK IGEN</val>
		</str>			
		<str name="later" translate="yes">
			<val>Aktivera senare</val>
		</str>			
		<str name="close" translate="yes">
			<val>STÄNG</val>
		</str>
		<str name="quit" translate="yes">
			<val>Avsluta</val>
		</str>
		<str name="done" translate="yes">
			<val>KLAR</val>
		</str>
		<str name="remind" translate="yes">
			<val>PÅMINN MIG SENARE</val>
		</str>
		<str name="continue" translate="yes">
			<val>FORTSÄTT</val>
		</str>
		<str name="retry" translate="yes">
			<val>FÖRSÖK IGEN</val>
		</str>
		<str name="back" translate="yes">
			<val>TILLBAKA</val>
		</str>			
		<str name="errCode" translate="yes">
			<val>Felkod: </val>
		</str>
		<str name="unknownErr" translate="yes">
			<val>Okänt</val>
		</str>
		<str name="serialError" translate="yes">
			<val>Det här serienumret är inte giltigt för den här produkten:</val>
		</str>
		<str name="denybuyLink" translate="no">
			<val>http://www.adobe.com/go/denybuy</val>
		</str>
	</set>

	<set name="inAppTrial">
		<str name="serial" translate="yes">
			<val>ANGE SERIENUMMER</val>
		</str>
		<str name="contentLoading" translate="yes">
			<val>Läser in innehåll...</val>
		</str>
	</set>
	
	<set name="privacy">
		<str name="title" translate="yes">
			<val>Sekretessinställningar</val>
		</str>
		<str name="content" translate="yes">
			<val>Adobe använder information som samlas in när du hämtar och använder testversionen för att ge dig en anpassad upplevelse.{0}Adobe kan även använda informationen internt för att utvärdera och förbättra användarupplevelsen. Ingen personligt identifierbar information kopplas till din användning av testversionen.{0}Om du inte vill att Adobe använder eller samlar in information under din användning av testversionen kan du inaktivera det här alternativet genom att markera kryssrutan nedan. Nästa gång du startar testversionen samlas ingen information om din användning av testversionen in, och anpassat innehåll inaktiveras.{0}Om du vill ha mer information om Adobes sekretessrutiner kan du läsa vår {1}onlinesekretesspolicy{2}.</val>
		</str>
		<str name="privacyLink" translate="yes">
			<val>http://www.adobe.com/go/privacy_se</val>
		</str>
		<str name="request" translate="yes">
			<val>Stäng av anpassat innehåll.</val>
		</str>
		<str name="ok" translate="yes">
			<val>OK</val>
		</str>
		<str name="cancel" translate="yes">
			<val>AVBRYT</val>
		</str>
	</set>
	
	<set name="video">
		<str name="playAgain" translate="yes">
			<val>Spela upp igen</val>
		</str>
		<str name="nextTut" translate="yes">
			<val>Nästa</val>
		</str>
		<str name="loading" translate="yes">
			<val>Läser in video...</val>
		</str>
		<str name="error" translate="yes">
			<val>Fel vid inläsning av innehåll\nFörsök igen senare.</val>
		</str>
		<str name="tryAgain" translate="yes">
			<val>Försök igen.</val>
		</str>
		<str name="escapeExit" translate="yes">
			<val>Klicka på ESC om du vill avsluta det utvidgade skärmläget.</val>
		</str>
	</set>
	
	
	<set name="trial">
		<str name="title" translate="yes">
			<val>Testver. av {0}</val>
		</str>
		<str name="back" translate="yes">
			<val>TILLBAKA</val>
		</str>
		<str name="serial" translate="yes">
			<val>Ange ett serienummer</val>
		</str>
		<str name="lang" translate="yes">
			<val>Språk:</val>
		</str>	
		<str name="trial" translate="yes">
			<val>Fortsätt använda testversionen av produkten</val>
		</str>
		<str name="continue" translate="yes">
			<val>FORTSÄTT MED TESTVERSIONEN</val>
		</str>
		<str name="continueSerial" translate="yes">
			<val>FORTSÄTT</val>
		</str>
		<str name="start" translate="yes">
			<val>STARTA TESTPERIODEN</val>
		</str>
		<str name="cancel" translate="yes">
			<val>AVBRYT</val>
		</str>
		<str name="close" translate="yes">
			<val>STÄNG</val>
		</str>
		<str name="quit" translate="yes">
			<val>Avsluta</val>
		</str>
		<str name="skip" translate="yes">
			<val>HOPPA ÖVER</val>
		</str>
		<str name="serialError" translate="yes">
			<val>Det här serienumret är inte giltigt för den här produkten:</val>
		</str>
		<str name="instruct" translate="yes">
			<val>Du måste ha ett Adobe-id för att kunna använda programvaran som testversion. När du startat testversionen första gången har du 7 dagar på dig att ange ett Adobe-id.</val>
		</str>			
		<str name="locateTT" translate="yes">
			<val>Ditt serienummer finns på baksidan av DVD-fodralet, på licenscertifikatet för Adobe Open Options eller på det kvitto som skickades till dig via e-post från Adobe.com Store (endast köp av hämtningsbara filer).</val>
		</str>
		<str name="one" translate="yes">
			<val>Du får använda produkten ytterligare en gång. Därefter måste du ange ett serienummer om du vill fortsätta använda produkten.</val>
		</str>
		<str name="nomore" translate="yes">
			<val>Om du vill omvandla testversionen kan du köpa produkten och ange serienumret.</val>
		</str>
		<str name="license" translate="yes">
			<val>Adobes licensavtal för programvara</val>
		</str>	
		<str name="eulaLink" translate="yes">
			<val>http://www.adobe.com/go/eulas_se</val>
		</str>		
		<str name="expire" translate="yes">
			<val>Testversionen har slutat gälla.</val>
		</str>			
		<str name="used" translate="yes">
			<val>Det här serienumret används för: {0}</val>
		</str>			
		<str name="agree" translate="yes">
			<val>Enligt licensavtalet för programvaran görs ett automatiskt försök att aktivera programvaran via Internet. Mer information finns på {0}www.adobe.com/se/activation{1}.</val>
		</str>
		<str name="activationLink" translate="yes">
			<val>http://www.adobe.com/go/activation_se</val>
		</str>
		<str name="buyLink" translate="no">
			<val>http://www.adobe.com/go/buy</val>
		</str>			
	</set>

	<set name="trialerror">
		<str name="warning" translate="yes">
			<val>Problem med testversion.</val>
		</str>
		<str name="instruct" translate="yes">
			<val>Det inträffade ett problem när din testversion av {0} startades. Gå tillbaka och ange ditt serienummer om du vill fortsätta använda produkten.</val>
		</str>
	</set>

	<set name="deactivate">
		<str name="title" translate="yes">
			<val>Inaktivering</val>
		</str>
		<str name="instruct" translate="yes">
			<val>Om du inaktiverar kan du aktivera din Adobe-produkt på en annan dator så länge som du följer {0}licensavtalet för programvaran{1}. Kontrollera att du är ansluten till Internet innan du inaktiverar.</val>
		</str>
		<str name="instructSubscription" translate="yes">
			<val>Inaktiveringen avbryter inte prenumerationen. Du ändrar prenumerationen genom att gå till {0}adobe.com/se{1}.</val>
		</str>
		<str name="subscriptionLink" translate="no">
			<val>http://www.adobe.com/go/subscriptionedition</val>
		</str>
		<str name="button1" translate="yes">
			<val>INAKTIVERA TEMPORÄRT</val>
		</str>
		<str name="button2" translate="yes">
			<val>INAKTIVERA PERMANENT</val>
		</str>
		<str name="tooltip1" translate="yes">
			<val>Inaktiverar produkten utan att ta bort serienumret.</val>
		</str>
		<str name="tooltip2" translate="yes">
			<val>Inaktiverar produkten och tar bort serienumret.</val>
		</str>	
		<str name="progress" translate="yes">
			<val>Inaktiverar</val>
		</str>
		<str name="success" translate="yes">
			<val>Inaktiveringen lyckades.</val>
		</str>
		<str name="failure" translate="yes">
			<val>Inaktiveringen misslyckades. Försök igen.</val>
		</str>
		<str name="retry" translate="yes">
			<val>FÖRSÖK IGEN</val>
		</str>	
		<str name="errorCode" translate="yes">
			<val>Felkod: #{0}</val>
		</str>
		<str name="done" translate="yes">
			<val>KLAR</val>
		</str>		
		<str name="continue" translate="yes">
			<val>FORTSÄTT</val>
		</str>		
		<str name="cancel" translate="yes">
			<val>AVBRYT</val>
		</str>	
	</set>

	<set name="upgrade">
		<str name="title" translate="yes">
			<val>Ange serienummer för uppgradering</val>
		</str>
		<str name="instruct1" translate="yes">
			<val>Serienumret som du har angett är giltigt men det går inte att hitta någon kvalificerande produkt på den här datorn.</val>
		</str>
		<str name="instruct2" translate="yes">
			<val>Om du vill använda serienumret som du angett för uppgraderingen måste du äga någon av följande kvalificerande produkter. Välj produkten du äger och ange serienumret för den:</val>
		</str>
		<str name="serial" translate="yes">
			<val>Serienummer för den här produkten:</val>
		</str>
		<str name="selproduct" translate="yes">
			<val>Välj produkt</val>
		</str>		
		<str name="trial" translate="yes">
			<val>INSTALLERA SOM TESTVERSION</val>
		</str>
		<str name="confirm" translate="yes">
			<val>Det här serienumret bekräftar {0}.</val>
		</str>
		<str name="second" translate="yes">
			<val>En andra kvalificerande produkt krävs för den här uppgraderingen. Välj en andra produkt som du äger och ange serienumret för den:</val>
		</str>
		<str name="nogood" translate="yes">
			<val>Det här serienumret gäller inte för en kvalificerande produkt. Ange ett annat serienummer.</val>
		</str>
		<str name="account" translate="yes">
			<val>Om du har registrerat produkter tidigare kan du gå till {0}din kontosida{1} om du vill leta upp befintliga serienummer.</val>
		</str>
		<str name="support" translate="yes">
			<val>Kontakta {0}kundsupport{1} om du vill ha mer hjälp.</val>
		</str>
		<str name="supportlink" translate="yes">
			<val>http://www.adobe.com/go/support_se</val>
		</str>
		<str name="accountlink" translate="yes">
			<val>http://www.adobe.com/go/adobemembership_se</val>
		</str>
		<str name="back" translate="yes">
			<val>TILLBAKA</val>
		</str>
		<str name="next" translate="yes">
			<val>NÄSTA</val>
		</str>
	</set>
	
	<set name="upcode">
		<str name="header" translate="yes">
			<val>Ange din uppgraderingskod.</val>
		</str>
		<str name="instruct1" translate="yes">
			<val>Vidarebefordra följande kod till din kundservicerepresentant när du uppmanas till det:</val>
		</str>
		<str name="challenge" translate="yes">
			<val>Anropskod</val>
		</str>
		<str name="instruct2" translate="yes">
			<val>Ange koden som du får av din kundservicerepresentant:</val>
		</str>
		<str name="support" translate="yes">
			<val>Supportkod</val>
		</str>
		<str name="quit" translate="yes">
			<val>Avsluta</val>
		</str>
		<str name="next" translate="yes">
			<val>NÄSTA</val>
		</str>
		<str name="supportError" translate="yes">
			<val>Ogiltig supportkod</val>
		</str>
	</set>
	
	<set name="error">
		<str name="title" translate="yes">
			<val>Licensieringen för den här produkten fungerar inte längre</val>
		</str>
		<str name="message" translate="yes">
			<val>Du kan inte använda den här produkten för tillfället. Du måste åtgärda problemet genom att avinstallera och ominstallera produkten eller kontakta din IT-administratör eller Adobes kundsupport.</val>
		</str>
		<str name="error" translate="yes">
			<val>Felkod: </val>
		</str>
		<str name="quit" translate="yes">
			<val>Avsluta</val>
		</str>
	</set>
	
	<set name="confirm">
		<str name="sure" translate="yes">
			<val>Vill du stänga den här dialogrutan?</val>
		</str>
		<str name="subCheckOffline" translate="yes">
			<val>Det gick inte att ansluta. Kontrollera Internetanslutningen och försök igen senare.</val>
		</str>
		<str name="yes" translate="yes">
			<val>JA</val>
		</str>
		<str name="no" translate="yes">
			<val>NEJ</val>
		</str>
		<str name="quit" translate="yes">
			<val>Avsluta</val>
		</str>
		<str name="continue" translate="yes">
			<val>Fortsätt</val>
		</str>
		<str name="tryAgain" translate="yes">
			<val>FÖRSÖK IGEN</val>
		</str>
		<str name="back" translate="yes">
			<val>TILLBAKA</val>
		</str>
	</set>
	
	<set name="thanks">
		<str name="title" translate="yes">
			<val>Tack</val>
		</str>
		<str name="noservices" translate="yes">
			<val>Komma igång: Adobe-produkter</val>
		</str>
		<str name="services" translate="yes">
			<val>Komma igång: Adobe-produkter och -tjänster</val>
		</str>
		<str name="subscription_1_2" translate="no">
			<val>Getting Started with your CS5 Subscription</val>
		</str>
		<str name="trialRegWithoutServices" translate="yes">
			<val>Tack för att du har angett ditt Adobe-id och visat oss ditt intresse för den här produkten.</val>
		</str>
		<str name="trialRegWithServices" translate="yes">
			<val>Genom att ange ditt Adobe-id har du konfigurerat åtkomst till Adobe CS Live-tjänster under testperioden.</val>
		</str>
		<str name="regRegWithoutServices" translate="yes">
			<val>Du har registrerat programvaran genom att ange ditt Adobe-id.</val>
		</str>
		<str name="regRegFailWithoutServices" translate="yes">
			<val>Det gick inte att registrera produkten nu. Försök igen senare.</val>
		</str>
		<str name="regRegFailWithServices" translate="yes">
			<val>Det gick inte att starta ditt abonnemang på Adobe CS Live. Försök igen senare.</val>
		</str>
		<str name="regRegIDCreate" translate="yes">
			<val>Vi har använt ditt Adobe-id för att registrera din programvara och konfigurera åtkomst till Adobe CS Live-tjänster.</val>
		</str>
		<str name="regRegIDUsed" translate="yes">
			<val>Genom att ange ditt Adobe-id har du registrerat din programvara och konfigurerat åtkomst till Adobe CS Live-tjänster.</val>
		</str>
		<str name="regRegSubscription_1_2" translate="no">
			<val>We've used your Adobe ID to set up your subscription and establish CS Live services.</val>
		</str>
		<str name="regRegDSP" translate="yes">
			<val>Vi har använt ditt Adobe-id för att starta prenumerationen på {0} och konfigurera åtkomst till Adobe CS Live-tjänsterna.</val>
		</str>
		<str name="userID" translate="yes">
			<val>Ditt Adobe-id är: {0}</val>
		</str>
		<str name="emailVerify" translate="yes">
			<val>Verifiering via e-post krävs för att börja använda Adobe CS Live-tjänster. Kontrollera din e-postinkorg.</val>
		</str>
		<str name="profile" translate="yes">
			<val>Profilen för ditt Adobe-id är nästan slutförd. Klicka {0}här{1} om du vill slutföra din profil.</val>
		</str>
		<str name="profilelink" translate="yes">
			<val>http://www.adobe.com/go/adobemembership_se</val>
		</str>
		<str name="video1" translate="yes">
			<val>Visa videor med självstudiekurser</val>
		</str>
		<str name="video2" translate="yes">
			<val>Upptäck Adobe CS Live-tjänster</val>
		</str>
		<str name="video1link" translate="yes">
			<val>http://www.adobe.com/go/adobetv_howto</val>
		</str>
		<str name="video2link" translate="yes">
			<val>http://www.adobe.com/go/cslive_se</val>
		</str>
		<str name="done" translate="yes">
			<val>KLAR</val>
		</str>
	</set>
	
	<set name="claimResponse">
		<str name="code_" translate="yes">
			<val></val>
		</str>
		<str name="code_EXCEPTION_TRIAL_EXISTS_FOR_TRIALID" translate="yes">
			<val>Du har redan registrerat dig på Adobe CS Live. Logga in om du vill använda tjänsterna.</val>
		</str>
		<str name="code_EXCEPTION_TRIAL_SKU_LOOKUP_FAILED" translate="yes">
			<val>Det gick inte att starta ditt abonnemang på Adobe CS Live. Försök igen senare.</val>
		</str>

		<str name="code_EXCEPTION_DECODE_FAILED" translate="yes">
			<val>Ogiltigt serienummer. Det gick inte att starta ditt abonnemang på Adobe CS Live.</val>
		</str>
		<str name="code_EXCEPTION_NO_SUCH_USER" translate="yes">
			<val>Det gick inte att starta ditt abonnemang på Adobe CS Live. Försök igen senare.</val>
		</str>
		<str name="code_EXCEPTION_INVALID_DATA" translate="yes">
			<val>Det gick inte att starta ditt abonnemang på Adobe CS Live. Försök igen senare.</val>
		</str>
		<str name="code_EXCEPTION_WCD_TIMEOUT" translate="yes">
			<val>Det gick inte att starta ditt abonnemang på Adobe CS Live. Försök igen senare.</val>
		</str>
		<str name="code_EXCEPTION_AUTHENTICATION_TIMEOUT" translate="yes">
			<val>Det gick inte att starta ditt abonnemang på Adobe CS Live. Försök igen senare.</val>
		</str>
		<str name="code_EXCEPTION_SNSERVER_TIMEOUT" translate="yes">
			<val>Det gick inte att starta ditt abonnemang på Adobe CS Live. Försök igen senare.</val>
		</str>
		<str name="code_EXCEPTION_WCD_SESSION_TIMEOUT" translate="yes">
			<val>Det gick inte att starta ditt abonnemang på Adobe CS Live. Försök igen senare.</val>
		</str>
		<str name="code_EXCEPTION_INTERNAL_TIMEOUT" translate="yes">
			<val>Det gick inte att starta ditt abonnemang på Adobe CS Live. Försök igen senare.</val>
		</str>
		<str name="code_EXCEPTION_INTERNAL_SERVER_ERROR" translate="yes">
			<val>Det gick inte att starta ditt abonnemang på Adobe CS Live. Försök igen senare.</val>
		</str>
		<str name="code_EXCEPTION_SUBSCRIPTION_ALREADY_CLAIMED" translate="yes">
			<val>Du har redan registrerat dig på Adobe CS Live. Logga in om du vill använda tjänsterna.</val>
		</str>
		<str name="code_EXCEPTION_CLAIM_ALREADY_PROCESSED" translate="yes">
			<val>Det här serienumret är redan kopplat till ett abonnemang på Adobe CS Live. Logga in om du vill använda tjänsterna.</val>
		</str>
		<str name="code_ESS_TIMEOUT" translate="yes">
			<val>Det gick inte att starta ditt abonnemang på Adobe CS Live. Försök igen senare.</val>
		</str>
		<str name="code_ESS_FAILURE" translate="yes">
			<val>Det gick inte att starta ditt abonnemang på Adobe CS Live. Försök igen senare.</val>
		</str>
		<str name="code_EXCEPTION_SYSTEM_UNAVAILABLE_noService_time" translate="yes">
			<val>Det pågår underhåll av Adobes registreringsserver för tillfället. Arbetet förväntas vara slutfört vid {0}. Vi beklagar och ber dig försöka igen efter den tidpunkten.</val>
		</str>
		<str name="code_EXCEPTION_SYSTEM_UNAVAILABLE_noService_noTime" translate="yes">
			<val>Det pågår underhåll av Adobes registreringsserver för tillfället. Vi beklagar detta och ber dig försöka igen senare.</val>
		</str>
		<str name="code_EXCEPTION_SYSTEM_UNAVAILABLE_Service_Time" translate="yes">
			<val>Det pågår underhåll av Adobe CS Live för tillfället. Arbetet förväntas vara slutfört vid {0}. Vi beklagar och ber dig försöka igen efter den tidpunkten.</val>
		</str>
		<str name="code_EXCEPTION_SYSTEM_UNAVAILABLE_Service_noTime" translate="yes">
			<val>Det pågår underhåll av Adobe CS Live för tillfället. Vi beklagar detta och ber dig försöka igen senare.</val>
		</str>
	</set>
	
	<set name="dspClaimResponse">
		<str name="failureStatusHeading" translate="yes">
			<val>Det går inte att starta prenumerationen på {0}</val>
		</str>
		
		<str name="supLinkLbl_EXCEPTION_DECODE_FAILED" translate="yes">
			<val>Kontakta kundsupporten</val>
		</str>			
		<str name="supLinkLbl_EXCEPTION_NO_SUCH_USER" translate="yes">
			<val>Kontakta kundsupporten</val>
		</str>		
		<str name="supLinkLbl_EXCEPTION_INVALID_DATA" translate="yes">
			<val>Kontakta kundsupporten</val>
		</str>
		<str name="supLinkLbl_EXCEPTION_SKU_LOOKUP_FAILED" translate="yes">
			<val>Kontakta kundsupporten</val>
		</str>		
		<str name="supLinkLbl_EXCEPTION_AUTHENTICATION_TIMEOUT" translate="yes">
			<val>Kontakta kundsupporten</val>
		</str>
		<str name="supLinkLbl_EXCEPTION_SNSERVER_TIMEOUT" translate="yes">
			<val>Kontakta kundsupporten</val>
		</str>
		<str name="supLinkLbl_EXCEPTION_INTERNAL_TIMEOUT" translate="yes">
			<val>Kontakta kundsupporten</val>
		</str>
		<str name="supLinkLbl_EXCEPTION_INTERNAL_SERVER_ERROR" translate="yes">
			<val>Kontakta kundsupporten</val>
		</str>
		<str name="supLinkLbl_EXCEPTION_SYSTEM_UNAVAILABLE_time" translate="yes">
			<val>Kontakta kundsupporten</val>
		</str>
		<str name="supLinkLbl_EXCEPTION_SYSTEM_UNAVAILABLE" translate="yes">
			<val>Kontakta kundsupporten</val>
		</str>
		<str name="supLinkLbl_EXCEPTION_COMPANY_CODE_MISMATCH" translate="yes">
			<val>Mer information</val>
		</str>
		<str name="supLinkLbl_EXCEPTION_SUBSCRIPTION_ALREADY_CLAIMED_DIFF_ADOBEID" translate="yes">
			<val>Kontakta kundsupporten</val>
		</str>
		<str name="supLinkLbl_ERROR_WITH_INFO" translate="yes">
			<val>Kontakta kundsupporten</val>
		</str>
		<str name="supLinkLbl_GENERIC" translate="yes">
			<val>Kontakta kundsupporten</val>
		</str>


		<str name="supLinkURL_EXCEPTION_DECODE_FAILED" translate="yes">
			<val>http://www.adobe.com/go/support_se</val>
		</str>			
		<str name="supLinkURL_EXCEPTION_NO_SUCH_USER" translate="yes">
			<val>http://www.adobe.com/go/support_se</val>
		</str>		
		<str name="supLinkURL_EXCEPTION_INVALID_DATA" translate="yes">
			<val>http://www.adobe.com/go/support_se</val>
		</str>
		<str name="supLinkURL_EXCEPTION_SKU_LOOKUP_FAILED" translate="yes">
			<val>http://www.adobe.com/go/support_se</val>
		</str>		
		<str name="supLinkURL_EXCEPTION_AUTHENTICATION_TIMEOUT" translate="yes">
			<val>http://www.adobe.com/go/support_se</val>
		</str>
		<str name="supLinkURL_EXCEPTION_SNSERVER_TIMEOUT" translate="yes">
			<val>http://www.adobe.com/go/support_se</val>
		</str>
		<str name="supLinkURL_EXCEPTION_INTERNAL_TIMEOUT" translate="yes">
			<val>http://www.adobe.com/go/support_se</val>
		</str>
		<str name="supLinkURL_EXCEPTION_INTERNAL_SERVER_ERROR" translate="yes">
			<val>http://www.adobe.com/go/support_se</val>
		</str>
		<str name="supLinkURL_EXCEPTION_SYSTEM_UNAVAILABLE_time" translate="yes">
			<val>http://www.adobe.com/go/support_se</val>
		</str>
		<str name="supLinkURL_EXCEPTION_SYSTEM_UNAVAILABLE" translate="yes">
			<val>http://www.adobe.com/go/support_se</val>
		</str>
		<str name="supLinkURL_EXCEPTION_COMPANY_CODE_MISMATCH" translate="yes">
			<val>http://www.adobe.com/go/subscription_learnmore_se</val>
		</str>
		<str name="supLinkURL_EXCEPTION_SUBSCRIPTION_ALREADY_CLAIMED_DIFF_ADOBEID" translate="yes">
			<val>http://www.adobe.com/go/support_se</val>
		</str>
		<str name="supLinkURL_ERROR_WITH_INFO" translate="yes">
			<val>http://www.adobe.com/go/support_se</val>
		</str>
		<str name="supLinkURL_GENERIC" translate="yes">
			<val>http://www.adobe.com/go/support_se</val>
		</str>
		
		
		<str name="code_EXCEPTION_DECODE_FAILED" translate="yes">
			<val>Välj Stäng och starta sedan produkten igen. Du ombeds att starta prenumerationen när du har startat produkten.</val>
		</str>			
		<str name="code_EXCEPTION_NO_SUCH_USER" translate="yes">
			<val>Välj Stäng och starta sedan produkten igen. Du ombeds att starta prenumerationen när du har startat produkten.</val>
		</str>		
		<str name="code_EXCEPTION_INVALID_DATA" translate="yes">
			<val>Välj Stäng och starta sedan produkten igen. Du ombeds att starta prenumerationen när du har startat produkten.</val>
		</str>
		<str name="code_EXCEPTION_SKU_LOOKUP_FAILED" translate="yes">
			<val>Välj Stäng och starta sedan produkten igen. Du ombeds att starta prenumerationen när du har startat produkten.</val>
		</str>		
		<str name="code_EXCEPTION_AUTHENTICATION_TIMEOUT" translate="yes">
			<val>Vänta ett par minuter och försök igen.</val>
		</str>
		<str name="code_EXCEPTION_SNSERVER_TIMEOUT" translate="yes">
			<val>Vänta ett par minuter och försök igen.</val>
		</str>
		<str name="code_EXCEPTION_INTERNAL_TIMEOUT" translate="yes">
			<val>Vänta ett par minuter och försök igen.</val>
		</str>
		<str name="code_EXCEPTION_INTERNAL_SERVER_ERROR" translate="yes">
			<val>Vänta ett par minuter och försök igen.</val>
		</str>
		<str name="code_EXCEPTION_SYSTEM_UNAVAILABLE_time" translate="yes">
			<val>Våra servrar är för närvarande offline på grund av planerat underhåll. Vi beklagar detta och ber dig försöka igen {0}.</val>
		</str>
		<str name="code_EXCEPTION_SYSTEM_UNAVAILABLE" translate="yes">
			<val>Våra servrar är för närvarande offline på grund av planerat underhåll. Vi beklagar detta och ber dig försöka igen senare.</val>
		</str>
		<str name="code_EXCEPTION_COMPANY_CODE_MISMATCH" translate="yes">
			<val>Det land som produkten köptes i motsvarar inte landet som anges på ditt Adobe-konto. Försök igen med ett annat Adobe-id.</val>
		</str>
		<str name="code_EXCEPTION_SUBSCRIPTION_ALREADY_CLAIMED_DIFF_ADOBEID" translate="yes">
			<val>Enligt våra noteringar gäller den här prenumerationen ett annat Adobe-id. Logga in med det Adobe-id och lösenord som användes för att köpa prenumerationen och försök igen. Kontakta kundsupporten om problemet kvarstår.</val>
		</str>
		
		<str name="code_ESS_TIMEOUT" translate="yes">
			<val>Vänta ett par minuter och försök igen.</val>
		</str>
		<str name="code_ESS_FAILURE" translate="yes">
			<val>Vänta ett par minuter och försök igen.</val>
		</str>
		
		<str name="code_GENERIC" translate="yes">
			<val>Välj Stäng och starta sedan produkten igen. Du ombeds att starta prenumerationen när du har startat produkten.</val>
		</str>
	</set>
	
	<set name="bonus">
		<str name="instruct" translate="yes">
			<val>Serienumret du använde för att aktivera produkten är inte längre giltigt. Det här är sista gången du kan starta produkten innan den inaktiveras. Om du vill aktivera den igen måste du ange ett nytt serienummer eller påbörja en testperiod vid nästa start.</val>
		</str>
		<str name="serial" translate="yes">
			<val>Serienummer för {0}</val>
		</str>
		<str name="purchase" translate="yes">
			<val>Du kan köpa ett nytt serienummer på Adobe.com.</val>
		</str>
		<str name="agree" translate="yes">
			<val>Enligt licensavtalet för programvaran görs ett automatiskt försök att aktivera programvaran via Internet. Mer information finns på {0}www.adobe.com/se/activation{1}.</val>
		</str>
		<str name="agreeLink" translate="yes">
			<val>http://www.adobe.com/go/activation_se</val>
		</str>
		<str name="supportLink" translate="yes">
			<val>http://www.adobe.com/go/support_se</val>
		</str>
	</set>	

	<set name="forced">
		<str name="title" translate="yes">
			<val>Aktivering krävs</val>
		</str>
		<str name="warning" translate="yes">
			<val>Det gick inte att aktivera {0} via en Internetanslutning.</val>
		</str>
		<str name="instruct" translate="yes">
			<val>Du måste aktivera för att skydda datorn mot falska kopior, skadlig kod och för att vara säker på att du använder en äkta version av programvaran. Se till att datorn är ansluten till Internet eller utför ett av nedanstående steg för att aktivera.</val>
		</str>
		<str name="statement_days" translate="yes">
			<val>Du har {0} dagar på dig att slutföra aktiveringen sedan går det inte längre att använda produkten.</val>
		</str>
		<str name="statement_last" translate="yes">
			<val>Detta är sista gången produkten kan startas sedan går det inte längre att använda produkten.</val>
		</str>
		<str name="statement_disabled" translate="yes">
			<val>Produkten kan inte användas längre eftersom aktiveringen av den har misslyckats.</val>
		</str>
		<str name="rb1" translate="yes">
			<val>Datorn är nu ansluten till Internet. Försök aktivera igen.</val>
		</str>
		<str name="rb2" translate="yes">
			<val>Det går inte att aktivera via Internet på den här datorn.</val>
		</str>
		<str name="rb3" translate="yes">
			<val>Försök aktivera via Internet nästa gång jag startar produkten.</val>
		</str>
		<str name="learn" translate="yes">
			<val>Läs mer om Adobes aktiveringspolicy på {0}adobe.com/go/activation_se{1}</val>
		</str>
		<str name="learnlink" translate="yes">
			<val>http://www.adobe.com/go/activation_se</val>
		</str>
		<str name="next" translate="yes">
			<val>NÄSTA</val>
		</str>
	</set>	

	<set name="phone">
		<str name="title" translate="yes">
			<val>Aktivering krävs</val>
		</str>
		<str name="instructRet" translate="yes">
			<val>Kontakta {0}kundsupport{1} om du inte kan ansluta till Internet med den här datorn.</val>
		</str>
		<str name="instructVol" translate="yes">
			<val>Be din IT-administratör att kontakta {0}kundsupport{1} om att aktivera den här datorn.</val>
		</str>
		<str name="requireRet" translate="yes">
			<val>Ange följande information för kundsupportrepresentanten.</val>
		</str>
		<str name="requireVol" translate="yes">
			<val>Be din IT-administratör lämna följande information till kundsupport.</val>
		</str>
		<str name="problem" translate="yes">
			<val>Problem:</val>
		</str>
		<str name="license" translate="yes">
			<val>Licens:</val>
		</str>
		<str name="detail1" translate="yes">
			<val>Uppgift 1:</val>
		</str>
		<str name="detail2" translate="yes">
			<val>Uppgift 2:</val>
		</str>
		<str name="serialRet" translate="yes">
			<val>Ange det nummer du fått av kundsupportrepresentanten.</val>
		</str>
		<str name="serialVol" translate="yes">
			<val>Ange det nummer du fått av din IT-administratör.</val>
		</str>
		<str name="learn" translate="yes">
			<val>Läs mer om Adobes aktiveringspolicy på {0}adobe.com/go/activation_se{1}</val>
		</str>
		<str name="learnlink" translate="yes">
			<val>http://www.adobe.com/go/activation_se</val>
		</str>
		<str name="back" translate="yes">
			<val>TILLBAKA</val>
		</str>
		<str name="done" translate="yes">
			<val>KLAR</val>
		</str>
	</set>
	
	<set name="subWelcome_1_2">
		<str name="info" translate="no">
			<val>To launch your product you will need a subscription serial number. Click SUBSCRIBE NOW if you are new to Creative Suite Subscriptions.</val>
		</str>
		<str name="current" translate="no">
			<val>Current Subscribers</val>
		</str>
		<str name="currentInfo" translate="no">
			<val>If you already have a Design Premium CS5 Subscription Edition serial number, please click NEXT to enter it and begin. All current subscribers of Design Premium CS4 Subscription Edition should have received an upgrade serial number via email.</val>
		</str>
		<str name="setUp" translate="no">
			<val>Set up your new subscription account</val>
		</str>
		<str name="billing" translate="no">
			<val>Subscription billing and management is handled through eSellerate, a third party provider.</val>
		</str>
		<str name="subscribeNow" translate="no">
			<val>SUBSCRIBE NOW</val>
		</str>
		<str name="newPurchase" translate="no">
			<val>All newly purchased subscriptions include a coupon code (located on the back of your disk) that you will be able to redeem to receive your first month of subscription for free.</val>
		</str>
		<str name="next" translate="no">
			<val>NEXT</val>
		</str>
		<str name="quit" translate="no">
			<val>QUIT</val>
		</str>
	</set>

	<set name="subMain_1_2">
		<str name="subscribeNow" translate="no">
			<val>SUBSCRIBE NOW</val>
		</str>
		<str name="buyLink" translate="no">
			<val>http://www.esellerate.net</val>
		</str>
		<str name="subscriptionInfo" translate="no">
			<val>Subscription billing and management is handled through eSellerate, a third party provider.</val>
		</str>
		<str name="expiredInfo" translate="no">
			<val>To use the product you will need to purchase a subscription through eSellerate.</val>
		</str>
	</set>
	
	<set name="claimResponse_1_2">
		<str name="code_" translate="no">
			<val></val>
		</str>
		<str name="code_EXCEPTION_DECODE_FAILED" translate="no">
			<val>Invalid serial number. Could not start your CS5 Design Premium subscription.</val>
		</str>
		<str name="code_EXCEPTION_NO_SUCH_USER" translate="no">
			<val>Could not start your CS5 Design Premium subscription. Try again later.</val>
		</str>
		<str name="code_EXCEPTION_INVALID_DATA" translate="no">
			<val>Could not start your CS5 Design Premium subscription. Try again later.</val>
		</str>
		<str name="code_EXCEPTION_WCD_TIMEOUT" translate="no">
			<val>Could not start your CS5 Design Premium subscription. Try again later.</val>
		</str>
		<str name="code_EXCEPTION_SNSERVER_TIMEOUT" translate="no">
			<val>Could not start your CS5 Design Premium subscription. Try again later.</val>
		</str>
		<str name="code_EXCEPTION_WCD_SESSION_TIMEOUT" translate="no">
			<val>Could not start your CS5 Design Premium subscription. Try again later.</val>
		</str>
		<str name="code_EXCEPTION_INTERNAL_TIMEOUT" translate="no">
			<val>Could not start your CS5 Design Premium subscription. Try again later.</val>
		</str>
		<str name="code_EXCEPTION_INTERNAL_SERVER_ERROR" translate="no">
			<val>Could not start your CS5 Design Premium subscription. Try again later.</val>
		</str>
		<str name="code_ESS_TIMEOUT" translate="no">
			<val>Could not start your CS5 Design Premium subscription. Try again later.</val>
		</str>
		<str name="code_ESS_FAILURE" translate="no">
			<val>Could not start your CS5 Design Premium subscription. Try again later.</val>
		</str>
		<str name="code_EXCEPTION_SYSTEM_UNAVAILABLE" translate="no">
			<val>We are currently undergoing maintenance. We apologize for this inconvenience. Please try again later to start your subscription.</val>
		</str>
	</set>

	<set name="subError_1_2">
		<str name="associateFailed" translate="no">
			<val>We are unable to activate your product at this time. You can hit the Back button to try to activate the product again, or to attempt to launch the product in trial mode.</val>
		</str>
		<str name="associateFailed_ID" translate="no">
			<val>We are unable to activate your product at this time. You can hit the Back button to try to activate the product again.</val>
		</str>
		<str name="assocUserNotAuthErr" translate="no">
			<val>The Adobe ID you entered is different than the Adobe ID used to originally activate this subscription. You can hit the Back button to try to activate the product again using a different Adobe ID, or to activate the product using a new subscription serial number.</val>
		</str>
		<str name="assocUserNotAuthErr_ID" translate="no">
			<val>The Adobe ID you entered is different than the Adobe ID used to originally activate this subscription. You can hit the Back button to try to activate the product again using a different Adobe ID.</val>
		</str>
		<str name="checkEntitlementFailed" translate="no">
			<val>We are unable to activate your product at this time. Please try again later.</val>
		</str>
		<str name="disAllIntervalErr" translate="no">
			<val>You have exceeded the maximum number of deactivation attempts allowed in this time period. Please try again later.</val>
		</str>
	</set>

	<set name="subExpired_1_2">
		<str name="instruct_exp" translate="no">
			<val>The serial number you used to purchase this product has expired. If you did not intend to let your Design Premium subscription expire, please call Adobe Customer Care at 
1800-614-863 to resolve the issue.</val>
		</str>
		<str name="instruct_bonus" translate="no">
			<val>The serial number you used to purchase this product has expired. This is your last opportunity to launch the product before it is automatically deactivated. To reactivate, you must provide a new serial number now. If not, your next launch will start  in trial mode and you can provide a new serial number at that time. If you did not intend to let your Design Premium subscription expire, please call Adobe Customer Care at 1800-614-863 to resolve the issue.</val>
		</str>
		<str name="serial" translate="no">
			<val>Serial number for {0}</val>
		</str>
		<str name="purchase" translate="no">
			<val>You can purchase a new subscription serial number through eSellerate, a third party provider.</val>
		</str>
		<str name="back" translate="no">
			<val>BACK</val>
		</str>
		<str name="continue" translate="no">
			<val>CONTINUE</val>
		</str>
		<str name="subscribeNow" translate="no">
			<val>SUBSCRIBE NOW</val>
		</str>
	</set>
	
	<set name="subOverAct_1_2">
		<str name="disassociate" translate="no">
			<val>Deactivate all computers and retry activation. You will be able to reactivate on one of your other computers by logging in with your Adobe ID at product launch.</val>
		</str>
		<str name="provide" translate="no">
			<val>Provide another serial number for this product.</val>
		</str>
		<str name="subscribeNow" translate="no">
			<val>SUBSCRIBE NOW</val>
		</str>
		<str name="back" translate="no">
			<val>BACK</val>
		</str>
		<str name="continue" translate="no">
			<val>CONTINUE</val>
		</str>
	</set>
	
	<set name="subConErr_1_2">
		<str name="title" translate="no">
			<val>Verifying Subscription Status</val>
		</str>
		<str name="progress" translate="no">
			<val>Verifying Subscription Status...</val>
		</str>
		<str name="contact" translate="no">
			<val>We need to contact Adobe Servers every thirty days to validate the status of your Design Premium subscription. In order to conduct this validation you must be connected to the internet. After we have verified your status, you can disconnect from the internet.</val>
		</str>
		<str name="contactExp" translate="no">
			<val>We need to contact Adobe Servers every thirty days to validate the status of your Design Premium subscription. In order to conduct this validation you must be connected to the internet. After we have verified your status, you can disconnect from the internet. If you do not successfully connect to the internet, this will be the last time you will be able to launch your product offline.</val>
		</str>
		<str name="error" translate="no">
			<val>Please connect to the Internet, then press Continue</val>
		</str>			
		<str name="assist" translate="no">
			<val>Connection Support</val>
		</str>			
		<str name="continue" translate="no">
			<val>CONTINUE</val>
		</str>
		<str name="assistlink" translate="no">
			<val>http://www.adobe.com</val>
		</str>
		<str name="continue" translate="no">
			<val>CONTINUE</val>
		</str>
	</set>
	
	<set name="dspReminder">
		<str name="reminder" translate="yes">
			<val>Påminnelse om prenumeration</val>
		</str>
		<str name="grace" translate="yes">
			<val>Prenumeration har gått ut</val>
		</str>
		<str name="infoReminder" translate="yes">
			<val>Din prenumeration upphör snart.</val>
		</str>
		<str name="infoGrace" translate="yes">
			<val>Din prenumeration på {0} har upphört.</val>
		</str>
		<str name="offline" translate="yes">
			<val>Det gick inte att ansluta till Internet. Kontrollera anslutningsinställningarna och välj Försök igen.</val>
		</str>
		<str name="reminderPeriod" translate="yes">
			<val>Enligt våra noteringar har inget kreditkort kopplats till det här prenumerationskontot. Välj Förnya om du vill ange ett kreditkort och förnya prenumerationen.</val>
		</str>
		<str name="reminderPeriodOffline" translate="yes">
			<val>Enligt våra noteringar har inget kreditkort kopplats till det här prenumerationskontot. Välj Förnya om du vill ange ett kreditkort och förnya prenumerationen.</val>
		</str>
		<str name="gracePeriod" translate="yes">
			<val>Välj Förnya om du vill fortsätta att använda produkten utan avbrott. Du har dock en kort respitperiod på dig att förnya din prenumeration, sedan kan du inte längre använda den här produkten.</val>
		</str>
		<str name="gracePeriodOffline" translate="yes">
			<val>Du måste ha en fungerande Internetanslutning för att kunna använda den här produkten. Du har dock en kort respitperiod på dig att förnya din prenumeration, sedan kan du inte längre använda den här produkten.</val>
		</str>
		<str name="bonusPeriod" translate="yes">
			<val>Välj Förnya om du vill fortsätta att använda produkten utan avbrott. Om du inte förnyar produkten kan du inte längre använda den. Om du nyligen har förnyat prenumerationen väntar du i minst 15 minuter och startar sedan produkten igen.</val>
		</str>
		<str name="viewPolicy" translate="yes">
			<val>Visa prenumerationspolicy</val>
		</str>
		<str name="subPolicyLink" translate="yes">
			<val>http://www.adobe.com/go/subscription_policy_se</val>
		</str>
		<str name="subscriptionLink" translate="no">
			<val>http://www.adobe.com/go/subscriptionedition</val>
		</str>
		<str name="daysRemain" translate="yes">
			<val>ÅTERSTÅENDE DAGAR</val>
		</str>
		<str name="daysRemainAlternate" translate="yes">
			<val>DAG ÅTERSTÅR</val>
		</str>
		<str name="later" translate="yes">
			<val>PÅMINN MIG SENARE</val>
		</str>
		<str name="continue" translate="yes">
			<val>FORTSÄTT</val>
		</str>
		<str name="tryAgain" translate="yes">
			<val>FÖRSÖK IGEN</val>
		</str>
		<str name="renew" translate="yes">
			<val>FÖRNYA</val>
		</str>
	</set>
	
	<set name="dspExpired">
		<str name="title" translate="yes">
			<val>Prenumeration har gått ut</val>
		</str>
		<str name="renewOption" translate="yes">
			<val>Förnya min prenumeration på {0}</val>
		</str>
		<str name="renewMsg" translate="yes">
			<val>Välj Förnya om du vill fortsätta att använda produkten utan avbrott. Om du precis har förnyat prenumerationen väntar du i 15 minuter och försöker sedan igen.</val>
		</str>
		<str name="renewLinkText" translate="yes">
			<val>Förnya</val>
		</str>
		<str name="renewLink" translate="no">
			<val>http://www.adobe.com/go/subscriptionedition</val>
		</str>
		<str name="serialOption" translate="yes">
			<val>Ange ett nytt serienummer</val>
		</str>
		<str name="purchaseLinkText" translate="yes">
			<val>Köp Adobe-program</val>
		</str>
		<str name="serialError" translate="yes">
			<val>Serienumret är inte giltigt för den här produkten.</val>
		</str>
		<str name="locateTT" translate="yes">
			<val>Ditt serienummer finns på baksidan av DVD-fodralet, på licenscertifikatet för Adobe Open Options eller på det kvitto som skickades till dig via e-post från Adobe.com Store (endast köp av hämtningsbara filer).</val>
		</str>
		<str name="used" translate="yes">
			<val>Det här serienumret används för: {0}</val>
		</str>			
		<str name="agree" translate="yes">
			<val>Enligt licensavtalet för programvaran görs ett automatiskt försök att aktivera programvaran via Internet. Mer information finns på {0}www.adobe.com/se/activation{1}.</val>
		</str>
		<str name="activationLink" translate="yes">
			<val>http://www.adobe.com/go/activation_se</val>
		</str>
		<str name="continue" translate="yes">
			<val>FORTSÄTT</val>
		</str>
		<str name="tryAgain" translate="yes">
			<val>FÖRSÖK IGEN</val>
		</str>
		<str name="quit" translate="yes">
			<val>Avsluta</val>
		</str>
	</set>
	
	<set name="dspOverActivation">
		<str name="title" translate="yes">
			<val>Aktivering</val>
		</str>
		<str name="limit" translate="yes">
			<val>{0} har redan aktiverats på en annan dator</val>
		</str>
		<str name="alreadyActivated" translate="yes">
			<val>Enligt våra noteringar har den här produkten redan aktiverats på en annan dator. Välj Nästa om du vill aktivera prenumerationen på den här datorn och inaktivera den på den andra datorn.</val>
		</str>
		<str name="actPolicyLinkText" translate="yes">
			<val>Visa aktiveringspolicy</val>
		</str>
		<str name="actPolicyLink" translate="yes">
			<val>http://www.adobe.com/go/activation_se</val>
		</str>
		<str name="quit" translate="yes">
			<val>Avsluta</val>
		</str>
		<str name="next" translate="yes">
			<val>NÄSTA</val>
		</str>
	</set>
	
	<set name="dspUnableToActivate">
		<str name="title" translate="yes">
			<val>Aktivering</val>
		</str>
		<str name="failureMessage" translate="yes">
			<val>Det gick inte att aktivera {0}</val>
		</str>
		<str name="labelHead" translate="yes">
			<val>Du måste aktivera produkten för att kunna använda den.</val>
		</str>
		<str name="message" translate="yes">
			<val>Du måste ha en fungerande Internetanslutning för att kunna aktivera den här produkten. Kontrollera anslutningsinställningarna och välj Försök igen.</val>
		</str>
		<str name="activationMessage" translate="yes">
			<val>Mer information om aktivering finns i {0}Adobes aktiveringspolicy{1}.</val>
		</str>
		<str name="activationLink" translate="yes">
			<val>http://www.adobe.com/go/activation_se</val>
		</str>
		<str name="quit" translate="yes">
			<val>Avsluta</val>
		</str>
		<str name="tryAgain" translate="yes">
			<val>FÖRSÖK IGEN</val>
		</str>
	</set>
	
	<set name="dspErrorTryAgain">
		<str name="title" translate="yes">
			<val>Försök igen</val>
		</str>
		<str name="header" translate="yes">
			<val>Det går inte att starta prenumerationen på {0}</val>
		</str>
		
		<str name="checkEntitlementGenericError_Title" translate="yes">
			<val>Det går inte att starta prenumerationen på {0}</val>
		</str>
		<str name="checkEntitlementGenericError_Message" translate="yes">
			<val>Vänta ett par minuter och försök igen.</val>
		</str>
		<str name="checkEntitlementGenericError_LinkText" translate="yes">
			<val>Kontakta kundsupporten</val>
		</str>
		<str name="checkEntitlementGenericError_Link" translate="yes">
			<val>http://www.adobe.com/go/support_se</val>
		</str>
		<str name="checkEntitlementGenericError_Next" translate="yes">
			<val>FÖRSÖK IGEN</val>
		</str>
		<str name="checkEntitlementGenericError_Back" translate="yes">
			<val>STÄNG</val>
		</str>
		
		<str name="checkEntitlementOfflineError_Title" translate="yes">
			<val>Du är inte ansluten till Internet</val>
		</str>
		<str name="checkEntitlementOfflineError_Message" translate="yes">
			<val>Du måste vara ansluten till Internet för att kunna använda den här produkten. Kontrollera att nätverksanslutningen är aktiv och försök igen genom att klicka på knappen. Kontakta kundsupporten om problemet kvarstår.</val>
		</str>
		<str name="checkEntitlementOfflineError_LinkText" translate="yes">
			<val>Kontakta kundsupporten</val>
		</str>
		<str name="checkEntitlementOfflineError_Link" translate="yes">
			<val>http://www.adobe.com/go/support_se</val>
		</str>
		<str name="checkEntitlementOfflineError_Next" translate="yes">
			<val>FÖRSÖK IGEN</val>
		</str>
		<str name="checkEntitlementOfflineError_Back" translate="yes">
			<val>TILLBAKA</val>
		</str>
		
		<str name="tryAgain" translate="yes">
			<val>FÖRSÖK IGEN</val>
		</str>
		<str name="close" translate="yes">
			<val>STÄNG</val>
		</str>
	</set>
	
	<set name="dspVerified">
		<str name="title" translate="yes">
			<val>Tack</val>
		</str>
		<str name="verified" translate="yes">
			<val>Din prenumeration på {0} är nu aktiv. Välj Fortsätt om du vill använda produkten.</val>
		</str>
		<str name="continue" translate="yes">
			<val>FORTSÄTT</val>
		</str>
	</set>
	
	<set name="calendar">
		<str name="remaining" translate="yes">
			<val>{0} dagar återstår</val>
		</str>
		<str name="remainingAlternate" translate="yes">
			<val>{0} dag återstår</val>
		</str>
	</set>
	
	<set name="dspPrescreenResponse">
		<str name="header_NOT_ENABLED" translate="yes">
			<val>Din prenumeration på {0} har upphört</val>
		</str>
		<str name="body_NOT_ENABLED" translate="yes">
			<val>Förnya prenumerationen eller välj Tillbaka om du vill ange ett annat serienummer.</val>
		</str>
		<str name="linkText_NOT_ENABLED" translate="yes">
			<val>Förnya min prenumeration</val>
		</str>
		<str name="link_NOT_ENABLED" translate="no">
			<val>http://www.adobe.com/go/subscriptionedition</val>
		</str>
		<str name="header_OFFLINE" translate="yes">
			<val>Det går inte att ansluta till Internet</val>
		</str>
		<str name="body_OFFLINE" translate="yes">
			<val>Du måste ha en fungerande Internetanslutning för att kunna använda den här produkten. Kontrollera anslutningsinställningarna och välj Försök igen. Kontakta kundsupporten om problemet kvarstår.</val>
		</str>
		<str name="linkText_OFFLINE" translate="yes">
			<val>Kontakta kundsupporten</val>
		</str>
		<str name="link_OFFLINE" translate="yes">
			<val>http://www.adobe.com/go/support_se</val>
		</str>
		<str name="header_GENERIC_ERROR" translate="yes">
			<val>Det går inte att starta prenumerationen på {0}</val>
		</str>
		<str name="body_GENERIC_ERROR" translate="yes">
			<val>Vänta ett par minuter och försök igen.</val>
		</str>
		<str name="linkText_GENERIC_ERROR" translate="yes">
			<val>Kontakta kundsupporten</val>
		</str>
		<str name="link_GENERIC_ERROR" translate="yes">
			<val>http://www.adobe.com/go/support_se</val>
		</str>
		<str name="back" translate="yes">
			<val>TILLBAKA</val>
		</str>
		<str name="tryAgain" translate="yes">
			<val>FÖRSÖK IGEN</val>
		</str>
	</set>
	
	<set name="dspSuspended">
		<str name="title_actSuspended" translate="yes">
			<val>Aktivering</val>
		</str>
		<str name="header_actSuspended" translate="yes">
			<val>Det gick inte att aktivera {0}</val>
		</str>
		<str name="msg1_actSuspended" translate="yes">
			<val>Ditt systemdatum överensstämmer inte med datumet på vår server.</val>
		</str>
		<str name="msg2_actSuspended" translate="yes">
			<val>Adobes serverdatum: {0}</val>
		</str>
		<str name="msg3_actSuspended" translate="yes">
			<val>Ditt systemdatum kan ligga upp till tre dagar före/efter Adobes serverdatum. Kontrollera datuminställningarna på datorn och välj Försök igen. Kontakta kundsupporten om problemet kvarstår.</val>
		</str>

		<str name="title_subSuspended" translate="yes">
			<val>Prenumerationen inaktiverad</val>
		</str>
		<str name="header_subSuspended" translate="yes">
			<val>Prenumeration på {0} har inaktiverats</val>
		</str>
		<str name="msg1_subSuspended" translate="yes">
			<val>Ditt systemdatum överensstämmer inte med datumet på vår server.</val>
		</str>
		<str name="msg2_subSuspended" translate="yes">
			<val>Adobes serverdatum: {0}</val>
		</str>
		<str name="msg3_subSuspended" translate="yes">
			<val>Ditt systemdatum kan ligga upp till tre dagar före eller efter Adobes serverdatum. Kontrollera datuminställningarna på datorn och välj Försök igen. Kontakta kundsupporten om problemet kvarstår.</val>
		</str>
		
		<str name="title_subWindback" translate="yes">
			<val>Prenumerationen inaktiverad</val>
		</str>
		<str name="header_subWindback" translate="yes">
			<val>Prenumeration på {0} har inaktiverats</val>
		</str>
		<str name="msg1_subWindback" translate="yes">
			<val>Tids- och datuminställningarna kan ha ändrats på din dator.</val>
		</str>
		<str name="msg3_subWindback" translate="yes">
			<val>Kontrollera datum- och tidsinställningarna på datorn och välj Försök igen. Kontakta kundsupporten om problemet kvarstår.</val>
		</str>

		<str name="custSuppAsst" translate="yes">
			<val>Kontakta kundsupporten</val>
		</str>
		<str name="supportlink" translate="yes">
			<val>http://www.adobe.com/go/support_se</val>
		</str>
		<str name="actPolicyLinkText" translate="yes">
			<val>Visa aktiveringspolicy</val>
		</str>
		<str name="actPolicyLink" translate="yes">
			<val>http://www.adobe.com/go/activation_se</val>
		</str>
		<str name="quit" translate="yes">
			<val>AVSLUTA</val>
		</str>
		<str name="tryAgain" translate="yes">
			<val>FÖRSÖK IGEN</val>
		</str>
	</set>
	
	<set name="dateTimeFormats">
		<str name="dateFormat_Long" translate="yes">
			<val>{1} {0} {2}</val>
		</str>
	</set>

	<set name="monthsFull">
		<str name="1" translate="yes">
			<val>jan</val>
		</str>
		<str name="2" translate="yes">
			<val>feb</val>
		</str>
		<str name="3" translate="yes">
			<val>mar</val>
		</str>
		<str name="4" translate="yes">
			<val>apr</val>
		</str>
		<str name="5" translate="yes">
			<val>maj</val>
		</str>
		<str name="6" translate="yes">
			<val>jun</val>
		</str>
		<str name="7" translate="yes">
			<val>jul</val>
		</str>
		<str name="8" translate="yes">
			<val>aug</val>
		</str>
		<str name="9" translate="yes">
			<val>sep</val>
		</str>
		<str name="10" translate="yes">
			<val>okt</val>
		</str>
		<str name="11" translate="yes">
			<val>nov</val>
		</str>
		<str name="12" translate="yes">
			<val>dec</val>
		</str>
	</set>
	
	<set name="authProxy">
		<str name="instruct" translate="yes">
			<val>Ange ditt användarnamn och lösenord för proxyservern:</val>
		</str>
		<str name="username" translate="yes">
			<val>Användarnamn:</val>
		</str>
		<str name="password" translate="yes">
			<val>Lösenord:</val>
		</str>
		<str name="remember" translate="yes">
			<val>Kom ihåg mitt lösenord</val>
		</str>
		<str name="fail" translate="yes">
			<val>Det gick inte att verifiera användaren. Kontrollera användarnamnet och lösenordet och försök igen.</val>
		</str>
		<str name="ok" translate="yes">
			<val>OK</val>
		</str>
		<str name="cancel" translate="yes">
			<val>AVBRYT</val>
		</str>
	</set>

	<set name="isoToLanguage">
								<str name="ar_AE" translate="no"><val>العربية</val></str>
		<str name="en_GB" translate="no"><val>English (International)</val></str> 
		<str name="fr_CA" translate="no"><val>Français canadien</val></str>
		<str name="es_QM" translate="no"><val>Español (Middle East)</val></str>
		<str name="es_LA" translate="no"><val>Español de América Latina</val></str>
		<str name="es_NA" translate="no"><val>Español Norteamericano</val></str>
		<str name="bg_BG" translate="no"><val>Български</val></str>
		<str name="lv_LV" translate="no"><val>Latviešu</val></str>
		<str name="et_EE" translate="no"><val>Eesti</val></str>
		<str name="hr_HR" translate="no"><val>hrvatski</val></str>
		<str name="sl_SI" translate="no"><val>slovenščina</val></str>
		<str name="sk_SK" translate="no"><val>slovenčina</val></str>
		<str name="th_TH" translate="no"><val>ภาษาไทย</val></str> 
		<str name="vi_VN" translate="no"><val>Việt</val></str>
		<str name="en_XC" translate="no"><val>English (Central Europe)</val></str> 
		<str name="en_XM" translate="no"><val>English (Middle East)</val></str>
		<str name="fr_XM" translate="no"><val>Français Oriental Moyen</val></str>
		<str name="sq_AL" translate="no"><val>Shqip</val></str> 
								<str name="ar_SA" translate="no"><val>العربية</val></str>
		<str name="be_BY" translate="no"><val>Беларуская</val></str> 
		<str name="ca_ES" translate="no"><val>Català</val></str> 
								<str name="hi_IN" translate="no"><val>हिन्दी</val></str>
		<str name="is_IS" translate="no"><val>Íslenska</val></str> 
		<str name="lt_LT" translate="no"><val>Lietuvių</val></str>
		<str name="mk_MK" translate="no"><val>македонски</val></str>
		<str name="nn_NO" translate="no"><val>Norsk (Nynorsk)</val></str>
		<str name="pt_PT" translate="no"><val>Português de Portugal</val></str> 
		<str name="sh_YU" translate="no"><val>Srpsko-Hrvatski</val></str> 
		<str name="sr_YU" translate="no"><val>Cрпски</val></str> 
		<str name="kk_KZ" translate="no"><val>Қазақ</val></str>
		<str name="az_AZ" translate="no"><val>Azərbaycan dili</val></str> 
		<str name="es_MX" translate="no"><val>Español (América Latina)</val></str>
		<str name="no_NO" translate="no"><val>Norwegian</val></str> 
		<str name="cs_CZ" translate="no"><val>Česky</val></str>
		<str name="de_DE" translate="no"><val>Deutsch</val></str>
		<str name="el_GR" translate="no"><val>Ελληνικά</val></str>
		<str name="en_US" translate="no"><val>English (North America)</val></str> 
		<str name="es_ES" translate="no"><val>Español</val></str> 
		<str name="fr_FR" translate="no"><val>Français</val></str>
								<str name="he_IL" translate="no"><val>עברית</val></str> 
		<str name="hu_HU" translate="no"><val>Magyar</val></str> 
		<str name="it_IT" translate="no"><val>Italiano</val></str>
		<str name="ja_JP" translate="no"><val>日本語</val></str>
		<str name="ko_KR" translate="no"><val>한국어</val></str>
		<str name="nl_NL" translate="no"><val>Nederlands</val></str>
		<str name="pl_PL" translate="no"><val>Polski</val></str>
		<str name="ro_RO" translate="no"><val>Română</val></str>
		<str name="ru_RU" translate="no"><val>Pусский</val></str>
		<str name="sv_SE" translate="no"><val>Svenska</val></str>
		<str name="tr_TR" translate="no"><val>Türkçe</val></str>
		<str name="uk_UA" translate="no"><val>Українська</val></str>
		<str name="zh_CN" translate="no"><val>简体中文</val></str>
		<str name="zh_TW" translate="no"><val>繁體中文</val></str>
		<str name="da_DK" translate="no"><val>Dansk</val></str>
		<str name="fi_FI" translate="no"><val>Suomi</val></str>
		<str name="nb_NO" translate="no"><val>Norsk (Bokmål)</val></str> 
		<str name="pt_BR" translate="no"><val>Português do Brasil</val></str>
	</set>
		
</asf>
