<?xml version='1.0' encoding='utf-8'?>
<!DOCTYPE asf SYSTEM "http://ns.adobe.com/asf/asf_1_0.dtd" >
<asf xmlns="http://ns.adobe.com/asf" locale="pt_BR" version="1.0">
	
	<set name="common">
		<str name="adobeProduct" translate="yes">
			<val>Produto Adobe</val>
		</str>
		<str name="adobeTrial" translate="yes">
			<val>Versão de avaliação de produto da Adobe</val>
		</str>
		<str name="actPolicy" translate="yes">
			<val>Política de ativação da Adobe</val>
		</str>
		<str name="subEdition" translate="no">
			<val>Subscription Edition</val>
		</str>
		<str name="progressMessage" translate="yes">
			<val>Conectando...</val>
		</str>
	</set>
	
	<set name="provision">
		<str name="buy" translate="yes">
			<val>COMPRAR</val>
		</str>			
		<str name="remain" translate="yes">
			<val>DIAS RESTANTES</val>
		</str>
		<str name="authAdobeID" translate="yes">
			<val>Autenticando ID da Adobe...</val>
		</str>
	</set>

	<set name="eula">
		<str name="eula" translate="yes">
			<val>Contrato de licença de software da Adobe</val>
		</str>
		<str name="view" translate="yes">
			<val>Visualizar em:</val>
		</str>
		<str name="accept" translate="yes">
			<val>ACEITAR</val>
		</str>
		<str name="decline" translate="yes">
			<val>RECUSAR</val>
		</str>		
		<str name="quit" translate="yes">
			<val>SAIR</val>
		</str>		
	</set>

	<set name="activate">
		<str name="title" translate="yes">
			<val>Ativação</val>
		</str>
		<str name="progress" translate="yes">
			<val>Ativando...</val>
		</str>			
		<str name="fail" translate="yes">
			<val>Falha de ativação</val>
		</str>			
		<str name="contact" translate="yes">
			<val>Estamos entrando em contato com a Adobe para ativar esta cópia do produto {0} usando o número de série fornecido.</val>
		</str>
		<str name="contact_forced" translate="yes">
			<val>Estamos entrando em contato com a Adobe para ativar esta cópia do {0}</val>
		</str>
		<str name="limit" translate="yes">
			<val>Limite de ativação alcançado para {0}.</val>
		</str>	
		<str name="already" translate="yes">
			<val>Este número de série já foi ativado em dois computadores.</val>
		</str>
		<str name="alreadyError" translate="yes">
			<val>Este número de série já foi ativado em dois computadores. Você deve corrigir este problema para continuar.</val>
		</str>
		<str name="retryOption" translate="yes">
			<val>Repetir ativação. Eu já desativei um dos meus computadores.</val>
		</str>
		<str name="subRetryOption" translate="yes">
			<val>Desative todos os computadores e execute a ativação novamente.</val>
		</str>	
		<str name="provide" translate="yes">
			<val>Forneça outro número de série para este produto.</val>
		</str>	
		<str name="provideBlurb" translate="yes">
			<val>A ID da Adobe é obrigatória para usar este software como uma versão de avaliação.</val>
		</str>	
		<str name="serialBlurb" translate="yes">
			<val>Forneça um número de série.</val>
		</str>	
		<str name="serialNumberMessage" translate="yes">
			<val>Este número de série será usado para: {0}</val>
		</str>
		<str name="serialActivationMessage" translate="yes">
			<val>De acordo com o Contrato de licença de software, o software poderá tentar automaticamente ativar o produto pela Internet. Consulte {0}www.adobe.com/activation{1} para obter mais detalhes.</val>
		</str>
		<str name="activationLink" translate="yes">
			<val>http://www.adobe.com/go/activation_br</val>
		</str>
		<str name="buyWarning1" translate="yes">
			<val>Se você escolher Lembrar-me mais tarde, terá {0} dias para corrigir o problema; caso contrário o software parará de funcionar.</val>
		</str>	
		<str name="buyWarning2" translate="yes">
			<val>Esta será a última utilização deste produto, a menos que a correção seja feita.</val>
		</str>	
		<str name="buyWarning3" translate="yes">
			<val>Você deve corrigir esse problema para continuar a usar esse produto.</val>
		</str>	
		<str name="buyWarningRefuse" translate="yes">
			<val>Se você escolher Lembrar-me mais tarde, terá que corrigir esse problema na próxima inicialização do produto.</val>
		</str>	
		<str name="buyWarningRefuse2" translate="yes">
			<val>Você deve corrigir esse problema para usar esse produto.</val>
		</str>
		<str name="learn" translate="yes">
			<val>Para saber mais sobre Ativação, consulte a {0}Política de ativação da Adobe{1}.</val>
		</str>
		<str name="learnlink" translate="yes">
			<val>http://www.adobe.com/go/activation_br</val>
		</str>
		<str name="invalid" translate="yes">
			<val>Número de série inválido</val>
		</str>	
		<str name="sninvalid" translate="yes">
			<val>Este número de série parece ser inválido.</val>
		</str>	
		<str name="hasfailure" translate="yes">
			<val>Não conseguimos ativar seu produto. Pressione Repetir para tentar novamente. Para obter mais informações, consulte a {0}Política de ativação da Adobe{1}.</val>
		</str>
		<str name="hasfailure1" translate="yes">
			<val>Não conseguimos ativar seu produto. Pressione Repetir. Para obter mais informações, consulte a {0}Política de ativação da Adobe{1}.</val>
		</str>
		<str name="mustDeactivate" translate="yes">
			<val>Para corrigir e ativar com êxito este produto, você deve desativar uma das cópias ativadas.</val>
		</str>	
		<str name="howTo" translate="yes">
			<val>Como desativar:</val>
		</str>	
		<str name="deactivateInstruct" translate="yes">
			<val>Inicie uma das cópias do produto {0}, clique no menu Ajuda e selecione Desativar. Em seguida, inicie esta cópia novamente. Se você já tiver desativado, tente novamente.</val>
		</str>	
		<str name="errorCode" translate="yes">
			<val>Código de erro: {0}</val>
		</str>
		<str name="errorCode1" translate="yes">
			<val>Código de erro: #{0}</val>
		</str>
		<str name="success" translate="yes">
			<val>Esta cópia de {0} foi ativada com êxito e está pronta para uso.</val>
		</str>
		<str name="error" translate="yes">
			<val>Conecte-se à Internet e pressione Continuar</val>
		</str>			
		<str name="assist" translate="yes">
			<val>Suporte à conexão</val>
		</str>
		<str name="assistlink" translate="yes">
			<val>http://www.adobe.com/go/activation_br</val>
		</str>		
		<str name="try" translate="yes">
			<val>TENTAR NOVAMENTE</val>
		</str>			
		<str name="later" translate="yes">
			<val>ATIVAR MAIS TARDE</val>
		</str>			
		<str name="close" translate="yes">
			<val>FECHAR</val>
		</str>
		<str name="quit" translate="yes">
			<val>SAIR</val>
		</str>
		<str name="done" translate="yes">
			<val>CONCLUÍDO</val>
		</str>
		<str name="remind" translate="yes">
			<val>LEMBRAR-ME MAIS TARDE</val>
		</str>
		<str name="continue" translate="yes">
			<val>CONTINUAR</val>
		</str>
		<str name="retry" translate="yes">
			<val>REPETIR</val>
		</str>
		<str name="back" translate="yes">
			<val>VOLTAR</val>
		</str>			
		<str name="errCode" translate="yes">
			<val>Código de erro: </val>
		</str>
		<str name="unknownErr" translate="yes">
			<val>Desconhecido</val>
		</str>
		<str name="serialError" translate="yes">
			<val>Este número de série não é válido para este produto.</val>
		</str>
		<str name="denybuyLink" translate="no">
			<val>http://www.adobe.com/go/denybuy_br</val>
		</str>
	</set>

	<set name="inAppTrial">
		<str name="serial" translate="yes">
			<val>INFORMAR NÚMERO DE SÉRIE</val>
		</str>
		<str name="contentLoading" translate="yes">
			<val>Carregando conteúdo...</val>
		</str>
	</set>
	
	<set name="privacy">
		<str name="title" translate="yes">
			<val>Configurações de privacidade</val>
		</str>
		<str name="content" translate="yes">
			<val>Adobe utiliza as informações coletadas no momento do download e durante a utilização do produto de teste, a fim de lhe proporcionar uma experiência personalizada.{0}Além disso, a Adobe poderá utilizar as informações coletadas para fins internos para ajudar a avaliar e aprimorar a experiência do cliente. Em nenhum momento qualquer informação pessoal que o identifique será associada à utilização deste produto de teste.{0}Se você preferir a Adobe não utilizará ou coletará qualquer informação relacionada ao seu produto de teste, você pode desativar isso marcando a caixa abaixo. A próxima vez que você iniciar o teste, nenhum dado relacionado ao teste será coletado e o conteúdo personalizado será desligado.{0}Para obter mais informações sobre as práticas de privacidade da Adobe, visualize nossa {1}Política de privacidade on-line{2}.</val>
		</str>
		<str name="privacyLink" translate="yes">
			<val>http://www.adobe.com/go/privacy_br</val>
		</str>
		<str name="request" translate="yes">
			<val>Desative o conteúdo personalizado.</val>
		</str>
		<str name="ok" translate="yes">
			<val>OK</val>
		</str>
		<str name="cancel" translate="yes">
			<val>CANCELAR</val>
		</str>
	</set>
	
	<set name="video">
		<str name="playAgain" translate="yes">
			<val>Reproduzir novamente.</val>
		</str>
		<str name="nextTut" translate="yes">
			<val>Próximo</val>
		</str>
		<str name="loading" translate="yes">
			<val>Carregando vídeo...</val>
		</str>
		<str name="error" translate="yes">
			<val>Erro ao carregar conteúdo\nTente novamente mais tarde.</val>
		</str>
		<str name="tryAgain" translate="yes">
			<val>Tentar novamente.</val>
		</str>
		<str name="escapeExit" translate="yes">
			<val>Clique em ESC para sair do modo de tela expandida.</val>
		</str>
	</set>
	
	
	<set name="trial">
		<str name="title" translate="yes">
			<val>{0} Avaliação</val>
		</str>
		<str name="back" translate="yes">
			<val>VOLTAR</val>
		</str>
		<str name="serial" translate="yes">
			<val>Forneça um número de série</val>
		</str>
		<str name="lang" translate="yes">
			<val>Idioma:</val>
		</str>	
		<str name="trial" translate="yes">
			<val>Continuar a usar como versão de avaliação</val>
		</str>
		<str name="continue" translate="yes">
			<val>CONTINUAR COM VERSÃO DE AVALIAÇÃO</val>
		</str>
		<str name="continueSerial" translate="yes">
			<val>CONTINUAR</val>
		</str>
		<str name="start" translate="yes">
			<val>INICIAR VERSÃO DE AVALIAÇÃO</val>
		</str>
		<str name="cancel" translate="yes">
			<val>CANCELAR</val>
		</str>
		<str name="close" translate="yes">
			<val>FECHAR</val>
		</str>
		<str name="quit" translate="yes">
			<val>SAIR</val>
		</str>
		<str name="skip" translate="yes">
			<val>PULAR</val>
		</str>
		<str name="serialError" translate="yes">
			<val>Este número de série não é válido para este produto.</val>
		</str>
		<str name="instruct" translate="yes">
			<val>É necessária uma ID da Adobe para usar este software como uma versão de avaliação. Você terá sete dias a partir da primeira inicialização para inserir sua ID da Adobe.</val>
		</str>			
		<str name="locateTT" translate="yes">
			<val>Seu número de série está localizado na parte traseira do DVD, no certificado de licenças da Adobe Open Options ou no email recebido da loja da Adobe.com (apenas para compras por download).</val>
		</str>
		<str name="one" translate="yes">
			<val>Você tem permissão para usar este produto apenas mais uma vez. Depois disso, será necessário inserir um número de série para continuar.</val>
		</str>
		<str name="nomore" translate="yes">
			<val>Talvez você possa converter esta versão de avaliação ao comprar o produto e inserir o número de série.</val>
		</str>
		<str name="license" translate="yes">
			<val>Contrato de licença de software da Adobe</val>
		</str>	
		<str name="eulaLink" translate="yes">
			<val>http://www.adobe.com/go/eulas_br</val>
		</str>		
		<str name="expire" translate="yes">
			<val>A versão de avaliação expirou.</val>
		</str>			
		<str name="used" translate="yes">
			<val>Este número de série será usado para: {0}</val>
		</str>			
		<str name="agree" translate="yes">
			<val>De acordo com o Contrato de licença de software, o software poderá tentar automaticamente ativar o produto pela Internet. Consulte {0}www.adobe.com/activation{1} para obter mais detalhes.</val>
		</str>
		<str name="activationLink" translate="yes">
			<val>http://www.adobe.com/go/activation_br</val>
		</str>
		<str name="buyLink" translate="no">
			<val>http://www.adobe.com/go/buy</val>
		</str>			
	</set>

	<set name="trialerror">
		<str name="warning" translate="yes">
			<val>Problema com a avaliação.</val>
		</str>
		<str name="instruct" translate="yes">
			<val>Ocorreu um problema ao iniciar a versão de avaliação de {0}. Para continuar usando este produto, volte e insira seu número de série.</val>
		</str>
	</set>

	<set name="deactivate">
		<str name="title" translate="yes">
			<val>Desativação</val>
		</str>
		<str name="instruct" translate="yes">
			<val>A desativação permite que você ative seu produto Adobe em outro computador, desde que esteja agindo de acordo com o {0}Contrato de licença de software{1}. Certifique-se de estar conectado à Internet antes da desativação.</val>
		</str>
		<str name="instructSubscription" translate="yes">
			<val>A desativação não cancela sua assinatura. Para modificar sua assinatura, visite {0}adobe.com/br{1}.</val>
		</str>
		<str name="subscriptionLink" translate="no">
			<val>http://www.adobe.com/go/subscriptionedition</val>
		</str>
		<str name="button1" translate="yes">
			<val>SUSPENDER ATIVAÇÃO</val>
		</str>
		<str name="button2" translate="yes">
			<val>DESATIVAR PERMANENTEMENTE</val>
		</str>
		<str name="tooltip1" translate="yes">
			<val>Desativa seu produto sem remover o número de série.</val>
		</str>
		<str name="tooltip2" translate="yes">
			<val>Desativa seu produto e remove o número de série.</val>
		</str>	
		<str name="progress" translate="yes">
			<val>Desativando</val>
		</str>
		<str name="success" translate="yes">
			<val>Desativação com êxito.</val>
		</str>
		<str name="failure" translate="yes">
			<val>A desativação não teve êxito. Tente novamente.</val>
		</str>
		<str name="retry" translate="yes">
			<val>REPETIR</val>
		</str>	
		<str name="errorCode" translate="yes">
			<val>Código de erro: #{0}</val>
		</str>
		<str name="done" translate="yes">
			<val>CONCLUÍDO</val>
		</str>		
		<str name="continue" translate="yes">
			<val>CONTINUAR</val>
		</str>		
		<str name="cancel" translate="yes">
			<val>CANCELAR</val>
		</str>	
	</set>

	<set name="upgrade">
		<str name="title" translate="yes">
			<val>Inserir número de série para atualização</val>
		</str>
		<str name="instruct1" translate="yes">
			<val>O número de série inserido é válido, mas não foi possível localizar um produto qualificado neste computador.</val>
		</str>
		<str name="instruct2" translate="yes">
			<val>Para usar o número de série inserido para atualização, você deve ter um destes produtos qualificados. Escolha aquele que você tem e digite seu número de série:</val>
		</str>
		<str name="serial" translate="yes">
			<val>Número de série para esse produto: </val>
		</str>
		<str name="selproduct" translate="yes">
			<val>Selecione um produto</val>
		</str>		
		<str name="trial" translate="yes">
			<val>INSTALAR COMO VERSÃO DE AVALIAÇÃO</val>
		</str>
		<str name="confirm" translate="yes">
			<val>Este número de série confirma {0}. </val>
		</str>
		<str name="second" translate="yes">
			<val>Esta atualização requer um segundo produto qualificado. Selecione um segundo produto que você tem e insira seu número de série.</val>
		</str>
		<str name="nogood" translate="yes">
			<val>Este número de série não é para um produto qualificado. Tente outro.</val>
		</str>
		<str name="account" translate="yes">
			<val>Se você já tiver registrado seus produtos no passado, poderá ir até {0}a página de sua conta{1} para encontrar os números de série existentes.</val>
		</str>
		<str name="support" translate="yes">
			<val>Entre em contato com o {0}Suporte ao cliente{1} para obter ajuda adicional.</val>
		</str>
		<str name="supportlink" translate="yes">
			<val>http://www.adobe.com/go/support_br</val>
		</str>
		<str name="accountlink" translate="yes">
			<val>http://www.adobe.com/go/adobemembership_br</val>
		</str>
		<str name="back" translate="yes">
			<val>VOLTAR</val>
		</str>
		<str name="next" translate="yes">
			<val>AVANÇAR</val>
		</str>
	</set>
	
	<set name="upcode">
		<str name="header" translate="yes">
			<val>Insira seu código de atualização.</val>
		</str>
		<str name="instruct1" translate="yes">
			<val>Transmita o seguinte código ao seu representante de serviço mediante solicitação:</val>
		</str>
		<str name="challenge" translate="yes">
			<val>Código de desafio</val>
		</str>
		<str name="instruct2" translate="yes">
			<val>Insira o código fornecido por seu representante de serviço:</val>
		</str>
		<str name="support" translate="yes">
			<val>Código de suporte</val>
		</str>
		<str name="quit" translate="yes">
			<val>SAIR</val>
		</str>
		<str name="next" translate="yes">
			<val>AVANÇAR</val>
		</str>
		<str name="supportError" translate="yes">
			<val>Código de suporte inválido</val>
		</str>
	</set>
	
	<set name="error">
		<str name="title" translate="yes">
			<val>A licença deste produto parou de funcionar</val>
		</str>
		<str name="message" translate="yes">
			<val>Não é possível usar este produto no momento. Corrija o problema desinstalando e instalando novamente este produto ou entre em contato com o administrador de TI ou o Suporte ao cliente da Adobe para obter ajuda.</val>
		</str>
		<str name="error" translate="yes">
			<val>Código de erro: </val>
		</str>
		<str name="quit" translate="yes">
			<val>SAIR</val>
		</str>
	</set>
	
	<set name="confirm">
		<str name="sure" translate="yes">
			<val>Tem certeza que deseja fechar esta janela?</val>
		</str>
		<str name="subCheckOffline" translate="yes">
			<val>Falha na conexão. Verifique a sua conexão com a Internet e tente novamente mais tarde.</val>
		</str>
		<str name="yes" translate="yes">
			<val>SIM</val>
		</str>
		<str name="no" translate="yes">
			<val>NÃO</val>
		</str>
		<str name="quit" translate="yes">
			<val>Fechar</val>
		</str>
		<str name="continue" translate="yes">
			<val>Continuar</val>
		</str>
		<str name="tryAgain" translate="yes">
			<val>TENTAR NOVAMENTE</val>
		</str>
		<str name="back" translate="yes">
			<val>VOLTAR</val>
		</str>
	</set>
	
	<set name="thanks">
		<str name="title" translate="yes">
			<val>Obrigado</val>
		</str>
		<str name="noservices" translate="yes">
			<val>Introdução: produtos da Adobe</val>
		</str>
		<str name="services" translate="yes">
			<val>Introdução: Produtos e serviços da Adobe</val>
		</str>
		<str name="subscription_1_2" translate="no">
			<val>Getting Started with your CS5 Subscription</val>
		</str>
		<str name="trialRegWithoutServices" translate="yes">
			<val>Obrigado por fornecer a sua ID da Adobe e por mostrar o seu interesse neste produto.</val>
		</str>
		<str name="trialRegWithServices" translate="yes">
			<val>Ao fornecer uma ID da Adobe, você configurou o acesso aos serviços da Adobe CS Live durante o período de avaliação.</val>
		</str>
		<str name="regRegWithoutServices" translate="yes">
			<val>Ao fornecer uma ID da Adobe, você está registrando seu software.</val>
		</str>
		<str name="regRegFailWithoutServices" translate="yes">
			<val>Não foi possível registrar seu produto no momento. Tente novamente mais tarde.</val>
		</str>
		<str name="regRegFailWithServices" translate="yes">
			<val>Não foi possível iniciar sua assinatura da Adobe CS Live. Tente novamente mais tarde.</val>
		</str>
		<str name="regRegIDCreate" translate="yes">
			<val>Usamos sua ID da Adobe para registrar seu software e configurar o acesso aos serviços da Adobe CS Live.</val>
		</str>
		<str name="regRegIDUsed" translate="yes">
			<val>Ao fornecer uma ID da Adobe, você está registrando o seu software e configurando o acesso aos serviços da Adobe CS Live.</val>
		</str>
		<str name="regRegSubscription_1_2" translate="no">
			<val>We've used your Adobe ID to set up your subscription and establish CS Live services.</val>
		</str>
		<str name="regRegDSP" translate="yes">
			<val>Usamos sua ID da Adobe para iniciar a assinatura do {0} e configurar o acesso aos serviços da Adobe CS Live.</val>
		</str>
		<str name="userID" translate="yes">
			<val>Sua ID da Adobe é: {0}</val>
		</str>
		<str name="emailVerify" translate="yes">
			<val>A verificação de email é obrigatória antes de usar os serviços da Adobe CS Live. Verifique a caixa de entrada de email.</val>
		</str>
		<str name="profile" translate="yes">
			<val>Seu perfil da ID da Adobe está quase completo. {0}Clique aqui{1} para completar seu perfil.</val>
		</str>
		<str name="profilelink" translate="yes">
			<val>http://www.adobe.com/go/adobemembership_br</val>
		</str>
		<str name="video1" translate="yes">
			<val>Exibir tutoriais em vídeo</val>
		</str>
		<str name="video2" translate="yes">
			<val>Explore os serviços da Adobe CS Live</val>
		</str>
		<str name="video1link" translate="yes">
			<val>http://www.adobe.com/go/adobetv_howto</val>
		</str>
		<str name="video2link" translate="yes">
			<val>http://www.adobe.com/go/cslive_br</val>
		</str>
		<str name="done" translate="yes">
			<val>CONCLUÍDO</val>
		</str>
	</set>
	
	<set name="claimResponse">
		<str name="code_" translate="yes">
			<val></val>
		</str>
		<str name="code_EXCEPTION_TRIAL_EXISTS_FOR_TRIALID" translate="yes">
			<val>Você já possui a Adobe CS Live. Conecte-se para usar os serviços.</val>
		</str>
		<str name="code_EXCEPTION_TRIAL_SKU_LOOKUP_FAILED" translate="yes">
			<val>Não foi possível iniciar sua assinatura da Adobe CS Live. Tente novamente mais tarde.</val>
		</str>

		<str name="code_EXCEPTION_DECODE_FAILED" translate="yes">
			<val>Número de série inválido. Não foi possível iniciar sua assinatura da Adobe CS Live.</val>
		</str>
		<str name="code_EXCEPTION_NO_SUCH_USER" translate="yes">
			<val>Não foi possível iniciar sua assinatura da Adobe CS Live. Tente novamente mais tarde.</val>
		</str>
		<str name="code_EXCEPTION_INVALID_DATA" translate="yes">
			<val>Não foi possível iniciar sua assinatura da Adobe CS Live. Tente novamente mais tarde.</val>
		</str>
		<str name="code_EXCEPTION_WCD_TIMEOUT" translate="yes">
			<val>Não foi possível iniciar sua assinatura da Adobe CS Live. Tente novamente mais tarde.</val>
		</str>
		<str name="code_EXCEPTION_AUTHENTICATION_TIMEOUT" translate="yes">
			<val>Não foi possível iniciar sua assinatura da Adobe CS Live. Tente novamente mais tarde.</val>
		</str>
		<str name="code_EXCEPTION_SNSERVER_TIMEOUT" translate="yes">
			<val>Não foi possível iniciar sua assinatura da Adobe CS Live. Tente novamente mais tarde.</val>
		</str>
		<str name="code_EXCEPTION_WCD_SESSION_TIMEOUT" translate="yes">
			<val>Não foi possível iniciar sua assinatura da Adobe CS Live. Tente novamente mais tarde.</val>
		</str>
		<str name="code_EXCEPTION_INTERNAL_TIMEOUT" translate="yes">
			<val>Não foi possível iniciar sua assinatura da Adobe CS Live. Tente novamente mais tarde.</val>
		</str>
		<str name="code_EXCEPTION_INTERNAL_SERVER_ERROR" translate="yes">
			<val>Não foi possível iniciar sua assinatura da Adobe CS Live. Tente novamente mais tarde.</val>
		</str>
		<str name="code_EXCEPTION_SUBSCRIPTION_ALREADY_CLAIMED" translate="yes">
			<val>Você já possui a Adobe CS Live. Conecte-se para usar os serviços.</val>
		</str>
		<str name="code_EXCEPTION_CLAIM_ALREADY_PROCESSED" translate="yes">
			<val>Esse número de série já tem uma assinatura da Adobe CS Live associada. Conecte-se para usar os serviços.</val>
		</str>
		<str name="code_ESS_TIMEOUT" translate="yes">
			<val>Não foi possível iniciar sua assinatura da Adobe CS Live. Tente novamente mais tarde.</val>
		</str>
		<str name="code_ESS_FAILURE" translate="yes">
			<val>Não foi possível iniciar sua assinatura da Adobe CS Live. Tente novamente mais tarde.</val>
		</str>
		<str name="code_EXCEPTION_SYSTEM_UNAVAILABLE_noService_time" translate="yes">
			<val>O servidor de Registro da Adobe está em manutenção no momento e estará disponível às {0}. Pedimos desculpas por qualquer inconveniente. Tente de novo mais tarde.</val>
		</str>
		<str name="code_EXCEPTION_SYSTEM_UNAVAILABLE_noService_noTime" translate="yes">
			<val>O servidor de Registro da Adobe está em manutenção no momento. Pedimos desculpas por qualquer inconveniente. Tente de novo mais tarde.</val>
		</str>
		<str name="code_EXCEPTION_SYSTEM_UNAVAILABLE_Service_Time" translate="yes">
			<val>O Adobe CS Live está em manutenção no momento e estará disponível às {0}. Pedimos desculpas por qualquer inconveniente. Tente de novo mais tarde.</val>
		</str>
		<str name="code_EXCEPTION_SYSTEM_UNAVAILABLE_Service_noTime" translate="yes">
			<val>O Adobe CS Live está em manutenção no momento. Pedimos desculpas por qualquer inconveniente. Tente de novo mais tarde.</val>
		</str>
	</set>
	
	<set name="dspClaimResponse">
		<str name="failureStatusHeading" translate="yes">
			<val>Não é possível iniciar sua assinatura do {0}</val>
		</str>
		
		<str name="supLinkLbl_EXCEPTION_DECODE_FAILED" translate="yes">
			<val>Entre em contato com o Suporte ao Cliente</val>
		</str>			
		<str name="supLinkLbl_EXCEPTION_NO_SUCH_USER" translate="yes">
			<val>Entre em contato com o Suporte ao Cliente</val>
		</str>		
		<str name="supLinkLbl_EXCEPTION_INVALID_DATA" translate="yes">
			<val>Entre em contato com o Suporte ao Cliente</val>
		</str>
		<str name="supLinkLbl_EXCEPTION_SKU_LOOKUP_FAILED" translate="yes">
			<val>Entre em contato com o Suporte ao Cliente</val>
		</str>		
		<str name="supLinkLbl_EXCEPTION_AUTHENTICATION_TIMEOUT" translate="yes">
			<val>Entre em contato com o Suporte ao Cliente</val>
		</str>
		<str name="supLinkLbl_EXCEPTION_SNSERVER_TIMEOUT" translate="yes">
			<val>Entre em contato com o Suporte ao Cliente</val>
		</str>
		<str name="supLinkLbl_EXCEPTION_INTERNAL_TIMEOUT" translate="yes">
			<val>Entre em contato com o Suporte ao Cliente</val>
		</str>
		<str name="supLinkLbl_EXCEPTION_INTERNAL_SERVER_ERROR" translate="yes">
			<val>Entre em contato com o Suporte ao Cliente</val>
		</str>
		<str name="supLinkLbl_EXCEPTION_SYSTEM_UNAVAILABLE_time" translate="yes">
			<val>Entre em contato com o Suporte ao Cliente</val>
		</str>
		<str name="supLinkLbl_EXCEPTION_SYSTEM_UNAVAILABLE" translate="yes">
			<val>Entre em contato com o Suporte ao Cliente</val>
		</str>
		<str name="supLinkLbl_EXCEPTION_COMPANY_CODE_MISMATCH" translate="yes">
			<val>Saiba mais</val>
		</str>
		<str name="supLinkLbl_EXCEPTION_SUBSCRIPTION_ALREADY_CLAIMED_DIFF_ADOBEID" translate="yes">
			<val>Entre em contato com o Suporte ao Cliente</val>
		</str>
		<str name="supLinkLbl_ERROR_WITH_INFO" translate="yes">
			<val>Entre em contato com o Suporte ao Cliente</val>
		</str>
		<str name="supLinkLbl_GENERIC" translate="yes">
			<val>Entre em contato com o Suporte ao Cliente</val>
		</str>


		<str name="supLinkURL_EXCEPTION_DECODE_FAILED" translate="yes">
			<val>http://www.adobe.com/go/support_br</val>
		</str>			
		<str name="supLinkURL_EXCEPTION_NO_SUCH_USER" translate="yes">
			<val>http://www.adobe.com/go/support_br</val>
		</str>		
		<str name="supLinkURL_EXCEPTION_INVALID_DATA" translate="yes">
			<val>http://www.adobe.com/go/support_br</val>
		</str>
		<str name="supLinkURL_EXCEPTION_SKU_LOOKUP_FAILED" translate="yes">
			<val>http://www.adobe.com/go/support_br</val>
		</str>		
		<str name="supLinkURL_EXCEPTION_AUTHENTICATION_TIMEOUT" translate="yes">
			<val>http://www.adobe.com/go/support_br</val>
		</str>
		<str name="supLinkURL_EXCEPTION_SNSERVER_TIMEOUT" translate="yes">
			<val>http://www.adobe.com/go/support_br</val>
		</str>
		<str name="supLinkURL_EXCEPTION_INTERNAL_TIMEOUT" translate="yes">
			<val>http://www.adobe.com/go/support_br</val>
		</str>
		<str name="supLinkURL_EXCEPTION_INTERNAL_SERVER_ERROR" translate="yes">
			<val>http://www.adobe.com/go/support_br</val>
		</str>
		<str name="supLinkURL_EXCEPTION_SYSTEM_UNAVAILABLE_time" translate="yes">
			<val>http://www.adobe.com/go/support_br</val>
		</str>
		<str name="supLinkURL_EXCEPTION_SYSTEM_UNAVAILABLE" translate="yes">
			<val>http://www.adobe.com/go/support_br</val>
		</str>
		<str name="supLinkURL_EXCEPTION_COMPANY_CODE_MISMATCH" translate="yes">
			<val>http://www.adobe.com/go/subscription_learnmore_br</val>
		</str>
		<str name="supLinkURL_EXCEPTION_SUBSCRIPTION_ALREADY_CLAIMED_DIFF_ADOBEID" translate="yes">
			<val>http://www.adobe.com/go/support_br</val>
		</str>
		<str name="supLinkURL_ERROR_WITH_INFO" translate="yes">
			<val>http://www.adobe.com/go/support_br</val>
		</str>
		<str name="supLinkURL_GENERIC" translate="yes">
			<val>http://www.adobe.com/go/support_br</val>
		</str>
		
		
		<str name="code_EXCEPTION_DECODE_FAILED" translate="yes">
			<val>Escolha Fechar e reinicie seu produto. Você será solicitado a iniciar a assinatura após inicializar o produto.</val>
		</str>			
		<str name="code_EXCEPTION_NO_SUCH_USER" translate="yes">
			<val>Escolha Fechar e reinicie seu produto. Você será solicitado a iniciar a assinatura após inicializar o produto.</val>
		</str>		
		<str name="code_EXCEPTION_INVALID_DATA" translate="yes">
			<val>Escolha Fechar e reinicie seu produto. Você será solicitado a iniciar a assinatura após inicializar o produto.</val>
		</str>
		<str name="code_EXCEPTION_SKU_LOOKUP_FAILED" translate="yes">
			<val>Escolha Fechar e reinicie seu produto. Você será solicitado a iniciar a assinatura após inicializar o produto.</val>
		</str>		
		<str name="code_EXCEPTION_AUTHENTICATION_TIMEOUT" translate="yes">
			<val>Aguarde alguns minutos e tente novamente.</val>
		</str>
		<str name="code_EXCEPTION_SNSERVER_TIMEOUT" translate="yes">
			<val>Aguarde alguns minutos e tente novamente.</val>
		</str>
		<str name="code_EXCEPTION_INTERNAL_TIMEOUT" translate="yes">
			<val>Aguarde alguns minutos e tente novamente.</val>
		</str>
		<str name="code_EXCEPTION_INTERNAL_SERVER_ERROR" translate="yes">
			<val>Aguarde alguns minutos e tente novamente.</val>
		</str>
		<str name="code_EXCEPTION_SYSTEM_UNAVAILABLE_time" translate="yes">
			<val>No momento, nossos servidores estão off-line para manutenção programada. Pedimos desculpas pelo atraso. Tente novamente em {0}.</val>
		</str>
		<str name="code_EXCEPTION_SYSTEM_UNAVAILABLE" translate="yes">
			<val>No momento, nossos servidores estão off-line para manutenção programada. Pedimos desculpas pelo atraso. Tente novamente mais tarde.</val>
		</str>
		<str name="code_EXCEPTION_COMPANY_CODE_MISMATCH" translate="yes">
			<val>O país em que este produto foi adquirido não corresponde ao país especificado na sua conta da Adobe. Tente novamente com uma ID da Adobe diferente.</val>
		</str>
		<str name="code_EXCEPTION_SUBSCRIPTION_ALREADY_CLAIMED_DIFF_ADOBEID" translate="yes">
			<val>Nossos registros mostram que esta assinatura está atribuída, no momento, a uma ID da Adobe diferente. Faça login com a ID da Adobe e a senha usadas para adquirir sua assinatura e tente novamente. Se o problema persistir, entre em contato com o suporte ao cliente.</val>
		</str>
		
		<str name="code_ESS_TIMEOUT" translate="yes">
			<val>Aguarde alguns minutos e tente novamente.</val>
		</str>
		<str name="code_ESS_FAILURE" translate="yes">
			<val>Aguarde alguns minutos e tente novamente.</val>
		</str>
		
		<str name="code_GENERIC" translate="yes">
			<val>Escolha Fechar e reinicie seu produto. Você será solicitado a iniciar a assinatura após inicializar o produto.</val>
		</str>
	</set>
	
	<set name="bonus">
		<str name="instruct" translate="yes">
			<val>O número de série usado para ativar este produto expirou. Esta é a sua última oportunidade de iniciar o produto antes que ele seja automaticamente desativado. Para reativá-lo, você deve fornecer um novo número de série ou iniciar uma versão de avaliação na próxima inicialização.</val>
		</str>
		<str name="serial" translate="yes">
			<val>Número de série para {0}</val>
		</str>
		<str name="purchase" translate="yes">
			<val>Você deve adquirir um novo número de série em Adobe.com.</val>
		</str>
		<str name="agree" translate="yes">
			<val>De acordo com o Contrato de licença de software, o software poderá tentar automaticamente ativar o produto pela Internet. Consulte {0}www.adobe.com/activation{1} para obter mais detalhes.</val>
		</str>
		<str name="agreeLink" translate="yes">
			<val>http://www.adobe.com/go/activation_br</val>
		</str>
		<str name="supportLink" translate="yes">
			<val>http://www.adobe.com/go/support_br</val>
		</str>
	</set>	

	<set name="forced">
		<str name="title" translate="yes">
			<val>Ativação necessária</val>
		</str>
		<str name="warning" translate="yes">
			<val>Não é possível ativar {0} pela conexão com a Internet.</val>
		</str>
		<str name="instruct" translate="yes">
			<val>Para proteger seu sistema de falsificações ou de código mal-intencionado, a ativação é necessária para garantir que você tenha software genuíno e para que você use este produto. Para ativar seu produto, certifique-se de que seu sistema esteja conectado com a Internet ou siga uma das etapas abaixo.</val>
		</str>
		<str name="statement_days" translate="yes">
			<val>Você terá {0} dia(s) para concluir a ativação antes que seu produto seja desativado.</val>
		</str>
		<str name="statement_last" translate="yes">
			<val>Esta é a última vez que o produto será iniciado antes que seu produto seja desativado..</val>
		</str>
		<str name="statement_disabled" translate="yes">
			<val>Este produto foi desativado porque houve falha ao ativar.</val>
		</str>
		<str name="rb1" translate="yes">
			<val>Este computador está conectado à internet agora. Tente ativar novamente.</val>
		</str>
		<str name="rb2" translate="yes">
			<val>Este computador não pode ser ativado pela internet.</val>
		</str>
		<str name="rb3" translate="yes">
			<val>Tente ativar pela internet na próxima vez. Eu vou iniciar este aplicativo.</val>
		</str>
		<str name="learn" translate="yes">
			<val>Saiba mais sobre a Política de ativação da Adobe em {0}adobe.com/go/activation_br{1}.</val>
		</str>
		<str name="learnlink" translate="yes">
			<val>http://www.adobe.com/go/activation_br</val>
		</str>
		<str name="next" translate="yes">
			<val>AVANÇAR</val>
		</str>
	</set>	

	<set name="phone">
		<str name="title" translate="yes">
			<val>Ativação necessária</val>
		</str>
		<str name="instructRet" translate="yes">
			<val>Entre em contato com o {0}Suporte ao cliente{1} se não conseguir acessar a Internet com este computador.</val>
		</str>
		<str name="instructVol" translate="yes">
			<val>Peça ao seu Administrador de TI para entrar em contato com o {0}Suporte ao cliente{1} para ativar este computador.</val>
		</str>
		<str name="requireRet" translate="yes">
			<val>Forneça as informações a seguir ao agente do Suporte ao cliente.</val>
		</str>
		<str name="requireVol" translate="yes">
			<val>Peça ao seu Administrador de TI para fornecer as informações a seguir ao Suporte ao cliente.</val>
		</str>
		<str name="problem" translate="yes">
			<val>Problema:</val>
		</str>
		<str name="license" translate="yes">
			<val>Licença:</val>
		</str>
		<str name="detail1" translate="yes">
			<val>Detalhe 1:</val>
		</str>
		<str name="detail2" translate="yes">
			<val>Detalhe 2:</val>
		</str>
		<str name="serialRet" translate="yes">
			<val>Se fornecido, digite o número que o agente do Suporte ao cliente deu a você.</val>
		</str>
		<str name="serialVol" translate="yes">
			<val>Se fornecido, digite o número que o seu Administrador de TI deu a você</val>
		</str>
		<str name="learn" translate="yes">
			<val>Saiba mais sobre a Política de ativação da Adobe em {0}adobe.com/go/activation_br{1}.</val>
		</str>
		<str name="learnlink" translate="yes">
			<val>http://www.adobe.com/go/activation_br</val>
		</str>
		<str name="back" translate="yes">
			<val>VOLTAR</val>
		</str>
		<str name="done" translate="yes">
			<val>CONCLUÍDO</val>
		</str>
	</set>
	
	<set name="subWelcome_1_2">
		<str name="info" translate="no">
			<val>To launch your product you will need a subscription serial number. Click SUBSCRIBE NOW if you are new to Creative Suite Subscriptions.</val>
		</str>
		<str name="current" translate="no">
			<val>Current Subscribers</val>
		</str>
		<str name="currentInfo" translate="no">
			<val>If you already have a Design Premium CS5 Subscription Edition serial number, please click NEXT to enter it and begin. All current subscribers of Design Premium CS4 Subscription Edition should have received an upgrade serial number via email.</val>
		</str>
		<str name="setUp" translate="no">
			<val>Set up your new subscription account</val>
		</str>
		<str name="billing" translate="no">
			<val>Subscription billing and management is handled through eSellerate, a third party provider.</val>
		</str>
		<str name="subscribeNow" translate="no">
			<val>SUBSCRIBE NOW</val>
		</str>
		<str name="newPurchase" translate="no">
			<val>All newly purchased subscriptions include a coupon code (located on the back of your disk) that you will be able to redeem to receive your first month of subscription for free.</val>
		</str>
		<str name="next" translate="no">
			<val>NEXT</val>
		</str>
		<str name="quit" translate="no">
			<val>QUIT</val>
		</str>
	</set>

	<set name="subMain_1_2">
		<str name="subscribeNow" translate="no">
			<val>SUBSCRIBE NOW</val>
		</str>
		<str name="buyLink" translate="no">
			<val>http://www.esellerate.net</val>
		</str>
		<str name="subscriptionInfo" translate="no">
			<val>Subscription billing and management is handled through eSellerate, a third party provider.</val>
		</str>
		<str name="expiredInfo" translate="no">
			<val>To use the product you will need to purchase a subscription through eSellerate.</val>
		</str>
	</set>
	
	<set name="claimResponse_1_2">
		<str name="code_" translate="no">
			<val></val>
		</str>
		<str name="code_EXCEPTION_DECODE_FAILED" translate="no">
			<val>Invalid serial number. Could not start your CS5 Design Premium subscription.</val>
		</str>
		<str name="code_EXCEPTION_NO_SUCH_USER" translate="no">
			<val>Could not start your CS5 Design Premium subscription. Try again later.</val>
		</str>
		<str name="code_EXCEPTION_INVALID_DATA" translate="no">
			<val>Could not start your CS5 Design Premium subscription. Try again later.</val>
		</str>
		<str name="code_EXCEPTION_WCD_TIMEOUT" translate="no">
			<val>Could not start your CS5 Design Premium subscription. Try again later.</val>
		</str>
		<str name="code_EXCEPTION_SNSERVER_TIMEOUT" translate="no">
			<val>Could not start your CS5 Design Premium subscription. Try again later.</val>
		</str>
		<str name="code_EXCEPTION_WCD_SESSION_TIMEOUT" translate="no">
			<val>Could not start your CS5 Design Premium subscription. Try again later.</val>
		</str>
		<str name="code_EXCEPTION_INTERNAL_TIMEOUT" translate="no">
			<val>Could not start your CS5 Design Premium subscription. Try again later.</val>
		</str>
		<str name="code_EXCEPTION_INTERNAL_SERVER_ERROR" translate="no">
			<val>Could not start your CS5 Design Premium subscription. Try again later.</val>
		</str>
		<str name="code_ESS_TIMEOUT" translate="no">
			<val>Could not start your CS5 Design Premium subscription. Try again later.</val>
		</str>
		<str name="code_ESS_FAILURE" translate="no">
			<val>Could not start your CS5 Design Premium subscription. Try again later.</val>
		</str>
		<str name="code_EXCEPTION_SYSTEM_UNAVAILABLE" translate="no">
			<val>We are currently undergoing maintenance. We apologize for this inconvenience. Please try again later to start your subscription.</val>
		</str>
	</set>

	<set name="subError_1_2">
		<str name="associateFailed" translate="no">
			<val>We are unable to activate your product at this time. You can hit the Back button to try to activate the product again, or to attempt to launch the product in trial mode.</val>
		</str>
		<str name="associateFailed_ID" translate="no">
			<val>We are unable to activate your product at this time. You can hit the Back button to try to activate the product again.</val>
		</str>
		<str name="assocUserNotAuthErr" translate="no">
			<val>The Adobe ID you entered is different than the Adobe ID used to originally activate this subscription. You can hit the Back button to try to activate the product again using a different Adobe ID, or to activate the product using a new subscription serial number.</val>
		</str>
		<str name="assocUserNotAuthErr_ID" translate="no">
			<val>The Adobe ID you entered is different than the Adobe ID used to originally activate this subscription. You can hit the Back button to try to activate the product again using a different Adobe ID.</val>
		</str>
		<str name="checkEntitlementFailed" translate="no">
			<val>We are unable to activate your product at this time. Please try again later.</val>
		</str>
		<str name="disAllIntervalErr" translate="no">
			<val>You have exceeded the maximum number of deactivation attempts allowed in this time period. Please try again later.</val>
		</str>
	</set>

	<set name="subExpired_1_2">
		<str name="instruct_exp" translate="no">
			<val>The serial number you used to purchase this product has expired. If you did not intend to let your Design Premium subscription expire, please call Adobe Customer Care at 
1800-614-863 to resolve the issue.</val>
		</str>
		<str name="instruct_bonus" translate="no">
			<val>The serial number you used to purchase this product has expired. This is your last opportunity to launch the product before it is automatically deactivated. To reactivate, you must provide a new serial number now. If not, your next launch will start  in trial mode and you can provide a new serial number at that time. If you did not intend to let your Design Premium subscription expire, please call Adobe Customer Care at 1800-614-863 to resolve the issue.</val>
		</str>
		<str name="serial" translate="no">
			<val>Serial number for {0}</val>
		</str>
		<str name="purchase" translate="no">
			<val>You can purchase a new subscription serial number through eSellerate, a third party provider.</val>
		</str>
		<str name="back" translate="no">
			<val>BACK</val>
		</str>
		<str name="continue" translate="no">
			<val>CONTINUE</val>
		</str>
		<str name="subscribeNow" translate="no">
			<val>SUBSCRIBE NOW</val>
		</str>
	</set>
	
	<set name="subOverAct_1_2">
		<str name="disassociate" translate="no">
			<val>Deactivate all computers and retry activation. You will be able to reactivate on one of your other computers by logging in with your Adobe ID at product launch.</val>
		</str>
		<str name="provide" translate="no">
			<val>Provide another serial number for this product.</val>
		</str>
		<str name="subscribeNow" translate="no">
			<val>SUBSCRIBE NOW</val>
		</str>
		<str name="back" translate="no">
			<val>BACK</val>
		</str>
		<str name="continue" translate="no">
			<val>CONTINUE</val>
		</str>
	</set>
	
	<set name="subConErr_1_2">
		<str name="title" translate="no">
			<val>Verifying Subscription Status</val>
		</str>
		<str name="progress" translate="no">
			<val>Verifying Subscription Status...</val>
		</str>
		<str name="contact" translate="no">
			<val>We need to contact Adobe Servers every thirty days to validate the status of your Design Premium subscription. In order to conduct this validation you must be connected to the internet. After we have verified your status, you can disconnect from the internet.</val>
		</str>
		<str name="contactExp" translate="no">
			<val>We need to contact Adobe Servers every thirty days to validate the status of your Design Premium subscription. In order to conduct this validation you must be connected to the internet. After we have verified your status, you can disconnect from the internet. If you do not successfully connect to the internet, this will be the last time you will be able to launch your product offline.</val>
		</str>
		<str name="error" translate="no">
			<val>Please connect to the Internet, then press Continue</val>
		</str>			
		<str name="assist" translate="no">
			<val>Connection Support</val>
		</str>			
		<str name="continue" translate="no">
			<val>CONTINUE</val>
		</str>
		<str name="assistlink" translate="no">
			<val>http://www.adobe.com</val>
		</str>
		<str name="continue" translate="no">
			<val>CONTINUE</val>
		</str>
	</set>
	
	<set name="dspReminder">
		<str name="reminder" translate="yes">
			<val>Lembrete de assinatura</val>
		</str>
		<str name="grace" translate="yes">
			<val>Assinatura expirada</val>
		</str>
		<str name="infoReminder" translate="yes">
			<val>Sua assinatura expirará em breve.</val>
		</str>
		<str name="infoGrace" translate="yes">
			<val>Sua assinatura do {0} expirou.</val>
		</str>
		<str name="offline" translate="yes">
			<val>Não é possível conectar-se à Internet. Verifique as configurações de conexão e escolha Tentar novamente.</val>
		</str>
		<str name="reminderPeriod" translate="yes">
			<val>Nossos registros indicam que um cartão de crédito não foi associado a esta assinatura. Escolha Renovar para fornecer um cartão de crédito e renove sua assinatura.</val>
		</str>
		<str name="reminderPeriodOffline" translate="yes">
			<val>Nossos registros indicam que um cartão de crédito não foi associado a esta assinatura. Escolha Renovar para fornecer um cartão de crédito e renove sua assinatura.</val>
		</str>
		<str name="gracePeriod" translate="yes">
			<val>Escolha Renovar para continuar utilizando seu produto sem interrupção. Você tem um curto período de tolerância para renovar sua assinatura, após o qual não poderá mais acessar este produto.</val>
		</str>
		<str name="gracePeriodOffline" translate="yes">
			<val>Você deve ter uma conexão à Internet para utilizar este produto. Você tem um curto período de tolerância para renovar sua assinatura, após o qual não poderá mais acessar este produto.</val>
		</str>
		<str name="bonusPeriod" translate="yes">
			<val>Escolha Renovar para continuar utilizando seu produto sem interrupção. Você não poderá mais acessar o produto a menos que renove sua assinatura. Se você tiver renovado recentemente a assinatura, aguarde pelo menos 15 minutos e inicialize o produto novamente.</val>
		</str>
		<str name="viewPolicy" translate="yes">
			<val>Exibir política de assinatura</val>
		</str>
		<str name="subPolicyLink" translate="yes">
			<val>http://www.adobe.com/go/subscription_policy_br</val>
		</str>
		<str name="subscriptionLink" translate="no">
			<val>http://www.adobe.com/go/subscriptionedition</val>
		</str>
		<str name="daysRemain" translate="yes">
			<val>DIAS RESTANTES</val>
		</str>
		<str name="daysRemainAlternate" translate="yes">
			<val>DIA RESTANTE</val>
		</str>
		<str name="later" translate="yes">
			<val>LEMBRAR-ME MAIS TARDE</val>
		</str>
		<str name="continue" translate="yes">
			<val>CONTINUAR</val>
		</str>
		<str name="tryAgain" translate="yes">
			<val>TENTAR NOVAMENTE</val>
		</str>
		<str name="renew" translate="yes">
			<val>RENOVAR</val>
		</str>
	</set>
	
	<set name="dspExpired">
		<str name="title" translate="yes">
			<val>Assinatura expirada</val>
		</str>
		<str name="renewOption" translate="yes">
			<val>Renovar minha assinatura do {0}</val>
		</str>
		<str name="renewMsg" translate="yes">
			<val>Escolha Renovar para continuar usando seu produto sem interrupção. Se você acabou de renovar sua assinatura, aguarde 15 minutos e tente novamente.</val>
		</str>
		<str name="renewLinkText" translate="yes">
			<val>Renovar</val>
		</str>
		<str name="renewLink" translate="no">
			<val>http://www.adobe.com/go/subscriptionedition</val>
		</str>
		<str name="serialOption" translate="yes">
			<val>Fornecer um novo número de série</val>
		</str>
		<str name="purchaseLinkText" translate="yes">
			<val>Adquirir software da Adobe</val>
		</str>
		<str name="serialError" translate="yes">
			<val>Este número de série não é válido para este produto.</val>
		</str>
		<str name="locateTT" translate="yes">
			<val>Seu número de série está localizado na parte traseira do DVD, no certificado de licenças da Adobe Open Options ou no email recebido da loja da Adobe.com (apenas para compras por download).</val>
		</str>
		<str name="used" translate="yes">
			<val>Este número de série será usado para: {0}</val>
		</str>			
		<str name="agree" translate="yes">
			<val>De acordo com o Contrato de licença de software, o software poderá tentar automaticamente ativar o produto pela Internet. Consulte {0}www.adobe.com/activation{1} para obter mais detalhes.</val>
		</str>
		<str name="activationLink" translate="yes">
			<val>http://www.adobe.com/go/activation_br</val>
		</str>
		<str name="continue" translate="yes">
			<val>CONTINUAR</val>
		</str>
		<str name="tryAgain" translate="yes">
			<val>TENTAR NOVAMENTE</val>
		</str>
		<str name="quit" translate="yes">
			<val>SAIR</val>
		</str>
	</set>
	
	<set name="dspOverActivation">
		<str name="title" translate="yes">
			<val>Ativação</val>
		</str>
		<str name="limit" translate="yes">
			<val>O {0} já está ativado em outra máquina</val>
		</str>
		<str name="alreadyActivated" translate="yes">
			<val>Nossos registros mostram que este produto já foi ativado em outro computador. Escolha Avançar para ativar sua assinatura nesta máquina e desativá-la em qualquer outro computador.</val>
		</str>
		<str name="actPolicyLinkText" translate="yes">
			<val>Exibir Política de ativação</val>
		</str>
		<str name="actPolicyLink" translate="yes">
			<val>http://www.adobe.com/go/activation_br</val>
		</str>
		<str name="quit" translate="yes">
			<val>SAIR</val>
		</str>
		<str name="next" translate="yes">
			<val>AVANÇAR</val>
		</str>
	</set>
	
	<set name="dspUnableToActivate">
		<str name="title" translate="yes">
			<val>Ativação</val>
		</str>
		<str name="failureMessage" translate="yes">
			<val>Não conseguimos ativar {0}</val>
		</str>
		<str name="labelHead" translate="yes">
			<val>A ativação do produto é exigida para sua utilização</val>
		</str>
		<str name="message" translate="yes">
			<val>Você deve estar conectado à Internet para utilizar este produto. Verifique as configurações de conexão e selecione Tentar Novamente.</val>
		</str>
		<str name="activationMessage" translate="yes">
			<val>Para saber mais sobre Ativação, consulte a {0}Política de ativação da Adobe{1}.</val>
		</str>
		<str name="activationLink" translate="yes">
			<val>http://www.adobe.com/go/activation_br</val>
		</str>
		<str name="quit" translate="yes">
			<val>SAIR</val>
		</str>
		<str name="tryAgain" translate="yes">
			<val>TENTAR NOVAMENTE</val>
		</str>
	</set>
	
	<set name="dspErrorTryAgain">
		<str name="title" translate="yes">
			<val>Tentar novamente</val>
		</str>
		<str name="header" translate="yes">
			<val>Não conseguimos iniciar sua assinatura do {0}</val>
		</str>
		
		<str name="checkEntitlementGenericError_Title" translate="yes">
			<val>Não é possível iniciar sua assinatura do {0}</val>
		</str>
		<str name="checkEntitlementGenericError_Message" translate="yes">
			<val>Aguarde alguns minutos e tente novamente.</val>
		</str>
		<str name="checkEntitlementGenericError_LinkText" translate="yes">
			<val>Entre em contato com o Suporte ao Cliente</val>
		</str>
		<str name="checkEntitlementGenericError_Link" translate="yes">
			<val>http://www.adobe.com/go/support_br</val>
		</str>
		<str name="checkEntitlementGenericError_Next" translate="yes">
			<val>TENTAR NOVAMENTE</val>
		</str>
		<str name="checkEntitlementGenericError_Back" translate="yes">
			<val>FECHAR</val>
		</str>
		
		<str name="checkEntitlementOfflineError_Title" translate="yes">
			<val>No momento, você não está conectado à Internet</val>
		</str>
		<str name="checkEntitlementOfflineError_Message" translate="yes">
			<val>Para utilizar este produto, você deve estar conectado à Internet. Verifique se a sua conexão de rede está ativa e clique no botão para tentar novamente. Se o erro persistir, entre em contato com o suporte ao cliente.</val>
		</str>
		<str name="checkEntitlementOfflineError_LinkText" translate="yes">
			<val>Entre em contato com o Suporte ao Cliente</val>
		</str>
		<str name="checkEntitlementOfflineError_Link" translate="yes">
			<val>http://www.adobe.com/go/support_br</val>
		</str>
		<str name="checkEntitlementOfflineError_Next" translate="yes">
			<val>TENTAR NOVAMENTE</val>
		</str>
		<str name="checkEntitlementOfflineError_Back" translate="yes">
			<val>VOLTAR</val>
		</str>
		
		<str name="tryAgain" translate="yes">
			<val>TENTAR NOVAMENTE</val>
		</str>
		<str name="close" translate="yes">
			<val>FECHAR</val>
		</str>
	</set>
	
	<set name="dspVerified">
		<str name="title" translate="yes">
			<val>Obrigado</val>
		</str>
		<str name="verified" translate="yes">
			<val>Sua assinatura do {0} está ativa. Escolha Continuar para utilizar o produto.</val>
		</str>
		<str name="continue" translate="yes">
			<val>CONTINUAR</val>
		</str>
	</set>
	
	<set name="calendar">
		<str name="remaining" translate="yes">
			<val>{0} dias restantes</val>
		</str>
		<str name="remainingAlternate" translate="yes">
			<val>{0} dia restante</val>
		</str>
	</set>
	
	<set name="dspPrescreenResponse">
		<str name="header_NOT_ENABLED" translate="yes">
			<val>Sua assinatura do {0} expirou</val>
		</str>
		<str name="body_NOT_ENABLED" translate="yes">
			<val>Renove sua assinatura ou escolha Voltar para inserir um número de série diferente.</val>
		</str>
		<str name="linkText_NOT_ENABLED" translate="yes">
			<val>Renovar minha assinatura</val>
		</str>
		<str name="link_NOT_ENABLED" translate="no">
			<val>http://www.adobe.com/go/subscriptionedition</val>
		</str>
		<str name="header_OFFLINE" translate="yes">
			<val>Não é possível conectar-se à Internet.</val>
		</str>
		<str name="body_OFFLINE" translate="yes">
			<val>Você deve estar conectado à Internet para utilizar este produto. Verifique as configurações de conexão e selecione Tentar Novamente. Se os problemas persistirem, entre em contato com o suporte ao cliente.</val>
		</str>
		<str name="linkText_OFFLINE" translate="yes">
			<val>Entre em contato com o Suporte ao Cliente</val>
		</str>
		<str name="link_OFFLINE" translate="yes">
			<val>http://www.adobe.com/go/support_br</val>
		</str>
		<str name="header_GENERIC_ERROR" translate="yes">
			<val>Não conseguimos iniciar sua assinatura do {0}</val>
		</str>
		<str name="body_GENERIC_ERROR" translate="yes">
			<val>Aguarde alguns minutos e tente novamente.</val>
		</str>
		<str name="linkText_GENERIC_ERROR" translate="yes">
			<val>Entre em contato com o Suporte ao Cliente</val>
		</str>
		<str name="link_GENERIC_ERROR" translate="yes">
			<val>http://www.adobe.com/go/support_br</val>
		</str>
		<str name="back" translate="yes">
			<val>VOLTAR</val>
		</str>
		<str name="tryAgain" translate="yes">
			<val>TENTAR NOVAMENTE</val>
		</str>
	</set>
	
	<set name="dspSuspended">
		<str name="title_actSuspended" translate="yes">
			<val>Ativação</val>
		</str>
		<str name="header_actSuspended" translate="yes">
			<val>Não conseguimos ativar {0}</val>
		</str>
		<str name="msg1_actSuspended" translate="yes">
			<val>A data do seu sistema não corresponde à data do nosso servidor.</val>
		</str>
		<str name="msg2_actSuspended" translate="yes">
			<val>Data do servidor da Adobe: {0}</val>
		</str>
		<str name="msg3_actSuspended" translate="yes">
			<val>A data do seu sistema pode estar até três dias atrás da data do servidor da Adobe. Verifique as configurações de data no seu computador e escolha Tentar novamente. Se os problemas persistirem, entre em contato com o suporte ao cliente.</val>
		</str>

		<str name="title_subSuspended" translate="yes">
			<val>Suspensão de assinatura</val>
		</str>
		<str name="header_subSuspended" translate="yes">
			<val>A assinatura do {0} foi suspensa</val>
		</str>
		<str name="msg1_subSuspended" translate="yes">
			<val>A data do seu sistema não corresponde à data do nosso servidor.</val>
		</str>
		<str name="msg2_subSuspended" translate="yes">
			<val>Data do servidor da Adobe: {0}</val>
		</str>
		<str name="msg3_subSuspended" translate="yes">
			<val>A data do seu sistema pode estar até três dias atrás da data do servidor da Adobe. Verifique as configurações de data no seu computador e escolha Tentar novamente. Se os problemas persistirem, entre em contato com o suporte ao cliente.</val>
		</str>
		
		<str name="title_subWindback" translate="yes">
			<val>Suspensão de assinatura</val>
		</str>
		<str name="header_subWindback" translate="yes">
			<val>A assinatura do {0} foi suspensa</val>
		</str>
		<str name="msg1_subWindback" translate="yes">
			<val>A data e hora no seu sistema podem ter sido alteradas.</val>
		</str>
		<str name="msg3_subWindback" translate="yes">
			<val>Verifique as configurações de data e hora no seu computador e escolha Tentar novamente. Se os problemas persistirem, entre em contato com o suporte ao cliente.</val>
		</str>

		<str name="custSuppAsst" translate="yes">
			<val>Entre em contato com o Suporte ao Cliente</val>
		</str>
		<str name="supportlink" translate="yes">
			<val>http://www.adobe.com/go/support_br</val>
		</str>
		<str name="actPolicyLinkText" translate="yes">
			<val>Exibir Política de ativação</val>
		</str>
		<str name="actPolicyLink" translate="yes">
			<val>http://www.adobe.com/go/activation_br</val>
		</str>
		<str name="quit" translate="yes">
			<val>SAIR</val>
		</str>
		<str name="tryAgain" translate="yes">
			<val>TENTAR NOVAMENTE</val>
		</str>
	</set>
	
	<set name="dateTimeFormats">
		<str name="dateFormat_Long" translate="yes">
			<val>{1}  de  {0}  de  {2}</val>
		</str>
	</set>

	<set name="monthsFull">
		<str name="1" translate="yes">
			<val>jan.</val>
		</str>
		<str name="2" translate="yes">
			<val>fev.</val>
		</str>
		<str name="3" translate="yes">
			<val>mar.</val>
		</str>
		<str name="4" translate="yes">
			<val>abr.</val>
		</str>
		<str name="5" translate="yes">
			<val>mai.</val>
		</str>
		<str name="6" translate="yes">
			<val>jun.</val>
		</str>
		<str name="7" translate="yes">
			<val>jul.</val>
		</str>
		<str name="8" translate="yes">
			<val>ago.</val>
		</str>
		<str name="9" translate="yes">
			<val>set.</val>
		</str>
		<str name="10" translate="yes">
			<val>out.</val>
		</str>
		<str name="11" translate="yes">
			<val>nov.</val>
		</str>
		<str name="12" translate="yes">
			<val>dez.</val>
		</str>
	</set>
	
	<set name="authProxy">
		<str name="instruct" translate="yes">
			<val>Insira sua senha e nome de usuário do servidor proxy:</val>
		</str>
		<str name="username" translate="yes">
			<val>Nome de usuário:</val>
		</str>
		<str name="password" translate="yes">
			<val>Senha:</val>
		</str>
		<str name="remember" translate="yes">
			<val>Lembrar minha senha</val>
		</str>
		<str name="fail" translate="yes">
			<val>Não foi possível autenticar o usuário. Verifique o nome de usuário e a senha e tente de novo.</val>
		</str>
		<str name="ok" translate="yes">
			<val>OK</val>
		</str>
		<str name="cancel" translate="yes">
			<val>CANCELAR</val>
		</str>
	</set>

	<set name="isoToLanguage">
								<str name="ar_AE" translate="no"><val>العربية</val></str>
		<str name="en_GB" translate="no"><val>English (International)</val></str> 
		<str name="fr_CA" translate="no"><val>Français canadien</val></str>
		<str name="es_QM" translate="no"><val>Español (Middle East)</val></str>
		<str name="es_LA" translate="no"><val>Español de América Latina</val></str>
		<str name="es_NA" translate="no"><val>Español Norteamericano</val></str>
		<str name="bg_BG" translate="no"><val>Български</val></str>
		<str name="lv_LV" translate="no"><val>Latviešu</val></str>
		<str name="et_EE" translate="no"><val>Eesti</val></str>
		<str name="hr_HR" translate="no"><val>hrvatski</val></str>
		<str name="sl_SI" translate="no"><val>slovenščina</val></str>
		<str name="sk_SK" translate="no"><val>slovenčina</val></str>
		<str name="th_TH" translate="no"><val>ภาษาไทย</val></str> 
		<str name="vi_VN" translate="no"><val>Việt</val></str>
		<str name="en_XC" translate="no"><val>English (Central Europe)</val></str> 
		<str name="en_XM" translate="no"><val>English (Middle East)</val></str>
		<str name="fr_XM" translate="no"><val>Français Oriental Moyen</val></str>
		<str name="sq_AL" translate="no"><val>Shqip</val></str> 
								<str name="ar_SA" translate="no"><val>العربية</val></str>
		<str name="be_BY" translate="no"><val>Беларуская</val></str> 
		<str name="ca_ES" translate="no"><val>Català</val></str> 
								<str name="hi_IN" translate="no"><val>हिन्दी</val></str>
		<str name="is_IS" translate="no"><val>Íslenska</val></str> 
		<str name="lt_LT" translate="no"><val>Lietuvių</val></str>
		<str name="mk_MK" translate="no"><val>македонски</val></str>
		<str name="nn_NO" translate="no"><val>Norsk (Nynorsk)</val></str>
		<str name="pt_PT" translate="no"><val>Português de Portugal</val></str> 
		<str name="sh_YU" translate="no"><val>Srpsko-Hrvatski</val></str> 
		<str name="sr_YU" translate="no"><val>Cрпски</val></str> 
		<str name="kk_KZ" translate="no"><val>Қазақ</val></str>
		<str name="az_AZ" translate="no"><val>Azərbaycan dili</val></str> 
		<str name="es_MX" translate="no"><val>Español (América Latina)</val></str>
		<str name="no_NO" translate="no"><val>Norwegian</val></str> 
		<str name="cs_CZ" translate="no"><val>Česky</val></str>
		<str name="de_DE" translate="no"><val>Deutsch</val></str>
		<str name="el_GR" translate="no"><val>Ελληνικά</val></str>
		<str name="en_US" translate="no"><val>English (North America)</val></str> 
		<str name="es_ES" translate="no"><val>Español</val></str> 
		<str name="fr_FR" translate="no"><val>Français</val></str>
								<str name="he_IL" translate="no"><val>עברית</val></str> 
		<str name="hu_HU" translate="no"><val>Magyar</val></str> 
		<str name="it_IT" translate="no"><val>Italiano</val></str>
		<str name="ja_JP" translate="no"><val>日本語</val></str>
		<str name="ko_KR" translate="no"><val>한국어</val></str>
		<str name="nl_NL" translate="no"><val>Nederlands</val></str>
		<str name="pl_PL" translate="no"><val>Polski</val></str>
		<str name="ro_RO" translate="no"><val>Română</val></str>
		<str name="ru_RU" translate="no"><val>Pусский</val></str>
		<str name="sv_SE" translate="no"><val>Svenska</val></str>
		<str name="tr_TR" translate="no"><val>Türkçe</val></str>
		<str name="uk_UA" translate="no"><val>Українська</val></str>
		<str name="zh_CN" translate="no"><val>简体中文</val></str>
		<str name="zh_TW" translate="no"><val>繁體中文</val></str>
		<str name="da_DK" translate="no"><val>Dansk</val></str>
		<str name="fi_FI" translate="no"><val>Suomi</val></str>
		<str name="nb_NO" translate="no"><val>Norsk (Bokmål)</val></str> 
		<str name="pt_BR" translate="no"><val>Português do Brasil</val></str>
	</set>
		
</asf>
