<?xml version='1.0' encoding='utf-8'?>
<!DOCTYPE asf SYSTEM "http://ns.adobe.com/asf/asf_1_0.dtd" >
<asf xmlns="http://ns.adobe.com/asf" locale="de_DE" version="1.0">
	
	<set name="common">
		<str name="adobeProduct" translate="yes">
			<val>Adobe-Produkt</val>
		</str>
		<str name="adobeTrial" translate="yes">
			<val>Adobe-Testversion</val>
		</str>
		<str name="actPolicy" translate="yes">
			<val>Adobe-Aktivierungsrichtlinie</val>
		</str>
		<str name="subEdition" translate="no">
			<val>Subscription Edition</val>
		</str>
		<str name="progressMessage" translate="yes">
			<val>Verbindung wird hergestellt...</val>
		</str>
	</set>
	
	<set name="provision">
		<str name="buy" translate="yes">
			<val>JETZT KAUFEN</val>
		</str>			
		<str name="remain" translate="yes">
			<val>TAGE RESTZEIT</val>
		</str>
		<str name="authAdobeID" translate="yes">
			<val>Adobe-ID wird authentifiziert…</val>
		</str>
	</set>

	<set name="eula">
		<str name="eula" translate="yes">
			<val>Adobe-Software-Lizenzvereinbarung</val>
		</str>
		<str name="view" translate="yes">
			<val>Anzeigen in:</val>
		</str>
		<str name="accept" translate="yes">
			<val>AKZEPTIEREN</val>
		</str>
		<str name="decline" translate="yes">
			<val>ABLEHNEN</val>
		</str>		
		<str name="quit" translate="yes">
			<val>BEENDEN</val>
		</str>		
	</set>

	<set name="activate">
		<str name="title" translate="yes">
			<val>Aktivierung</val>
		</str>
		<str name="progress" translate="yes">
			<val>Aktivierung...</val>
		</str>			
		<str name="fail" translate="yes">
			<val>Fehler bei der Aktivierung</val>
		</str>			
		<str name="contact" translate="yes">
			<val>Um diese Kopie von {0} mit der von Ihnen angegebenen Seriennummer zu aktivieren, wird jetzt der Kontakt zu Adobe hergestellt.</val>
		</str>
		<str name="contact_forced" translate="yes">
			<val>Um diese Kopie von {0} zu aktivieren, wird jetzt der Kontakt zu Adobe hergestellt.</val>
		</str>
		<str name="limit" translate="yes">
			<val>Die Zeitbeschränkung für die Aktivierung von {0} wurde überschritten.</val>
		</str>	
		<str name="already" translate="yes">
			<val>Diese Seriennummer wurde bereits auf zwei Computern aktiviert.</val>
		</str>
		<str name="alreadyError" translate="yes">
			<val>Diese Seriennummer wurde bereits auf zwei Computern aktiviert. Beheben Sie dieses Problem, um fortzufahren.</val>
		</str>
		<str name="retryOption" translate="yes">
			<val>Aktivierung wiederholen. Ich habe einen der beiden anderen Computer bereits deaktiviert.</val>
		</str>
		<str name="subRetryOption" translate="yes">
			<val>Heben Sie die Aktivierung auf allen Computern auf und wiederholen Sie die Aktivierung.</val>
		</str>	
		<str name="provide" translate="yes">
			<val>Geben Sie für dieses Produkt eine andere Seriennummer an.</val>
		</str>	
		<str name="provideBlurb" translate="yes">
			<val>Um diese Software als Testversion zu verwenden, ist eine Adobe-ID erforderlich.</val>
		</str>	
		<str name="serialBlurb" translate="yes">
			<val>Geben Sie eine Seriennummer an.</val>
		</str>	
		<str name="serialNumberMessage" translate="yes">
			<val>Diese Seriennummer wird verwendet für: {0}</val>
		</str>
		<str name="serialActivationMessage" translate="yes">
			<val>Entsprechend der Software-Lizenzvereinbarung versucht die Software automatisch, eine Aktivierung über das Internet vorzunehmen. Weitere Informationen finden Sie unter {0}www.adobe.com/de/activation{1}.</val>
		</str>
		<str name="activationLink" translate="yes">
			<val>http://www.adobe.com/go/activation_de</val>
		</str>
		<str name="buyWarning1" translate="yes">
			<val>Wenn Sie die Option „Später erinnern“ wählen, haben Sie {0} Tage Zeit, um das Problem zu beheben. Anschließend funktioniert das Produkt nicht mehr.</val>
		</str>	
		<str name="buyWarning2" translate="yes">
			<val>Dies ist Ihre letzte Verwendung dieses Produkt bis zur Behebung des Problems.</val>
		</str>	
		<str name="buyWarning3" translate="yes">
			<val>Sie müssen dieses Problem beheben, um das Produkt weiterhin verwenden zu können.</val>
		</str>	
		<str name="buyWarningRefuse" translate="yes">
			<val>Wenn Sie die Option „Später erinnern“ wählen, werden Sie dazu aufgefordert, das Problem bis zur nächsten Verwendung zu beheben.</val>
		</str>	
		<str name="buyWarningRefuse2" translate="yes">
			<val>Sie werden dazu aufgefordert, dieses Problem zu beheben, um das Produkt weiterhin verwenden zu können.</val>
		</str>
		<str name="learn" translate="yes">
			<val>Weitere Informationen über die Aktivierung finden Sie in der {0}Adobe-Aktivierungsrichtlinie.{1}</val>
		</str>
		<str name="learnlink" translate="yes">
			<val>http://www.adobe.com/go/activation_de</val>
		</str>
		<str name="invalid" translate="yes">
			<val>Ungültige Seriennummer</val>
		</str>	
		<str name="sninvalid" translate="yes">
			<val>Diese Seriennummer ist ungültig.</val>
		</str>	
		<str name="hasfailure" translate="yes">
			<val>Ihr Produkt konnte nicht aktiviert werden. Klicken Sie auf „Wiederholen“, um es erneut zu versuchen. Weitere Informationen finden Sie in der {0}Adobe-Aktivierungsrichtlinie.{1}</val>
		</str>
		<str name="hasfailure1" translate="yes">
			<val>Ihr Produkt konnte nicht aktiviert werden. Klicken Sie auf „Wiederholen“. Weitere Informationen finden Sie in der {0}Adobe-Aktivierungsrichtlinie.{1}</val>
		</str>
		<str name="mustDeactivate" translate="yes">
			<val>Um dieses Produkt korrekt und erfolgreich zu aktivieren, müssen Sie eine der zwei aktivierten Kopien deaktivieren.</val>
		</str>	
		<str name="howTo" translate="yes">
			<val>Deaktivierung:</val>
		</str>	
		<str name="deactivateInstruct" translate="yes">
			<val>Starten Sie eine der anderen Kopien von {0}, klicken Sie auf das Hilfemenü und starten Sie dann diese Kopie erneut. Wenn Sie das Produkt bereits deaktiviert haben, versuchen Sie es erneut.</val>
		</str>	
		<str name="errorCode" translate="yes">
			<val>Fehlercode: {0}</val>
		</str>
		<str name="errorCode1" translate="yes">
			<val>Fehlercode: #{0}</val>
		</str>
		<str name="success" translate="yes">
			<val>Diese Kopie von {0} wurde erfolgreich aktiviert und kann jetzt verwendet werden.</val>
		</str>
		<str name="error" translate="yes">
			<val>Internetverbindung herstellen und auf „Fortfahren“ klicken.</val>
		</str>			
		<str name="assist" translate="yes">
			<val>Verbindungs-Support</val>
		</str>
		<str name="assistlink" translate="yes">
			<val>http://www.adobe.com/go/activation_de</val>
		</str>		
		<str name="try" translate="yes">
			<val>ERNEUT VERSUCHEN</val>
		</str>			
		<str name="later" translate="yes">
			<val>SPÄTER AKTIVIEREN</val>
		</str>			
		<str name="close" translate="yes">
			<val>SCHLIESSEN</val>
		</str>
		<str name="quit" translate="yes">
			<val>BEENDEN</val>
		</str>
		<str name="done" translate="yes">
			<val>FERTIG</val>
		</str>
		<str name="remind" translate="yes">
			<val>SPÄTER ERINNERN</val>
		</str>
		<str name="continue" translate="yes">
			<val>FORTFAHREN</val>
		</str>
		<str name="retry" translate="yes">
			<val>WIEDERHOLEN</val>
		</str>
		<str name="back" translate="yes">
			<val>ZURÜCK</val>
		</str>			
		<str name="errCode" translate="yes">
			<val>Fehlercode: </val>
		</str>
		<str name="unknownErr" translate="yes">
			<val>Unbekannt</val>
		</str>
		<str name="serialError" translate="yes">
			<val>Die eingegebene Seriennummer ist für dieses Produkt nicht gültig.</val>
		</str>
		<str name="denybuyLink" translate="no">
			<val>http://www.adobe.com/go/denybuy</val>
		</str>
	</set>

	<set name="inAppTrial">
		<str name="serial" translate="yes">
			<val>SERIENNUMMER EINGEBEN</val>
		</str>
		<str name="contentLoading" translate="yes">
			<val>Inhalt wird geladen...</val>
		</str>
	</set>
	
	<set name="privacy">
		<str name="title" translate="yes">
			<val>Datenschutzeinstellungen</val>
		</str>
		<str name="content" translate="yes">
			<val>Adobe nutzt die Informationen, die Sie während des Downloads und der Verwendung der Testversion des Produkts angegeben haben, um auf Ihre Bedürfnisse zugeschnittene Funktionen bereitzustellen.{0}Darüber hinaus kann Adobe die erfassten Daten für interne Zwecke verwenden, um den Umgang mit der Software auszuwerten und zu erleichtern. Unter keinen Umständen werden personenbezogene Daten Ihrer Verwendung dieser Testversion des Produkts zugeordnet.{0}Wenn Adobe keine Daten zu dieser Testversion des Produkts erfassen oder verwenden soll, können Sie diese Option deaktivieren, indem Sie das unten stehende Kontrollkästchen aktivieren. Beim nächsten Start der Testversion werden dann keine Daten zur Testversion erfasst und angepasste Inhalte deaktiviert.{0}Weitere Informationen zum Datenschutz bei Adobe finden Sie in unseren {1}Online-Datenschutzrichtlinien{2}.</val>
		</str>
		<str name="privacyLink" translate="yes">
			<val>http://www.adobe.com/go/privacy_de</val>
		</str>
		<str name="request" translate="yes">
			<val>Deaktivieren Sie angepassten Inhalt.</val>
		</str>
		<str name="ok" translate="yes">
			<val>OK</val>
		</str>
		<str name="cancel" translate="yes">
			<val>ABBRECHEN</val>
		</str>
	</set>
	
	<set name="video">
		<str name="playAgain" translate="yes">
			<val>Wiedergabe wiederholen</val>
		</str>
		<str name="nextTut" translate="yes">
			<val>Weiter</val>
		</str>
		<str name="loading" translate="yes">
			<val>Video wird geladen...</val>
		</str>
		<str name="error" translate="yes">
			<val>Fehler beim Laden von Inhalten\nVersuchen Sie es später erneut.</val>
		</str>
		<str name="tryAgain" translate="yes">
			<val>Erneut versuchen.</val>
		</str>
		<str name="escapeExit" translate="yes">
			<val>Drücken Sie die Esc-Taste, um den erweiterten Bildschirmmodus zu beenden.</val>
		</str>
	</set>
	
	
	<set name="trial">
		<str name="title" translate="yes">
			<val>{0}-Testversion.</val>
		</str>
		<str name="back" translate="yes">
			<val>ZURÜCK</val>
		</str>
		<str name="serial" translate="yes">
			<val>Seriennummer eingeben</val>
		</str>
		<str name="lang" translate="yes">
			<val>Sprache:</val>
		</str>	
		<str name="trial" translate="yes">
			<val>Weiter als Testversion verwenden</val>
		</str>
		<str name="continue" translate="yes">
			<val>TESTVERSION FORTSETZEN</val>
		</str>
		<str name="continueSerial" translate="yes">
			<val>FORTFAHREN</val>
		</str>
		<str name="start" translate="yes">
			<val>TESTVERSION STARTEN</val>
		</str>
		<str name="cancel" translate="yes">
			<val>ABBRECHEN</val>
		</str>
		<str name="close" translate="yes">
			<val>SCHLIESSEN</val>
		</str>
		<str name="quit" translate="yes">
			<val>BEENDEN</val>
		</str>
		<str name="skip" translate="yes">
			<val>ÜBERSPRINGEN</val>
		</str>
		<str name="serialError" translate="yes">
			<val>Die eingegebene Seriennummer ist für dieses Produkt nicht gültig.</val>
		</str>
		<str name="instruct" translate="yes">
			<val>Um diese Software als Testversion zu verwenden, benötigen Sie eine Adobe-ID. Sie haben nach dem ersten Start der Testversion sieben Tage Zeit, um eine Adobe-ID einzugeben.</val>
		</str>			
		<str name="locateTT" translate="yes">
			<val>Ihre Seriennummer befindet sich auf der Rückseite der DVD-Hülle, auf Ihrem Adobe Open Options-Lizenzzertifikat oder in Ihrer E-Mail-Bestätigung des Adobe.com-Stores (nur Download-Käufe).</val>
		</str>
		<str name="one" translate="yes">
			<val>Sie dürfen dieses Produkt noch einmal verwenden. Nach dieser Verwendung müssen Sie eine Seriennummer eingeben, um fortzufahren.</val>
		</str>
		<str name="nomore" translate="yes">
			<val>Sie können diese Testversion konvertieren, indem Sie das Produkt kaufen und eine Seriennummer eingeben.</val>
		</str>
		<str name="license" translate="yes">
			<val>Adobe-Software-Lizenzvereinbarung</val>
		</str>	
		<str name="eulaLink" translate="yes">
			<val>http://www.adobe.com/go/eulas_de</val>
		</str>		
		<str name="expire" translate="yes">
			<val>Ihre Testversion ist abgelaufen.</val>
		</str>			
		<str name="used" translate="yes">
			<val>Diese Seriennummer wird verwendet für: {0}</val>
		</str>			
		<str name="agree" translate="yes">
			<val>Entsprechend der Software-Lizenzvereinbarung versucht die Software automatisch, eine Aktivierung über das Internet vorzunehmen. Weitere Informationen finden Sie unter {0}www.adobe.com/de/activation{1}.</val>
		</str>
		<str name="activationLink" translate="yes">
			<val>http://www.adobe.com/go/activation_de</val>
		</str>
		<str name="buyLink" translate="no">
			<val>http://www.adobe.com/go/buy</val>
		</str>			
	</set>

	<set name="trialerror">
		<str name="warning" translate="yes">
			<val>Problem bei Testversion.</val>
		</str>
		<str name="instruct" translate="yes">
			<val>Beim Starten der Testversion von {0} ist ein Problem aufgetreten. Um das Produkt weiter zu verwenden, gehen Sie zurück, und geben Sie Ihre Seriennummer ein.</val>
		</str>
	</set>

	<set name="deactivate">
		<str name="title" translate="yes">
			<val>Deaktivierung</val>
		</str>
		<str name="instruct" translate="yes">
			<val>Die Deaktivierung ermöglicht es, Ihr Adobe-Produkt auf einem anderen Computer zu aktivieren, sofern Sie entsprechend der {0}Software-Lizenzvereinbarung{1} vorgehen. Stellen Sie vor der Deaktivierung eine Verbindung mit dem Internet her.</val>
		</str>
		<str name="instructSubscription" translate="yes">
			<val>Bei der Deaktivierung wird Ihr Abonnement nicht beendet. Zum Ändern Ihres Abonnements besuchen Sie {0}adobe.com/de{1}.</val>
		</str>
		<str name="subscriptionLink" translate="no">
			<val>http://www.adobe.com/go/subscriptionedition</val>
		</str>
		<str name="button1" translate="yes">
			<val>AKTIVIERUNG AUFHEBEN</val>
		</str>
		<str name="button2" translate="yes">
			<val>ENDGÜLTIG DEAKTIVIEREN</val>
		</str>
		<str name="tooltip1" translate="yes">
			<val>Deaktiviert Ihr Produkt, ohne die Seriennummer zu entfernen.</val>
		</str>
		<str name="tooltip2" translate="yes">
			<val>Deaktiviert Ihr Produkt und entfernt die Seriennummer.</val>
		</str>	
		<str name="progress" translate="yes">
			<val>Deaktivierung</val>
		</str>
		<str name="success" translate="yes">
			<val>Deaktivierung erfolgreich.</val>
		</str>
		<str name="failure" translate="yes">
			<val>Die Deaktivierung war nicht erfolgreich. Versuchen Sie es erneut.</val>
		</str>
		<str name="retry" translate="yes">
			<val>WIEDERHOLEN</val>
		</str>	
		<str name="errorCode" translate="yes">
			<val>Fehlercode: #{0}</val>
		</str>
		<str name="done" translate="yes">
			<val>FERTIG</val>
		</str>		
		<str name="continue" translate="yes">
			<val>FORTFAHREN</val>
		</str>		
		<str name="cancel" translate="yes">
			<val>ABBRECHEN</val>
		</str>	
	</set>

	<set name="upgrade">
		<str name="title" translate="yes">
			<val>Geben Sie ihr Seriennummer-Upgrade ein.</val>
		</str>
		<str name="instruct1" translate="yes">
			<val>Die eingegebene Seriennummer ist gültig, auf diesem Computer kann jedoch kein kompatibles Produkt gefunden werden.</val>
		</str>
		<str name="instruct2" translate="yes">
			<val>Zur Verwendung der für das Upgrade eingegebenen Seriennummer müssen Sie im Besitz eines der folgenden kompatiblen Produkte sein. Bitte wählen Sie Ihr Produkt aus und geben Sie dessen Seriennummer ein:</val>
		</str>
		<str name="serial" translate="yes">
			<val>Seriennummer des Produkts:</val>
		</str>
		<str name="selproduct" translate="yes">
			<val>Produkt auswählen</val>
		</str>		
		<str name="trial" translate="yes">
			<val>ALS TESTVERSION INSTALLIEREN</val>
		</str>
		<str name="confirm" translate="yes">
			<val>Diese Seriennummer ist bestätigt {0}.</val>
		</str>
		<str name="second" translate="yes">
			<val>Für dieses Upgrade ist ein zweites kompatibles Produkt erforderlich. Wählen Sie nachfolgend das zweite Produkt aus und geben Sie dessen Seriennummer ein.</val>
		</str>
		<str name="nogood" translate="yes">
			<val>Diese Seriennummer gilt nicht für ein kompatibles Produkt. Geben Sie eine andere Nummer ein.</val>
		</str>
		<str name="account" translate="yes">
			<val>Wenn Sie bereits Produkte registriert haben, können Sie auf {0}Ihrer Kontoseite{1} bereits vorhandene Seriennummern suchen.</val>
		</str>
		<str name="support" translate="yes">
			<val>Kontaktieren Sie den {0}Kunden-Support{1}, wenn Sie weitere Hilfe benötigen.</val>
		</str>
		<str name="supportlink" translate="yes">
			<val>http://www.adobe.com/go/support_de</val>
		</str>
		<str name="accountlink" translate="yes">
			<val>http://www.adobe.com/go/adobemembership_de</val>
		</str>
		<str name="back" translate="yes">
			<val>ZURÜCK</val>
		</str>
		<str name="next" translate="yes">
			<val>WEITER</val>
		</str>
	</set>
	
	<set name="upcode">
		<str name="header" translate="yes">
			<val>Geben Sie Ihren Upgrade-Code ein.</val>
		</str>
		<str name="instruct1" translate="yes">
			<val>Teilen Sie auf Anfrage Ihrem Kundendienstvertreter folgenden Code mit.</val>
		</str>
		<str name="challenge" translate="yes">
			<val>Challenge-Code</val>
		</str>
		<str name="instruct2" translate="yes">
			<val>Geben Sie den Code ein, den Ihnen Ihr Kundendienstvertreter mitteilt:</val>
		</str>
		<str name="support" translate="yes">
			<val>Support-Code</val>
		</str>
		<str name="quit" translate="yes">
			<val>BEENDEN</val>
		</str>
		<str name="next" translate="yes">
			<val>WEITER</val>
		</str>
		<str name="supportError" translate="yes">
			<val>Ungültiger Support-Code</val>
		</str>
	</set>
	
	<set name="error">
		<str name="title" translate="yes">
			<val>Die Lizenzierung für dieses Produkt funktioniert nicht mehr</val>
		</str>
		<str name="message" translate="yes">
			<val>Dieses Produkt kann jetzt nicht verwendet werden. Beseitigen Sie das Problem, indem Sie dieses Produkt deinstallieren und erneut installieren, oder wenden Sie sich an Ihren IT-Administrator oder an den Adobe-Kunden-Support.</val>
		</str>
		<str name="error" translate="yes">
			<val>Fehlercode: </val>
		</str>
		<str name="quit" translate="yes">
			<val>BEENDEN</val>
		</str>
	</set>
	
	<set name="confirm">
		<str name="sure" translate="yes">
			<val>Möchten Sie dieses Dialogfeld wirklich schließen?</val>
		</str>
		<str name="subCheckOffline" translate="yes">
			<val>Die Verbindung konnte nicht hergestellt werden. Prüfen Sie die Internetverbindung und versuchen Sie es später erneut.</val>
		</str>
		<str name="yes" translate="yes">
			<val>JA</val>
		</str>
		<str name="no" translate="yes">
			<val>NEIN</val>
		</str>
		<str name="quit" translate="yes">
			<val>Beenden</val>
		</str>
		<str name="continue" translate="yes">
			<val>Fortfahren</val>
		</str>
		<str name="tryAgain" translate="yes">
			<val>ERNEUT VERSUCHEN</val>
		</str>
		<str name="back" translate="yes">
			<val>ZURÜCK</val>
		</str>
	</set>
	
	<set name="thanks">
		<str name="title" translate="yes">
			<val>Vielen Dank</val>
		</str>
		<str name="noservices" translate="yes">
			<val>Einführung: Adobe-Produkte</val>
		</str>
		<str name="services" translate="yes">
			<val>Einführung: Adobe-Produkte und Services</val>
		</str>
		<str name="subscription_1_2" translate="no">
			<val>Getting Started with your CS5 Subscription</val>
		</str>
		<str name="trialRegWithoutServices" translate="yes">
			<val>Vielen Dank, dass Sie Ihre Adobe-ID angegeben und Interesse an diesem Produkt gezeigt haben.</val>
		</str>
		<str name="trialRegWithServices" translate="yes">
			<val>Durch die Eingabe einer Adobe-ID haben Sie Ihren Zugang zu Adobe CS Live-Diensten für die Dauer der Testversion eingerichtet.</val>
		</str>
		<str name="regRegWithoutServices" translate="yes">
			<val>Durch die Eingabe einer Adobe-ID haben Sie Ihre Software registriert.</val>
		</str>
		<str name="regRegFailWithoutServices" translate="yes">
			<val>Ihr Produkt konnte nicht registriert werden. Versuchen Sie es später erneut.</val>
		</str>
		<str name="regRegFailWithServices" translate="yes">
			<val>Ihr Abonnement von Adobe CS Live konnte nicht gestartet werden. Versuchen Sie es später erneut.</val>
		</str>
		<str name="regRegIDCreate" translate="yes">
			<val>Wir haben Ihre Adobe-ID verwendet, um Ihre Software zu registrieren und einen Zugang zu den Adobe CS Live-Diensten einzurichten.</val>
		</str>
		<str name="regRegIDUsed" translate="yes">
			<val>Durch die Eingabe einer Adobe-ID haben Sie Ihre Software registriert und Ihren Zugang zu den Adobe CS Live-Diensten eingerichtet.</val>
		</str>
		<str name="regRegSubscription_1_2" translate="no">
			<val>We've used your Adobe ID to set up your subscription and establish CS Live services.</val>
		</str>
		<str name="regRegDSP" translate="yes">
			<val>Wir haben Ihre Adobe-ID verwendet, um Ihr Abonnement für {0} zu aktivieren und den Zugriff auf die Adobe CS Live-Dienste einzurichten.</val>
		</str>
		<str name="userID" translate="yes">
			<val>Ihre Adobe-ID ist: {0}</val>
		</str>
		<str name="emailVerify" translate="yes">
			<val>Vor der erstmaligen Nutzung der Adobe CS Live-Services ist eine E-Mail-Bestätigung erforderlich. Überprüfen Sie Ihren Posteingang.</val>
		</str>
		<str name="profile" translate="yes">
			<val>Die Einrichtung Ihres Adobe-ID-Profils ist fast abgeschlossen. {0}Klicken Sie hier{1}, um Ihr Profil zu vervollständigen.</val>
		</str>
		<str name="profilelink" translate="yes">
			<val>http://www.adobe.com/go/adobemembership_de</val>
		</str>
		<str name="video1" translate="yes">
			<val>Video-Schulungen anzeigen</val>
		</str>
		<str name="video2" translate="yes">
			<val>Adobe CS Live-Services entdecken</val>
		</str>
		<str name="video1link" translate="yes">
			<val>http://www.adobe.com/go/adobetv_howto_de</val>
		</str>
		<str name="video2link" translate="yes">
			<val>http://www.adobe.com/go/cslive_de</val>
		</str>
		<str name="done" translate="yes">
			<val>FERTIG</val>
		</str>
	</set>
	
	<set name="claimResponse">
		<str name="code_" translate="yes">
			<val></val>
		</str>
		<str name="code_EXCEPTION_TRIAL_EXISTS_FOR_TRIALID" translate="yes">
			<val>Sie haben sich bereits für Adobe CS Live registriert. Melden Sie sich an, um die Services zu nutzen.</val>
		</str>
		<str name="code_EXCEPTION_TRIAL_SKU_LOOKUP_FAILED" translate="yes">
			<val>Ihr Abonnement von Adobe CS Live konnte nicht gestartet werden. Versuchen Sie es später erneut.</val>
		</str>

		<str name="code_EXCEPTION_DECODE_FAILED" translate="yes">
			<val>Ungültige Seriennummer. Ihr Adobe CS Live-Abonnement konnte nicht gestartet werden.</val>
		</str>
		<str name="code_EXCEPTION_NO_SUCH_USER" translate="yes">
			<val>Ihr Abonnement von Adobe CS Live konnte nicht gestartet werden. Versuchen Sie es später erneut.</val>
		</str>
		<str name="code_EXCEPTION_INVALID_DATA" translate="yes">
			<val>Ihr Abonnement von Adobe CS Live konnte nicht gestartet werden. Versuchen Sie es später erneut.</val>
		</str>
		<str name="code_EXCEPTION_WCD_TIMEOUT" translate="yes">
			<val>Ihr Abonnement von Adobe CS Live konnte nicht gestartet werden. Versuchen Sie es später erneut.</val>
		</str>
		<str name="code_EXCEPTION_AUTHENTICATION_TIMEOUT" translate="yes">
			<val>Ihr Abonnement von Adobe CS Live konnte nicht gestartet werden. Versuchen Sie es später erneut.</val>
		</str>
		<str name="code_EXCEPTION_SNSERVER_TIMEOUT" translate="yes">
			<val>Ihr Abonnement von Adobe CS Live konnte nicht gestartet werden. Versuchen Sie es später erneut.</val>
		</str>
		<str name="code_EXCEPTION_WCD_SESSION_TIMEOUT" translate="yes">
			<val>Ihr Abonnement von Adobe CS Live konnte nicht gestartet werden. Versuchen Sie es später erneut.</val>
		</str>
		<str name="code_EXCEPTION_INTERNAL_TIMEOUT" translate="yes">
			<val>Ihr Abonnement von Adobe CS Live konnte nicht gestartet werden. Versuchen Sie es später erneut.</val>
		</str>
		<str name="code_EXCEPTION_INTERNAL_SERVER_ERROR" translate="yes">
			<val>Ihr Abonnement von Adobe CS Live konnte nicht gestartet werden. Versuchen Sie es später erneut.</val>
		</str>
		<str name="code_EXCEPTION_SUBSCRIPTION_ALREADY_CLAIMED" translate="yes">
			<val>Sie haben sich bereits für Adobe CS Live registriert. Melden Sie sich an, um die Services zu nutzen.</val>
		</str>
		<str name="code_EXCEPTION_CLAIM_ALREADY_PROCESSED" translate="yes">
			<val>Dieser Seriennummer ist bereits ein Adobe CS Live-Abonnement zugewiesen. Melden Sie sich an, um die Services zu nutzen.</val>
		</str>
		<str name="code_ESS_TIMEOUT" translate="yes">
			<val>Ihr Abonnement von Adobe CS Live konnte nicht gestartet werden. Versuchen Sie es später erneut.</val>
		</str>
		<str name="code_ESS_FAILURE" translate="yes">
			<val>Ihr Abonnement von Adobe CS Live konnte nicht gestartet werden. Versuchen Sie es später erneut.</val>
		</str>
		<str name="code_EXCEPTION_SYSTEM_UNAVAILABLE_noService_time" translate="yes">
			<val>Der Adobe Registrierungsserver wird derzeit gewartet und ist voraussichtlich um {0} wieder verfügbar. Wir bitten um Verständnis. Versuchen Sie es zu diesem Zeitpunkt noch einmal.</val>
		</str>
		<str name="code_EXCEPTION_SYSTEM_UNAVAILABLE_noService_noTime" translate="yes">
			<val>Der Adobe Registrierungsserver wird derzeit gewartet. Wir bitten um Verständnis. Versuchen Sie es später erneut.</val>
		</str>
		<str name="code_EXCEPTION_SYSTEM_UNAVAILABLE_Service_Time" translate="yes">
			<val>Adobe CS Live wird derzeit gewartet und ist voraussichtlich um {0} wieder verfügbar. Wir bitten um Verständnis. Versuchen Sie es zu diesem Zeitpunkt noch einmal.</val>
		</str>
		<str name="code_EXCEPTION_SYSTEM_UNAVAILABLE_Service_noTime" translate="yes">
			<val>Adobe CS Live wird derzeit gewartet. Wir bitten um Verständnis. Versuchen Sie es später erneut.</val>
		</str>
	</set>
	
	<set name="dspClaimResponse">
		<str name="failureStatusHeading" translate="yes">
			<val>Aktivierung Ihres Abonnements für {0} nicht möglich</val>
		</str>
		
		<str name="supLinkLbl_EXCEPTION_DECODE_FAILED" translate="yes">
			<val>Support kontaktieren</val>
		</str>			
		<str name="supLinkLbl_EXCEPTION_NO_SUCH_USER" translate="yes">
			<val>Support kontaktieren</val>
		</str>		
		<str name="supLinkLbl_EXCEPTION_INVALID_DATA" translate="yes">
			<val>Support kontaktieren</val>
		</str>
		<str name="supLinkLbl_EXCEPTION_SKU_LOOKUP_FAILED" translate="yes">
			<val>Support kontaktieren</val>
		</str>		
		<str name="supLinkLbl_EXCEPTION_AUTHENTICATION_TIMEOUT" translate="yes">
			<val>Support kontaktieren</val>
		</str>
		<str name="supLinkLbl_EXCEPTION_SNSERVER_TIMEOUT" translate="yes">
			<val>Support kontaktieren</val>
		</str>
		<str name="supLinkLbl_EXCEPTION_INTERNAL_TIMEOUT" translate="yes">
			<val>Support kontaktieren</val>
		</str>
		<str name="supLinkLbl_EXCEPTION_INTERNAL_SERVER_ERROR" translate="yes">
			<val>Support kontaktieren</val>
		</str>
		<str name="supLinkLbl_EXCEPTION_SYSTEM_UNAVAILABLE_time" translate="yes">
			<val>Support kontaktieren</val>
		</str>
		<str name="supLinkLbl_EXCEPTION_SYSTEM_UNAVAILABLE" translate="yes">
			<val>Support kontaktieren</val>
		</str>
		<str name="supLinkLbl_EXCEPTION_COMPANY_CODE_MISMATCH" translate="yes">
			<val>Weitere Informationen</val>
		</str>
		<str name="supLinkLbl_EXCEPTION_SUBSCRIPTION_ALREADY_CLAIMED_DIFF_ADOBEID" translate="yes">
			<val>Support kontaktieren</val>
		</str>
		<str name="supLinkLbl_ERROR_WITH_INFO" translate="yes">
			<val>Support kontaktieren</val>
		</str>
		<str name="supLinkLbl_GENERIC" translate="yes">
			<val>Support kontaktieren</val>
		</str>


		<str name="supLinkURL_EXCEPTION_DECODE_FAILED" translate="yes">
			<val>http://www.adobe.com/go/support_de</val>
		</str>			
		<str name="supLinkURL_EXCEPTION_NO_SUCH_USER" translate="yes">
			<val>http://www.adobe.com/go/support_de</val>
		</str>		
		<str name="supLinkURL_EXCEPTION_INVALID_DATA" translate="yes">
			<val>http://www.adobe.com/go/support_de</val>
		</str>
		<str name="supLinkURL_EXCEPTION_SKU_LOOKUP_FAILED" translate="yes">
			<val>http://www.adobe.com/go/support_de</val>
		</str>		
		<str name="supLinkURL_EXCEPTION_AUTHENTICATION_TIMEOUT" translate="yes">
			<val>http://www.adobe.com/go/support_de</val>
		</str>
		<str name="supLinkURL_EXCEPTION_SNSERVER_TIMEOUT" translate="yes">
			<val>http://www.adobe.com/go/support_de</val>
		</str>
		<str name="supLinkURL_EXCEPTION_INTERNAL_TIMEOUT" translate="yes">
			<val>http://www.adobe.com/go/support_de</val>
		</str>
		<str name="supLinkURL_EXCEPTION_INTERNAL_SERVER_ERROR" translate="yes">
			<val>http://www.adobe.com/go/support_de</val>
		</str>
		<str name="supLinkURL_EXCEPTION_SYSTEM_UNAVAILABLE_time" translate="yes">
			<val>http://www.adobe.com/go/support_de</val>
		</str>
		<str name="supLinkURL_EXCEPTION_SYSTEM_UNAVAILABLE" translate="yes">
			<val>http://www.adobe.com/go/support_de</val>
		</str>
		<str name="supLinkURL_EXCEPTION_COMPANY_CODE_MISMATCH" translate="yes">
			<val>http://www.adobe.com/go/subscription_learnmore_de</val>
		</str>
		<str name="supLinkURL_EXCEPTION_SUBSCRIPTION_ALREADY_CLAIMED_DIFF_ADOBEID" translate="yes">
			<val>http://www.adobe.com/go/support_de</val>
		</str>
		<str name="supLinkURL_ERROR_WITH_INFO" translate="yes">
			<val>http://www.adobe.com/go/support_de</val>
		</str>
		<str name="supLinkURL_GENERIC" translate="yes">
			<val>http://www.adobe.com/go/support_de</val>
		</str>
		
		
		<str name="code_EXCEPTION_DECODE_FAILED" translate="yes">
			<val>Wählen Sie „Schließen“ und starten Sie das Produkt anschließend erneut. Beim Starten des Produkts werden Sie aufgefordert, Ihr Abonnement zu aktivieren.</val>
		</str>			
		<str name="code_EXCEPTION_NO_SUCH_USER" translate="yes">
			<val>Wählen Sie „Schließen“ und starten Sie das Produkt anschließend erneut. Beim Starten des Produkts werden Sie aufgefordert, Ihr Abonnement zu aktivieren.</val>
		</str>		
		<str name="code_EXCEPTION_INVALID_DATA" translate="yes">
			<val>Wählen Sie „Schließen“ und starten Sie das Produkt anschließend erneut. Beim Starten des Produkts werden Sie aufgefordert, Ihr Abonnement zu aktivieren.</val>
		</str>
		<str name="code_EXCEPTION_SKU_LOOKUP_FAILED" translate="yes">
			<val>Wählen Sie „Schließen“ und starten Sie das Produkt anschließend erneut. Beim Starten des Produkts werden Sie aufgefordert, Ihr Abonnement zu aktivieren.</val>
		</str>		
		<str name="code_EXCEPTION_AUTHENTICATION_TIMEOUT" translate="yes">
			<val>Warten Sie einige Augenblicke und wiederholen Sie den Vorgang dann.</val>
		</str>
		<str name="code_EXCEPTION_SNSERVER_TIMEOUT" translate="yes">
			<val>Warten Sie einige Augenblicke und wiederholen Sie den Vorgang dann.</val>
		</str>
		<str name="code_EXCEPTION_INTERNAL_TIMEOUT" translate="yes">
			<val>Warten Sie einige Augenblicke und wiederholen Sie den Vorgang dann.</val>
		</str>
		<str name="code_EXCEPTION_INTERNAL_SERVER_ERROR" translate="yes">
			<val>Warten Sie einige Augenblicke und wiederholen Sie den Vorgang dann.</val>
		</str>
		<str name="code_EXCEPTION_SYSTEM_UNAVAILABLE_time" translate="yes">
			<val>Unsere Server sind derzeit aufgrund von Wartungsarbeiten offline. Entschuldigen Sie die Verzögerung. Versuchen Sie es erneut um {0}.</val>
		</str>
		<str name="code_EXCEPTION_SYSTEM_UNAVAILABLE" translate="yes">
			<val>Unsere Server sind derzeit aufgrund von Wartungsarbeiten offline. Entschuldigen Sie die Verzögerung. Versuchen Sie es später erneut.</val>
		</str>
		<str name="code_EXCEPTION_COMPANY_CODE_MISMATCH" translate="yes">
			<val>Das Land, in dem dieses Produkt erworben wurde, stimmt nicht mit dem in Ihrem Adobe-Account angegebenen Land überein. Versuchen Sie es mit einer anderen Adobe-ID erneut.</val>
		</str>
		<str name="code_EXCEPTION_SUBSCRIPTION_ALREADY_CLAIMED_DIFF_ADOBEID" translate="yes">
			<val>Laut unseren Aufzeichnungen ist dieses Abonnement derzeit einer anderen Adobe-ID zugewiesen. Melden Sie sich mit der Adobe-ID und dem Kennwort an, mit denen Sie Ihr Abonnement erworben haben, und wiederholen Sie den Vorgang. Bleibt das Problem bestehen, wenden Sie sich an den Support.</val>
		</str>
		
		<str name="code_ESS_TIMEOUT" translate="yes">
			<val>Warten Sie einige Augenblicke und wiederholen Sie den Vorgang dann.</val>
		</str>
		<str name="code_ESS_FAILURE" translate="yes">
			<val>Warten Sie einige Augenblicke und wiederholen Sie den Vorgang dann.</val>
		</str>
		
		<str name="code_GENERIC" translate="yes">
			<val>Wählen Sie „Schließen“ und starten Sie das Produkt anschließend erneut. Beim Starten des Produkts werden Sie aufgefordert, Ihr Abonnement zu aktivieren.</val>
		</str>
	</set>
	
	<set name="bonus">
		<str name="instruct" translate="yes">
			<val>Die Seriennummer zur Aktivierung dieses Produkts ist abgelaufen. Dies ist Ihre letzte Möglichkeit, das Produkt zu starten, bevor es automatisch deaktiviert wird. Um zu reaktivieren, müssen Sie eine neue Seriennumer bereitstellen oder eine Testversion starten.</val>
		</str>
		<str name="serial" translate="yes">
			<val>Seriennummer für {0}</val>
		</str>
		<str name="purchase" translate="yes">
			<val>Sie können eine neue Seriennummer von Adobe.com erwerben.</val>
		</str>
		<str name="agree" translate="yes">
			<val>Entsprechend der Software-Lizenzvereinbarung versucht die Software automatisch, eine Aktivierung über das Internet vorzunehmen. Weitere Informationen finden Sie unter {0}www.adobe.com/de/activation{1}.</val>
		</str>
		<str name="agreeLink" translate="yes">
			<val>http://www.adobe.com/go/activation_de</val>
		</str>
		<str name="supportLink" translate="yes">
			<val>http://www.adobe.com/go/support_de</val>
		</str>
	</set>	

	<set name="forced">
		<str name="title" translate="yes">
			<val>Aktivierung erforderlich</val>
		</str>
		<str name="warning" translate="yes">
			<val>{0} kann nicht über eine Internetverbindung aktiviert werden.</val>
		</str>
		<str name="instruct" translate="yes">
			<val>Um Ihr System vor gefälschtem oder böswilligem Code zu schützen, ist eine Produktaktivierung erforderlich. Dadurch wird einerseits sichergestellt, dass es sich um echte Software handelt, und andererseits die Verwendung dieses Produkts erst ermöglicht. Stellen Sie zur Produktaktivierung sicher, dass das System mit dem Internet verbunden ist, oder führen Sie einen der unten beschriebenen Schritte aus.</val>
		</str>
		<str name="statement_days" translate="yes">
			<val>Sie haben {0} Tage Zeit, um die Aktivierung vorzunehmen, bevor Ihr Produkt deaktiviert wird.</val>
		</str>
		<str name="statement_last" translate="yes">
			<val>Dies ist der letzte Start des Produkts vor seiner Deaktivierung.</val>
		</str>
		<str name="statement_disabled" translate="yes">
			<val>Das Produkt wurde deaktiviert, da es nicht aktiviert werden konnte.</val>
		</str>
		<str name="rb1" translate="yes">
			<val>Der Computer ist jetzt mit dem Internet verbunden. Aktivierung wiederholen.</val>
		</str>
		<str name="rb2" translate="yes">
			<val>Der Computer kann keine Aktivierung über das Internet ausführen.</val>
		</str>
		<str name="rb3" translate="yes">
			<val>Beim nächsten Start dieser Anwendung versuchen, eine Aktivierung über das Internet durchzuführen.</val>
		</str>
		<str name="learn" translate="yes">
			<val>Informieren Sie sich über die Adobe-Aktivierungsrichtlinie unter {0}adobe.com/go/activation_de{1}.</val>
		</str>
		<str name="learnlink" translate="yes">
			<val>http://www.adobe.com/go/activation_de</val>
		</str>
		<str name="next" translate="yes">
			<val>WEITER</val>
		</str>
	</set>	

	<set name="phone">
		<str name="title" translate="yes">
			<val>Aktivierung erforderlich</val>
		</str>
		<str name="instructRet" translate="yes">
			<val>Wenn Sie nicht auf das Internet zugreifen können, wenden Sie sich bitte an den {0}Support{1}.</val>
		</str>
		<str name="instructVol" translate="yes">
			<val>Ihr IT-Administrator muss sich zur Aktivierung an den {0}Support{1} wenden.</val>
		</str>
		<str name="requireRet" translate="yes">
			<val>Teilen Sie dem Support-Mitarbeiter folgende Informationen mit:</val>
		</str>
		<str name="requireVol" translate="yes">
			<val>Bitten Sie Ihren IT-Administrator, dem Support die folgenden Informationen mitzuteilen.</val>
		</str>
		<str name="problem" translate="yes">
			<val>Problem:</val>
		</str>
		<str name="license" translate="yes">
			<val>Lizenz:</val>
		</str>
		<str name="detail1" translate="yes">
			<val>Info 1:</val>
		</str>
		<str name="detail2" translate="yes">
			<val>Info 2:</val>
		</str>
		<str name="serialRet" translate="yes">
			<val>Geben Sie, sofern vorhanden, die Nummer ein, die Sie vom Support-Mitarbeiter erhalten haben.</val>
		</str>
		<str name="serialVol" translate="yes">
			<val>Geben Sie, sofern vorhanden, die Nummer ein, die Sie von Ihrem IT-Administrator erhalten haben.</val>
		</str>
		<str name="learn" translate="yes">
			<val>Informieren Sie sich über die Adobe-Aktivierungsrichtlinie unter {0}adobe.com/go/activation_de{1}.</val>
		</str>
		<str name="learnlink" translate="yes">
			<val>http://www.adobe.com/go/activation_de</val>
		</str>
		<str name="back" translate="yes">
			<val>ZURÜCK</val>
		</str>
		<str name="done" translate="yes">
			<val>FERTIG</val>
		</str>
	</set>
	
	<set name="subWelcome_1_2">
		<str name="info" translate="no">
			<val>To launch your product you will need a subscription serial number. Click SUBSCRIBE NOW if you are new to Creative Suite Subscriptions.</val>
		</str>
		<str name="current" translate="no">
			<val>Current Subscribers</val>
		</str>
		<str name="currentInfo" translate="no">
			<val>If you already have a Design Premium CS5 Subscription Edition serial number, please click NEXT to enter it and begin. All current subscribers of Design Premium CS4 Subscription Edition should have received an upgrade serial number via email.</val>
		</str>
		<str name="setUp" translate="no">
			<val>Set up your new subscription account</val>
		</str>
		<str name="billing" translate="no">
			<val>Subscription billing and management is handled through eSellerate, a third party provider.</val>
		</str>
		<str name="subscribeNow" translate="no">
			<val>SUBSCRIBE NOW</val>
		</str>
		<str name="newPurchase" translate="no">
			<val>All newly purchased subscriptions include a coupon code (located on the back of your disk) that you will be able to redeem to receive your first month of subscription for free.</val>
		</str>
		<str name="next" translate="no">
			<val>NEXT</val>
		</str>
		<str name="quit" translate="no">
			<val>QUIT</val>
		</str>
	</set>

	<set name="subMain_1_2">
		<str name="subscribeNow" translate="no">
			<val>SUBSCRIBE NOW</val>
		</str>
		<str name="buyLink" translate="no">
			<val>http://www.esellerate.net</val>
		</str>
		<str name="subscriptionInfo" translate="no">
			<val>Subscription billing and management is handled through eSellerate, a third party provider.</val>
		</str>
		<str name="expiredInfo" translate="no">
			<val>To use the product you will need to purchase a subscription through eSellerate.</val>
		</str>
	</set>
	
	<set name="claimResponse_1_2">
		<str name="code_" translate="no">
			<val></val>
		</str>
		<str name="code_EXCEPTION_DECODE_FAILED" translate="no">
			<val>Invalid serial number. Could not start your CS5 Design Premium subscription.</val>
		</str>
		<str name="code_EXCEPTION_NO_SUCH_USER" translate="no">
			<val>Could not start your CS5 Design Premium subscription. Try again later.</val>
		</str>
		<str name="code_EXCEPTION_INVALID_DATA" translate="no">
			<val>Could not start your CS5 Design Premium subscription. Try again later.</val>
		</str>
		<str name="code_EXCEPTION_WCD_TIMEOUT" translate="no">
			<val>Could not start your CS5 Design Premium subscription. Try again later.</val>
		</str>
		<str name="code_EXCEPTION_SNSERVER_TIMEOUT" translate="no">
			<val>Could not start your CS5 Design Premium subscription. Try again later.</val>
		</str>
		<str name="code_EXCEPTION_WCD_SESSION_TIMEOUT" translate="no">
			<val>Could not start your CS5 Design Premium subscription. Try again later.</val>
		</str>
		<str name="code_EXCEPTION_INTERNAL_TIMEOUT" translate="no">
			<val>Could not start your CS5 Design Premium subscription. Try again later.</val>
		</str>
		<str name="code_EXCEPTION_INTERNAL_SERVER_ERROR" translate="no">
			<val>Could not start your CS5 Design Premium subscription. Try again later.</val>
		</str>
		<str name="code_ESS_TIMEOUT" translate="no">
			<val>Could not start your CS5 Design Premium subscription. Try again later.</val>
		</str>
		<str name="code_ESS_FAILURE" translate="no">
			<val>Could not start your CS5 Design Premium subscription. Try again later.</val>
		</str>
		<str name="code_EXCEPTION_SYSTEM_UNAVAILABLE" translate="no">
			<val>We are currently undergoing maintenance. We apologize for this inconvenience. Please try again later to start your subscription.</val>
		</str>
	</set>

	<set name="subError_1_2">
		<str name="associateFailed" translate="no">
			<val>We are unable to activate your product at this time. You can hit the Back button to try to activate the product again, or to attempt to launch the product in trial mode.</val>
		</str>
		<str name="associateFailed_ID" translate="no">
			<val>We are unable to activate your product at this time. You can hit the Back button to try to activate the product again.</val>
		</str>
		<str name="assocUserNotAuthErr" translate="no">
			<val>The Adobe ID you entered is different than the Adobe ID used to originally activate this subscription. You can hit the Back button to try to activate the product again using a different Adobe ID, or to activate the product using a new subscription serial number.</val>
		</str>
		<str name="assocUserNotAuthErr_ID" translate="no">
			<val>The Adobe ID you entered is different than the Adobe ID used to originally activate this subscription. You can hit the Back button to try to activate the product again using a different Adobe ID.</val>
		</str>
		<str name="checkEntitlementFailed" translate="no">
			<val>We are unable to activate your product at this time. Please try again later.</val>
		</str>
		<str name="disAllIntervalErr" translate="no">
			<val>You have exceeded the maximum number of deactivation attempts allowed in this time period. Please try again later.</val>
		</str>
	</set>

	<set name="subExpired_1_2">
		<str name="instruct_exp" translate="no">
			<val>The serial number you used to purchase this product has expired. If you did not intend to let your Design Premium subscription expire, please call Adobe Customer Care at 
1800-614-863 to resolve the issue.</val>
		</str>
		<str name="instruct_bonus" translate="no">
			<val>The serial number you used to purchase this product has expired. This is your last opportunity to launch the product before it is automatically deactivated. To reactivate, you must provide a new serial number now. If not, your next launch will start  in trial mode and you can provide a new serial number at that time. If you did not intend to let your Design Premium subscription expire, please call Adobe Customer Care at 1800-614-863 to resolve the issue.</val>
		</str>
		<str name="serial" translate="no">
			<val>Serial number for {0}</val>
		</str>
		<str name="purchase" translate="no">
			<val>You can purchase a new subscription serial number through eSellerate, a third party provider.</val>
		</str>
		<str name="back" translate="no">
			<val>BACK</val>
		</str>
		<str name="continue" translate="no">
			<val>CONTINUE</val>
		</str>
		<str name="subscribeNow" translate="no">
			<val>SUBSCRIBE NOW</val>
		</str>
	</set>
	
	<set name="subOverAct_1_2">
		<str name="disassociate" translate="no">
			<val>Deactivate all computers and retry activation. You will be able to reactivate on one of your other computers by logging in with your Adobe ID at product launch.</val>
		</str>
		<str name="provide" translate="no">
			<val>Provide another serial number for this product.</val>
		</str>
		<str name="subscribeNow" translate="no">
			<val>SUBSCRIBE NOW</val>
		</str>
		<str name="back" translate="no">
			<val>BACK</val>
		</str>
		<str name="continue" translate="no">
			<val>CONTINUE</val>
		</str>
	</set>
	
	<set name="subConErr_1_2">
		<str name="title" translate="no">
			<val>Verifying Subscription Status</val>
		</str>
		<str name="progress" translate="no">
			<val>Verifying Subscription Status...</val>
		</str>
		<str name="contact" translate="no">
			<val>We need to contact Adobe Servers every thirty days to validate the status of your Design Premium subscription. In order to conduct this validation you must be connected to the internet. After we have verified your status, you can disconnect from the internet.</val>
		</str>
		<str name="contactExp" translate="no">
			<val>We need to contact Adobe Servers every thirty days to validate the status of your Design Premium subscription. In order to conduct this validation you must be connected to the internet. After we have verified your status, you can disconnect from the internet. If you do not successfully connect to the internet, this will be the last time you will be able to launch your product offline.</val>
		</str>
		<str name="error" translate="no">
			<val>Please connect to the Internet, then press Continue</val>
		</str>			
		<str name="assist" translate="no">
			<val>Connection Support</val>
		</str>			
		<str name="continue" translate="no">
			<val>CONTINUE</val>
		</str>
		<str name="assistlink" translate="no">
			<val>http://www.adobe.com</val>
		</str>
		<str name="continue" translate="no">
			<val>CONTINUE</val>
		</str>
	</set>
	
	<set name="dspReminder">
		<str name="reminder" translate="yes">
			<val>Abonnementerinnerung</val>
		</str>
		<str name="grace" translate="yes">
			<val>Abonnement abgelaufen</val>
		</str>
		<str name="infoReminder" translate="yes">
			<val>Ihr Abonnement läuft bald ab.</val>
		</str>
		<str name="infoGrace" translate="yes">
			<val>Ihr Abonnement für {0} ist abgelaufen.</val>
		</str>
		<str name="offline" translate="yes">
			<val>Die Verbindung mit dem Internet konnte nicht hergestellt werden. Prüfen Sie die Verbindungseinstellungen und wählen Sie „Erneut versuchen“.</val>
		</str>
		<str name="reminderPeriod" translate="yes">
			<val>Laut unseren Aufzeichnungen wurde diesem Abonnementkonto keine Kreditkarte zugewiesen. Wählen Sie „Verlängern“, um eine Kreditkarte anzugeben und Ihr Abonnement zu verlängern.</val>
		</str>
		<str name="reminderPeriodOffline" translate="yes">
			<val>Laut unseren Aufzeichnungen wurde diesem Abonnementkonto keine Kreditkarte zugewiesen. Wählen Sie „Verlängern“, um eine Kreditkarte anzugeben und Ihr Abonnement zu verlängern.</val>
		</str>
		<str name="gracePeriod" translate="yes">
			<val>Wählen Sie „Verlängern“, um Ihr Produkt weiterhin ohne Unterbrechungen zu verwenden. Sie erhalten eine kurze Kulanzfrist für die Verlängerung Ihres Abonnements. Nach Ablauf dieser Frist ist der Zugriff auf dieses Produkt nicht mehr möglich.</val>
		</str>
		<str name="gracePeriodOffline" translate="yes">
			<val>Sie benötigen eine funktionierende Internetverbindung, um dieses Produkt zu verwenden. Sie erhalten eine kurze Kulanzfrist für die Verlängerung Ihres Abonnements. Nach Ablauf dieser Frist ist der Zugriff auf dieses Produkt nicht mehr möglich.</val>
		</str>
		<str name="bonusPeriod" translate="yes">
			<val>Wählen Sie „Verlängern“, um Ihr Produkt weiterhin ohne Unterbrechungen zu verwenden. Wenn Sie Ihr Abonnement nicht verlängern, haben Sie keinen Zugriff mehr auf das Produkt. Falls Sie Ihr Abonnement vor Kurzem verlängert haben, warten Sie mindestens 15 Minuten und starten Sie das Produkt dann erneut.</val>
		</str>
		<str name="viewPolicy" translate="yes">
			<val>Abonnementrichtlinie anzeigen</val>
		</str>
		<str name="subPolicyLink" translate="yes">
			<val>http://www.adobe.com/go/subscription_policy_de</val>
		</str>
		<str name="subscriptionLink" translate="no">
			<val>http://www.adobe.com/go/subscriptionedition</val>
		</str>
		<str name="daysRemain" translate="yes">
			<val>TAGE RESTZEIT</val>
		</str>
		<str name="daysRemainAlternate" translate="yes">
			<val>TAG RESTZEIT</val>
		</str>
		<str name="later" translate="yes">
			<val>SPÄTER ERINNERN</val>
		</str>
		<str name="continue" translate="yes">
			<val>FORTFAHREN</val>
		</str>
		<str name="tryAgain" translate="yes">
			<val>ERNEUT VERSUCHEN</val>
		</str>
		<str name="renew" translate="yes">
			<val>VERLÄNGERN</val>
		</str>
	</set>
	
	<set name="dspExpired">
		<str name="title" translate="yes">
			<val>Abonnement abgelaufen</val>
		</str>
		<str name="renewOption" translate="yes">
			<val>Abonnement für {0} verlängern</val>
		</str>
		<str name="renewMsg" translate="yes">
			<val>Wählen Sie „Verlängern“, um Ihr Produkt weiterhin ohne Unterbrechungen zu verwenden. Wenn Sie Ihr Abonnement gerade verlängert haben, warten Sie 15 Minuten und wiederholen Sie dann den Vorgang.</val>
		</str>
		<str name="renewLinkText" translate="yes">
			<val>Verlängern</val>
		</str>
		<str name="renewLink" translate="no">
			<val>http://www.adobe.com/go/subscriptionedition</val>
		</str>
		<str name="serialOption" translate="yes">
			<val>Neue Seriennummer eingeben</val>
		</str>
		<str name="purchaseLinkText" translate="yes">
			<val>Adobe-Software kaufen</val>
		</str>
		<str name="serialError" translate="yes">
			<val>Diese Seriennummer ist für dieses Produkt nicht gültig.</val>
		</str>
		<str name="locateTT" translate="yes">
			<val>Ihre Seriennummer befindet sich auf der Rückseite der DVD-Hülle, auf Ihrem Adobe Open Options-Lizenzzertifikat oder in Ihrer E-Mail-Bestätigung des Adobe.com-Stores (nur Download-Käufe).</val>
		</str>
		<str name="used" translate="yes">
			<val>Diese Seriennummer wird verwendet für: {0}</val>
		</str>			
		<str name="agree" translate="yes">
			<val>Entsprechend der Software-Lizenzvereinbarung versucht die Software automatisch, eine Aktivierung über das Internet vorzunehmen. Weitere Informationen finden Sie unter {0}www.adobe.com/de/activation{1}.</val>
		</str>
		<str name="activationLink" translate="yes">
			<val>http://www.adobe.com/go/activation_de</val>
		</str>
		<str name="continue" translate="yes">
			<val>FORTFAHREN</val>
		</str>
		<str name="tryAgain" translate="yes">
			<val>ERNEUT VERSUCHEN</val>
		</str>
		<str name="quit" translate="yes">
			<val>BEENDEN</val>
		</str>
	</set>
	
	<set name="dspOverActivation">
		<str name="title" translate="yes">
			<val>Aktivierung</val>
		</str>
		<str name="limit" translate="yes">
			<val>{0} ist bereits auf einem anderen Computer aktiviert</val>
		</str>
		<str name="alreadyActivated" translate="yes">
			<val>Laut unseren Aufzeichnungen wurde dieses Produkt bereits auf einem anderen Computer aktiviert. Wählen Sie „Weiter“, um Ihr Abonnement auf diesem Computer zu aktivieren und auf anderen Computern zu deaktivieren.</val>
		</str>
		<str name="actPolicyLinkText" translate="yes">
			<val>Aktivierungsrichtlinie anzeigen</val>
		</str>
		<str name="actPolicyLink" translate="yes">
			<val>http://www.adobe.com/go/activation_de</val>
		</str>
		<str name="quit" translate="yes">
			<val>BEENDEN</val>
		</str>
		<str name="next" translate="yes">
			<val>WEITER</val>
		</str>
	</set>
	
	<set name="dspUnableToActivate">
		<str name="title" translate="yes">
			<val>Aktivierung</val>
		</str>
		<str name="failureMessage" translate="yes">
			<val>{0} kann nicht aktiviert werden</val>
		</str>
		<str name="labelHead" translate="yes">
			<val>Produkt muss zur Verwendung aktiviert werden</val>
		</str>
		<str name="message" translate="yes">
			<val>Zum Aktivieren des Produkts benötigen Sie eine funktionierende Internetverbindung. Prüfen Sie die Verbindungseinstellungen und wählen Sie „Erneut versuchen“.</val>
		</str>
		<str name="activationMessage" translate="yes">
			<val>Weitere Informationen über die Aktivierung finden Sie in der {0}Adobe-Aktivierungsrichtlinie{1}.</val>
		</str>
		<str name="activationLink" translate="yes">
			<val>http://www.adobe.com/go/activation_de</val>
		</str>
		<str name="quit" translate="yes">
			<val>BEENDEN</val>
		</str>
		<str name="tryAgain" translate="yes">
			<val>ERNEUT VERSUCHEN</val>
		</str>
	</set>
	
	<set name="dspErrorTryAgain">
		<str name="title" translate="yes">
			<val>Erneut versuchen</val>
		</str>
		<str name="header" translate="yes">
			<val>Aktivierung Ihres Abonnements für {0} nicht möglich</val>
		</str>
		
		<str name="checkEntitlementGenericError_Title" translate="yes">
			<val>Aktivierung Ihres Abonnements für {0} nicht möglich</val>
		</str>
		<str name="checkEntitlementGenericError_Message" translate="yes">
			<val>Warten Sie einige Augenblicke und wiederholen Sie den Vorgang dann.</val>
		</str>
		<str name="checkEntitlementGenericError_LinkText" translate="yes">
			<val>Support kontaktieren</val>
		</str>
		<str name="checkEntitlementGenericError_Link" translate="yes">
			<val>http://www.adobe.com/go/support_de</val>
		</str>
		<str name="checkEntitlementGenericError_Next" translate="yes">
			<val>ERNEUT VERSUCHEN</val>
		</str>
		<str name="checkEntitlementGenericError_Back" translate="yes">
			<val>SCHLIESSEN</val>
		</str>
		
		<str name="checkEntitlementOfflineError_Title" translate="yes">
			<val>Sie sind derzeit nicht mit dem Internet verbunden</val>
		</str>
		<str name="checkEntitlementOfflineError_Message" translate="yes">
			<val>Um dieses Produkt zu verwenden, muss eine Internetverbindung bestehen. Vergewissern Sie sich, dass Ihre Netzwerkverbindung aktiv ist, und klicken Sie auf die Schaltfläche, um den Vorgang zu wiederholen. Wenn dieser Fehler weiterhin auftritt, wenden Sie sich an den Support.</val>
		</str>
		<str name="checkEntitlementOfflineError_LinkText" translate="yes">
			<val>Support kontaktieren</val>
		</str>
		<str name="checkEntitlementOfflineError_Link" translate="yes">
			<val>http://www.adobe.com/go/support_de</val>
		</str>
		<str name="checkEntitlementOfflineError_Next" translate="yes">
			<val>ERNEUT VERSUCHEN</val>
		</str>
		<str name="checkEntitlementOfflineError_Back" translate="yes">
			<val>ZURÜCK</val>
		</str>
		
		<str name="tryAgain" translate="yes">
			<val>ERNEUT VERSUCHEN</val>
		</str>
		<str name="close" translate="yes">
			<val>SCHLIESSEN</val>
		</str>
	</set>
	
	<set name="dspVerified">
		<str name="title" translate="yes">
			<val>Vielen Dank</val>
		</str>
		<str name="verified" translate="yes">
			<val>Ihr Abonnement für {0} ist jetzt aktiv. Wählen Sie „Fortfahren“, um das Produkt zu verwenden.</val>
		</str>
		<str name="continue" translate="yes">
			<val>FORTFAHREN</val>
		</str>
	</set>
	
	<set name="calendar">
		<str name="remaining" translate="yes">
			<val>{0} Tage Restzeit</val>
		</str>
		<str name="remainingAlternate" translate="yes">
			<val>{0} Tag Restzeit</val>
		</str>
	</set>
	
	<set name="dspPrescreenResponse">
		<str name="header_NOT_ENABLED" translate="yes">
			<val>Ihr Abonnement für {0} ist abgelaufen</val>
		</str>
		<str name="body_NOT_ENABLED" translate="yes">
			<val>Verlängern Sie Ihr Abonnement oder wählen Sie „Zurück“, um eine andere Seriennummer einzugeben.</val>
		</str>
		<str name="linkText_NOT_ENABLED" translate="yes">
			<val>Abonnement verlängern</val>
		</str>
		<str name="link_NOT_ENABLED" translate="no">
			<val>http://www.adobe.com/go/subscriptionedition</val>
		</str>
		<str name="header_OFFLINE" translate="yes">
			<val>Es kann keine Verbindung mit dem Internet hergestellt werden</val>
		</str>
		<str name="body_OFFLINE" translate="yes">
			<val>Sie benötigen eine funktionierende Internetverbindung, um dieses Produkt zu verwenden. Überprüfen Sie Ihre Verbindungseinstellungen und wählen Sie „Erneut versuchen“. Wenn weiterhin Probleme auftreten, wenden Sie sich an den Support.</val>
		</str>
		<str name="linkText_OFFLINE" translate="yes">
			<val>Support kontaktieren</val>
		</str>
		<str name="link_OFFLINE" translate="yes">
			<val>http://www.adobe.com/go/support_de</val>
		</str>
		<str name="header_GENERIC_ERROR" translate="yes">
			<val>Aktivierung Ihres Abonnements für {0} nicht möglich</val>
		</str>
		<str name="body_GENERIC_ERROR" translate="yes">
			<val>Warten Sie einige Augenblicke und wiederholen Sie den Vorgang dann.</val>
		</str>
		<str name="linkText_GENERIC_ERROR" translate="yes">
			<val>Support kontaktieren</val>
		</str>
		<str name="link_GENERIC_ERROR" translate="yes">
			<val>http://www.adobe.com/go/support_de</val>
		</str>
		<str name="back" translate="yes">
			<val>ZURÜCK</val>
		</str>
		<str name="tryAgain" translate="yes">
			<val>ERNEUT VERSUCHEN</val>
		</str>
	</set>
	
	<set name="dspSuspended">
		<str name="title_actSuspended" translate="yes">
			<val>Aktivierung</val>
		</str>
		<str name="header_actSuspended" translate="yes">
			<val>{0} kann nicht aktiviert werden</val>
		</str>
		<str name="msg1_actSuspended" translate="yes">
			<val>Das Datum Ihres Systems stimmt nicht mit dem Datum auf unserem Server überein.</val>
		</str>
		<str name="msg2_actSuspended" translate="yes">
			<val>Adobe-Serverdatum: {0}</val>
		</str>
		<str name="msg3_actSuspended" translate="yes">
			<val>Ihr Systemdatum kann um bis zu drei Tage vom Adobe-Serverdatum abweichen. Überprüfen Sie die Datumseinstellungen auf Ihrem Computer und wählen Sie „Erneut versuchen“. Wenn weiterhin Probleme auftreten, wenden Sie sich an den Support.</val>
		</str>

		<str name="title_subSuspended" translate="yes">
			<val>Abonnement unterbrochen</val>
		</str>
		<str name="header_subSuspended" translate="yes">
			<val>Das Abonnement für {0} wurde unterbrochen</val>
		</str>
		<str name="msg1_subSuspended" translate="yes">
			<val>Das Datum Ihres Systems stimmt nicht mit dem Datum auf unserem Server überein.</val>
		</str>
		<str name="msg2_subSuspended" translate="yes">
			<val>Adobe-Serverdatum: {0}</val>
		</str>
		<str name="msg3_subSuspended" translate="yes">
			<val>Ihr Systemdatum kann bis zu drei Tage vor oder nach dem Adobe-Serverdatum liegen. Überprüfen Sie die Datumseinstellungen auf Ihrem Computer und wählen Sie „Erneut versuchen“. Wenn weiterhin Probleme auftreten, wenden Sie sich an den Support.</val>
		</str>
		
		<str name="title_subWindback" translate="yes">
			<val>Abonnement unterbrochen</val>
		</str>
		<str name="header_subWindback" translate="yes">
			<val>Das Abonnement für {0} wurde unterbrochen</val>
		</str>
		<str name="msg1_subWindback" translate="yes">
			<val>Datum und Uhrzeit auf Ihrem System wurden möglicherweise geändert.</val>
		</str>
		<str name="msg3_subWindback" translate="yes">
			<val>Überprüfen Sie die Datums- und Uhrzeiteinstellungen auf Ihrem Computer und wählen Sie „Erneut versuchen“. Wenn weiterhin Probleme auftreten, wenden Sie sich an den Support.</val>
		</str>

		<str name="custSuppAsst" translate="yes">
			<val>Support kontaktieren</val>
		</str>
		<str name="supportlink" translate="yes">
			<val>http://www.adobe.com/go/support_de</val>
		</str>
		<str name="actPolicyLinkText" translate="yes">
			<val>Aktivierungsrichtlinie anzeigen</val>
		</str>
		<str name="actPolicyLink" translate="yes">
			<val>http://www.adobe.com/go/activation_de</val>
		</str>
		<str name="quit" translate="yes">
			<val>BEENDEN</val>
		</str>
		<str name="tryAgain" translate="yes">
			<val>ERNEUT VERSUCHEN</val>
		</str>
	</set>
	
	<set name="dateTimeFormats">
		<str name="dateFormat_Long" translate="yes">
			<val>{1}. {0} {2}</val>
		</str>
	</set>

	<set name="monthsFull">
		<str name="1" translate="yes">
			<val>Jan.</val>
		</str>
		<str name="2" translate="yes">
			<val>Feb.</val>
		</str>
		<str name="3" translate="yes">
			<val>Mrz.</val>
		</str>
		<str name="4" translate="yes">
			<val>Apr.</val>
		</str>
		<str name="5" translate="yes">
			<val>Mai</val>
		</str>
		<str name="6" translate="yes">
			<val>Jun.</val>
		</str>
		<str name="7" translate="yes">
			<val>Jul.</val>
		</str>
		<str name="8" translate="yes">
			<val>Aug.</val>
		</str>
		<str name="9" translate="yes">
			<val>Sep.</val>
		</str>
		<str name="10" translate="yes">
			<val>Okt.</val>
		</str>
		<str name="11" translate="yes">
			<val>Nov.</val>
		</str>
		<str name="12" translate="yes">
			<val>Dez.</val>
		</str>
	</set>
	
	<set name="authProxy">
		<str name="instruct" translate="yes">
			<val>Geben Sie Benutzernamen und Kennwort für den Proxyserver ein:</val>
		</str>
		<str name="username" translate="yes">
			<val>Benutzername:</val>
		</str>
		<str name="password" translate="yes">
			<val>Kennwort:</val>
		</str>
		<str name="remember" translate="yes">
			<val>Kennwort merken</val>
		</str>
		<str name="fail" translate="yes">
			<val>Authentifizierung des Benutzers nicht möglich. Überprüfen Sie Benutzernamen und Kennwort und versuchen Sie es erneut.</val>
		</str>
		<str name="ok" translate="yes">
			<val>OK</val>
		</str>
		<str name="cancel" translate="yes">
			<val>ABBRECHEN</val>
		</str>
	</set>

	<set name="isoToLanguage">
								<str name="ar_AE" translate="no"><val>العربية</val></str>
		<str name="en_GB" translate="no"><val>English (International)</val></str> 
		<str name="fr_CA" translate="no"><val>Français canadien</val></str>
		<str name="es_QM" translate="no"><val>Español (Middle East)</val></str>
		<str name="es_LA" translate="no"><val>Español de América Latina</val></str>
		<str name="es_NA" translate="no"><val>Español Norteamericano</val></str>
		<str name="bg_BG" translate="no"><val>Български</val></str>
		<str name="lv_LV" translate="no"><val>Latviešu</val></str>
		<str name="et_EE" translate="no"><val>Eesti</val></str>
		<str name="hr_HR" translate="no"><val>hrvatski</val></str>
		<str name="sl_SI" translate="no"><val>slovenščina</val></str>
		<str name="sk_SK" translate="no"><val>slovenčina</val></str>
		<str name="th_TH" translate="no"><val>ภาษาไทย</val></str> 
		<str name="vi_VN" translate="no"><val>Việt</val></str>
		<str name="en_XC" translate="no"><val>English (Central Europe)</val></str> 
		<str name="en_XM" translate="no"><val>English (Middle East)</val></str>
		<str name="fr_XM" translate="no"><val>Français Oriental Moyen</val></str>
		<str name="sq_AL" translate="no"><val>Shqip</val></str> 
								<str name="ar_SA" translate="no"><val>العربية</val></str>
		<str name="be_BY" translate="no"><val>Беларуская</val></str> 
		<str name="ca_ES" translate="no"><val>Català</val></str> 
								<str name="hi_IN" translate="no"><val>हिन्दी</val></str>
		<str name="is_IS" translate="no"><val>Íslenska</val></str> 
		<str name="lt_LT" translate="no"><val>Lietuvių</val></str>
		<str name="mk_MK" translate="no"><val>македонски</val></str>
		<str name="nn_NO" translate="no"><val>Norsk (Nynorsk)</val></str>
		<str name="pt_PT" translate="no"><val>Português de Portugal</val></str> 
		<str name="sh_YU" translate="no"><val>Srpsko-Hrvatski</val></str> 
		<str name="sr_YU" translate="no"><val>Cрпски</val></str> 
		<str name="kk_KZ" translate="no"><val>Қазақ</val></str>
		<str name="az_AZ" translate="no"><val>Azərbaycan dili</val></str> 
		<str name="es_MX" translate="no"><val>Español (América Latina)</val></str>
		<str name="no_NO" translate="no"><val>Norwegian</val></str> 
		<str name="cs_CZ" translate="no"><val>Česky</val></str>
		<str name="de_DE" translate="no"><val>Deutsch</val></str>
		<str name="el_GR" translate="no"><val>Ελληνικά</val></str>
		<str name="en_US" translate="no"><val>English (North America)</val></str> 
		<str name="es_ES" translate="no"><val>Español</val></str> 
		<str name="fr_FR" translate="no"><val>Français</val></str>
								<str name="he_IL" translate="no"><val>עברית</val></str> 
		<str name="hu_HU" translate="no"><val>Magyar</val></str> 
		<str name="it_IT" translate="no"><val>Italiano</val></str>
		<str name="ja_JP" translate="no"><val>日本語</val></str>
		<str name="ko_KR" translate="no"><val>한국어</val></str>
		<str name="nl_NL" translate="no"><val>Nederlands</val></str>
		<str name="pl_PL" translate="no"><val>Polski</val></str>
		<str name="ro_RO" translate="no"><val>Română</val></str>
		<str name="ru_RU" translate="no"><val>Pусский</val></str>
		<str name="sv_SE" translate="no"><val>Svenska</val></str>
		<str name="tr_TR" translate="no"><val>Türkçe</val></str>
		<str name="uk_UA" translate="no"><val>Українська</val></str>
		<str name="zh_CN" translate="no"><val>简体中文</val></str>
		<str name="zh_TW" translate="no"><val>繁體中文</val></str>
		<str name="da_DK" translate="no"><val>Dansk</val></str>
		<str name="fi_FI" translate="no"><val>Suomi</val></str>
		<str name="nb_NO" translate="no"><val>Norsk (Bokmål)</val></str> 
		<str name="pt_BR" translate="no"><val>Português do Brasil</val></str>
	</set>
		
</asf>
