<?xml version='1.0' encoding='utf-8'?>
<!DOCTYPE asf SYSTEM "http://ns.adobe.com/asf/asf_1_0.dtd" >
<asf xmlns="http://ns.adobe.com/asf" locale="ru_RU" version="1.0">
	
	<set name="common">
		<str name="adobeProduct" translate="yes">
			<val>Продукт Adobe</val>
		</str>
		<str name="adobeTrial" translate="yes">
			<val>Ознакомительная версия продукта Adobe</val>
		</str>
		<str name="actPolicy" translate="yes">
			<val>Политика активации Adobe</val>
		</str>
		<str name="subEdition" translate="no">
			<val>Subscription Edition</val>
		</str>
		<str name="progressMessage" translate="yes">
			<val>Подключение...</val>
		</str>
	</set>
	
	<set name="provision">
		<str name="buy" translate="yes">
			<val>КУПИТЬ</val>
		</str>			
		<str name="remain" translate="yes">
			<val>ОСТАЛОСЬ ДНЕЙ</val>
		</str>
		<str name="authAdobeID" translate="yes">
			<val>Аутентификация Adobe ID...</val>
		</str>
	</set>

	<set name="eula">
		<str name="eula" translate="yes">
			<val>Лицензионное соглашение по ПО Adobe</val>
		</str>
		<str name="view" translate="yes">
			<val>Язык:</val>
		</str>
		<str name="accept" translate="yes">
			<val>ПРИНЯТЬ</val>
		</str>
		<str name="decline" translate="yes">
			<val>ОТКЛОНИТЬ</val>
		</str>		
		<str name="quit" translate="yes">
			<val>ВЫХОД</val>
		</str>		
	</set>

	<set name="activate">
		<str name="title" translate="yes">
			<val>Активация</val>
		</str>
		<str name="progress" translate="yes">
			<val>Активация…</val>
		</str>			
		<str name="fail" translate="yes">
			<val>Активация не удалась</val>
		</str>			
		<str name="contact" translate="yes">
			<val>Осуществляется связь с Adobe для активации этой копии {0} с помощью предоставленного серийного номера.</val>
		</str>
		<str name="contact_forced" translate="yes">
			<val>Мы обращаемся к Adobe для активации данной копии {0}</val>
		</str>
		<str name="limit" translate="yes">
			<val>Достигнут предел попыток активации для {0}.</val>
		</str>	
		<str name="already" translate="yes">
			<val>Этот серийный номер уже был активирован на 2-х компьютерах.</val>
		</str>
		<str name="alreadyError" translate="yes">
			<val>Этот серийный номер был активирован на 2 компьютерах. Чтобы продолжить работу, нужно устранить эту неполадку.</val>
		</str>
		<str name="retryOption" translate="yes">
			<val>Повторите попытку активации. Один из компьютеров уже деактивирован.</val>
		</str>
		<str name="subRetryOption" translate="yes">
			<val>Деактивируйте все компьютеры и повторите попытку активации.</val>
		</str>	
		<str name="provide" translate="yes">
			<val>Введите другой серийный номер для этого продукта.</val>
		</str>	
		<str name="provideBlurb" translate="yes">
			<val>Для использования данного программного обеспечения в ознакомительном режиме необходим Adobe ID.</val>
		</str>	
		<str name="serialBlurb" translate="yes">
			<val>Введите серийный номер.</val>
		</str>	
		<str name="serialNumberMessage" translate="yes">
			<val>Этот серийный номер будет использован для: {0}</val>
		</str>
		<str name="serialActivationMessage" translate="yes">
			<val>Согласно лицензионному соглашению по программному обеспечению программа предпринимает попытку автоматически выполнить активацию через Интернет. Подробные сведения см. на странице {0}www.adobe.com/activation{1}.</val>
		</str>
		<str name="activationLink" translate="yes">
			<val>http://www.adobe.com/go/activation_ru</val>
		</str>
		<str name="buyWarning1" translate="yes">
			<val>Если выбрать "Напомнить позже", то у вас останется {0} дней, чтобы устранить неполадку прежде, чем ПО перестанет работать.</val>
		</str>	
		<str name="buyWarning2" translate="yes">
			<val>Если неполадка не будет устранена, вы больше не сможете пользоваться этим продуктом.</val>
		</str>	
		<str name="buyWarning3" translate="yes">
			<val>Чтобы пользоваться этим продуктом дальше, вы должны устранить данную неполадку.</val>
		</str>	
		<str name="buyWarningRefuse" translate="yes">
			<val>При выборе пункта "Напомнить позже" вы должны будете устранить эту неполадку при следующем запуске продукта.</val>
		</str>	
		<str name="buyWarningRefuse2" translate="yes">
			<val>Чтобы пользоваться этим продуктом, вы должны устранить данную неполадку.</val>
		</str>
		<str name="learn" translate="yes">
			<val>Чтобы узнать больше об активации, обратитесь к {0}Политике активации Adobe.{1}</val>
		</str>
		<str name="learnlink" translate="yes">
			<val>http://www.adobe.com/go/activation_ru</val>
		</str>
		<str name="invalid" translate="yes">
			<val>Недействительный серийный номер</val>
		</str>	
		<str name="sninvalid" translate="yes">
			<val>Серийный номер недействителен.</val>
		</str>	
		<str name="hasfailure" translate="yes">
			<val>Нам не удалось активировать ваш продукт. Нажмите «Повторить», чтобы попробовать снова. Подробности см. в {0}Политике активации Adobe.{1}</val>
		</str>
		<str name="hasfailure1" translate="yes">
			<val>Нам не удалось активировать ваш продукт. Нажмите «Повторить». Подробности см. в {0}Политике активации Adobe.{1}</val>
		</str>
		<str name="mustDeactivate" translate="yes">
			<val>Для правильной и успешной активации этого продукта вы должны деактивировать одну из уже активированных копий.</val>
		</str>	
		<str name="howTo" translate="yes">
			<val>Как деактивировать:</val>
		</str>	
		<str name="deactivateInstruct" translate="yes">
			<val>Запустите одну из копий {0}, выберите в меню "Справка" пункт "Деактивировать", затем запустите эту копию снова. Если вы уже выполняли деактивацию, попробуйте снова.</val>
		</str>	
		<str name="errorCode" translate="yes">
			<val>Код ошибки: {0}</val>
		</str>
		<str name="errorCode1" translate="yes">
			<val>Код ошибки: #{0}</val>
		</str>
		<str name="success" translate="yes">
			<val>Эта копия {0} успешно активирована и готова к использованию.</val>
		</str>
		<str name="error" translate="yes">
			<val>Подключитесь к Интернету и нажмите "Продолжить"</val>
		</str>			
		<str name="assist" translate="yes">
			<val>Сетевая поддержка</val>
		</str>
		<str name="assistlink" translate="yes">
			<val>http://www.adobe.com/go/activation_ru</val>
		</str>		
		<str name="try" translate="yes">
			<val>Повторить попытку</val>
		</str>			
		<str name="later" translate="yes">
			<val>Активировать позже</val>
		</str>			
		<str name="close" translate="yes">
			<val>ЗАКРЫТЬ</val>
		</str>
		<str name="quit" translate="yes">
			<val>ВЫХОД</val>
		</str>
		<str name="done" translate="yes">
			<val>ГОТОВО</val>
		</str>
		<str name="remind" translate="yes">
			<val>Напомнить позже</val>
		</str>
		<str name="continue" translate="yes">
			<val>ПРОДОЛЖИТЬ</val>
		</str>
		<str name="retry" translate="yes">
			<val>Повторить</val>
		</str>
		<str name="back" translate="yes">
			<val>НАЗАД</val>
		</str>			
		<str name="errCode" translate="yes">
			<val>Код ошибки: </val>
		</str>
		<str name="unknownErr" translate="yes">
			<val>Неизвестно</val>
		</str>
		<str name="serialError" translate="yes">
			<val>Данный серийный номер недействителен для этого продукта.</val>
		</str>
		<str name="denybuyLink" translate="no">
			<val>http://www.adobe.com/go/denybuy</val>
		</str>
	</set>

	<set name="inAppTrial">
		<str name="serial" translate="yes">
			<val>ВВЕСТИ СЕРИЙНЫЙ НОМЕР</val>
		</str>
		<str name="contentLoading" translate="yes">
			<val>Загрузка содержимого...</val>
		</str>
	</set>
	
	<set name="privacy">
		<str name="title" translate="yes">
			<val>Настройки конфиденциальности</val>
		</str>
		<str name="content" translate="yes">
			<val>Adobe использует информацию, собранную в ходе загрузки и во время ознакомительного периода, чтобы предоставить вам содержимое, соответствующее вашим интересам.{0}Кроме того, Adobe может использовать собранные сведения для внутренних целей, чтобы оценить и улучшить впечатления потребителей. Никогда никакие сведения, позволяющие установить вашу личность, не связываются с данными об использовании вами ознакомительной версии продукта.{0}Если вы не хотите, чтобы компания Adobe собирала и использовала информацию, связанную с использованием вами ознакомительной версии продукта, вы можете отключить этот параметр, установив флажок ниже. При следующем ознакомительном запуске никакие данные об использовании вами ознакомительной версии собираться не будут и содержимое, настроенное на основе этой информации, будет отключено.{0}Дополнительную информацию о политике конфиденциальности Adobe см. в документе {1}Политика конфиденциальности в Интернете{2}.</val>
		</str>
		<str name="privacyLink" translate="yes">
			<val>http://www.adobe.com/go/privacy_ru</val>
		</str>
		<str name="request" translate="yes">
			<val>Отключить настраиваемое содержимое.</val>
		</str>
		<str name="ok" translate="yes">
			<val>ОК</val>
		</str>
		<str name="cancel" translate="yes">
			<val>ОТМЕНА</val>
		</str>
	</set>
	
	<set name="video">
		<str name="playAgain" translate="yes">
			<val>Воспроизвести еще раз</val>
		</str>
		<str name="nextTut" translate="yes">
			<val>Далее</val>
		</str>
		<str name="loading" translate="yes">
			<val>Загрузка видео...</val>
		</str>
		<str name="error" translate="yes">
			<val>Ошибка при загрузке содержимого\nПовторите попытку позднее.</val>
		</str>
		<str name="tryAgain" translate="yes">
			<val>Повторите попытку.</val>
		</str>
		<str name="escapeExit" translate="yes">
			<val>Нажмите клавишу ESC, чтобы выйти из расширенного режима экрана.</val>
		</str>
	</set>
	
	
	<set name="trial">
		<str name="title" translate="yes">
			<val>Демо {0}</val>
		</str>
		<str name="back" translate="yes">
			<val>НАЗАД</val>
		</str>
		<str name="serial" translate="yes">
			<val>Введите серийный номер</val>
		</str>
		<str name="lang" translate="yes">
			<val>Язык:</val>
		</str>	
		<str name="trial" translate="yes">
			<val>Продолжить использование в ознакомительном режиме</val>
		</str>
		<str name="continue" translate="yes">
			<val>ПРОДОЛЖИТЬ В ОЗНАКОМИТЕЛЬНОМ РЕЖИМЕ</val>
		</str>
		<str name="continueSerial" translate="yes">
			<val>ПРОДОЛЖИТЬ</val>
		</str>
		<str name="start" translate="yes">
			<val>ЗАПУСК В ОЗНАКОМИТЕЛЬНОМ РЕЖИМЕ</val>
		</str>
		<str name="cancel" translate="yes">
			<val>ОТМЕНИТЬ</val>
		</str>
		<str name="close" translate="yes">
			<val>ЗАКРЫТЬ</val>
		</str>
		<str name="quit" translate="yes">
			<val>ВЫХОД</val>
		</str>
		<str name="skip" translate="yes">
			<val>ПРОПУСТИТЬ</val>
		</str>
		<str name="serialError" translate="yes">
			<val>Данный серийный номер недействителен для этого продукта.</val>
		</str>
		<str name="instruct" translate="yes">
			<val>Чтобы использовать этот продукт в ознакомительном режиме, необходим Adobe ID. У вас есть 7 дней с момента первого запуска, чтобы ввести его.</val>
		</str>			
		<str name="locateTT" translate="yes">
			<val>Серийный номер указан сзади на коробке с DVD-диском, в лицензионном сертификате Adobe Open Options или в электронном письме, полученном от магазина Adobe.com Store (только для продуктов, приобретенных и загруженных через Интернет).</val>
		</str>
		<str name="one" translate="yes">
			<val>Этот продукт может быть использован еще один раз. После этого потребуется ввести серийный номер.</val>
		</str>
		<str name="nomore" translate="yes">
			<val>Чтобы перейти с ознакомительной версии, необходимо приобрести продукт и ввести серийный номер.</val>
		</str>
		<str name="license" translate="yes">
			<val>Лицензионное соглашение по ПО Adobe</val>
		</str>	
		<str name="eulaLink" translate="yes">
			<val>http://www.adobe.com/go/eulas_ru</val>
		</str>		
		<str name="expire" translate="yes">
			<val>Ознакомительный период истек.</val>
		</str>			
		<str name="used" translate="yes">
			<val>Этот серийный номер будет использован для: {0}</val>
		</str>			
		<str name="agree" translate="yes">
			<val>Согласно лицензионному соглашению программа предпринимает попытку автоматически выполнить активацию через Интернет. Подробные сведения см. на {0}www.adobe.com/activation{1}.</val>
		</str>
		<str name="activationLink" translate="yes">
			<val>http://www.adobe.com/go/activation_ru</val>
		</str>
		<str name="buyLink" translate="no">
			<val>http://www.adobe.com/go/buy</val>
		</str>			
	</set>

	<set name="trialerror">
		<str name="warning" translate="yes">
			<val>Проблема с ознакомительной версией.</val>
		</str>
		<str name="instruct" translate="yes">
			<val>Возникла проблема с запуском ознакомительной версии {0}. Чтобы продолжить использование данного продукта, вернитесь обратно и введите серийный номер.</val>
		</str>
	</set>

	<set name="deactivate">
		<str name="title" translate="yes">
			<val>Деактивация</val>
		</str>
		<str name="instruct" translate="yes">
			<val>Деактивация позволяет активировать продукт Adobe на другом компьютере при условии, что не нарушается {0}Лицензионное соглашение на использование программного обеспечения{1}. Перед деактивацией убедитесь, что установлено подключение к Интернету.</val>
		</str>
		<str name="instructSubscription" translate="yes">
			<val>При деактивации подписка отменена не будет. Чтобы изменить подписку, перейдите по адресу {0}adobe.com/ru{1}.</val>
		</str>
		<str name="subscriptionLink" translate="no">
			<val>http://www.adobe.com/go/subscriptionedition</val>
		</str>
		<str name="button1" translate="yes">
			<val>ПРИОСТАНОВИТЬ АКТИВАЦИЮ</val>
		</str>
		<str name="button2" translate="yes">
			<val>ДЕАКТИВИРОВАТЬ НАВСЕГДА</val>
		</str>
		<str name="tooltip1" translate="yes">
			<val>Ваш продукт деактивируется без удаления серийного номера.</val>
		</str>
		<str name="tooltip2" translate="yes">
			<val>Ваш продукт деактивируется с удалением серийного номера.</val>
		</str>	
		<str name="progress" translate="yes">
			<val>Деактивация</val>
		</str>
		<str name="success" translate="yes">
			<val>Деактивация завершена.</val>
		</str>
		<str name="failure" translate="yes">
			<val>Деактивация не завершена. Попробуйте еще раз.</val>
		</str>
		<str name="retry" translate="yes">
			<val>Повторить</val>
		</str>	
		<str name="errorCode" translate="yes">
			<val>Код ошибки: #{0}</val>
		</str>
		<str name="done" translate="yes">
			<val>ГОТОВО</val>
		</str>		
		<str name="continue" translate="yes">
			<val>ПРОДОЛЖИТЬ</val>
		</str>		
		<str name="cancel" translate="yes">
			<val>ОТМЕНА</val>
		</str>	
	</set>

	<set name="upgrade">
		<str name="title" translate="yes">
			<val>Введите серийный номер: обновление</val>
		</str>
		<str name="instruct1" translate="yes">
			<val>Введенный серийный номер действителен, но соответствующий продукт на данном компьютере не найден.</val>
		</str>
		<str name="instruct2" translate="yes">
			<val>Чтобы использовать введенный серийный номер для обновления, нужно владеть одним из соответствующих продуктов. Выберите принадлежащий вам продукт и введите его серийный номер:</val>
		</str>
		<str name="serial" translate="yes">
			<val>Серийный номер для этого продукта:</val>
		</str>
		<str name="selproduct" translate="yes">
			<val>Выберите продукт</val>
		</str>		
		<str name="trial" translate="yes">
			<val>УСТАНОВИТЬ ОЗНАКОМИТ. ВЕРСИЮ</val>
		</str>
		<str name="confirm" translate="yes">
			<val>Этот серийный номер подтверждает {0}.</val>
		</str>
		<str name="second" translate="yes">
			<val>Для этого обновления требуется второй соответствующий продукт. Выберите второй принадлежащий вам продукт и введите его серийный номер:</val>
		</str>
		<str name="nogood" translate="yes">
			<val>Этот серийный номер не для соответствующего продукта. Введите другой номер.</val>
		</str>
		<str name="account" translate="yes">
			<val>Если вы ранее уже регистрировали продукты, то можете зайти на {0}страницу своей учетной записи{1} и найти свои действующие серийные номера.</val>
		</str>
		<str name="support" translate="yes">
			<val>За дополнительными инструкциями обратитесь в {0}службу поддержки{1}.</val>
		</str>
		<str name="supportlink" translate="yes">
			<val>http://www.adobe.com/go/support_ru</val>
		</str>
		<str name="accountlink" translate="yes">
			<val>http://www.adobe.com/go/adobemembership_ru</val>
		</str>
		<str name="back" translate="yes">
			<val>НАЗАД</val>
		</str>
		<str name="next" translate="yes">
			<val>Далее</val>
		</str>
	</set>
	
	<set name="upcode">
		<str name="header" translate="yes">
			<val>Введите свой код обновления.</val>
		</str>
		<str name="instruct1" translate="yes">
			<val>Если потребуется, передайте своему агенту по услугам следующий код:</val>
		</str>
		<str name="challenge" translate="yes">
			<val>Код-пароль</val>
		</str>
		<str name="instruct2" translate="yes">
			<val>Введите код, полученный от агента по услугам:</val>
		</str>
		<str name="support" translate="yes">
			<val>Код поддержки</val>
		</str>
		<str name="quit" translate="yes">
			<val>ВЫХОД</val>
		</str>
		<str name="next" translate="yes">
			<val>Далее</val>
		</str>
		<str name="supportError" translate="yes">
			<val>Недопустимый код поддержки</val>
		</str>
	</set>
	
	<set name="error">
		<str name="title" translate="yes">
			<val>Лицензирование этого продукта приостановлено</val>
		</str>
		<str name="message" translate="yes">
			<val>Не удается запустить продукт. Устраните проблему, удалив и повторно установив продукт, либо свяжитесь с вашим сетевым администратором или службой поддержки Adobe.</val>
		</str>
		<str name="error" translate="yes">
			<val>Код ошибки: </val>
		</str>
		<str name="quit" translate="yes">
			<val>ВЫХОД</val>
		</str>
	</set>
	
	<set name="confirm">
		<str name="sure" translate="yes">
			<val>Закрыть это диалоговое окно?</val>
		</str>
		<str name="subCheckOffline" translate="yes">
			<val>Не удалось подключиться. Проверьте подключение к Интернету и повторите попытку позже.</val>
		</str>
		<str name="yes" translate="yes">
			<val>ДА</val>
		</str>
		<str name="no" translate="yes">
			<val>НЕТ</val>
		</str>
		<str name="quit" translate="yes">
			<val>Выход</val>
		</str>
		<str name="continue" translate="yes">
			<val>Продолжить</val>
		</str>
		<str name="tryAgain" translate="yes">
			<val>ПОВТОРИТЬ ПОПЫТКУ</val>
		</str>
		<str name="back" translate="yes">
			<val>НАЗАД</val>
		</str>
	</set>
	
	<set name="thanks">
		<str name="title" translate="yes">
			<val>Спасибо!</val>
		</str>
		<str name="noservices" translate="yes">
			<val>Начало работы: продукты и услуги Adobe</val>
		</str>
		<str name="services" translate="yes">
			<val>Начало работы: продукты и службы Adobe</val>
		</str>
		<str name="subscription_1_2" translate="no">
			<val>Getting Started with your CS5 Subscription</val>
		</str>
		<str name="trialRegWithoutServices" translate="yes">
			<val>Благодарим за то, что указали свой Adobe ID и оповестили нас о своей заинтересованности данным продуктом.</val>
		</str>
		<str name="trialRegWithServices" translate="yes">
			<val>Указав Adobe ID, вы настроили доступ к службам Adobe CS Live в течение ознакомительного периода.</val>
		</str>
		<str name="regRegWithoutServices" translate="yes">
			<val>Указав Adobe ID, вы зарегистрировали свое ПО.</val>
		</str>
		<str name="regRegFailWithoutServices" translate="yes">
			<val>В настоящий момент не удалось зарегистрировать ваш продукт. Повторите попытку позже.</val>
		</str>
		<str name="regRegFailWithServices" translate="yes">
			<val>Не удалось запустить вашу подписку на Adobe CS Live. Повторите попытку позже.</val>
		</str>
		<str name="regRegIDCreate" translate="yes">
			<val>С помощью вашего Adobe ID мы зарегистрировали ваше программное обеспечение и настроили доступ к службам Adobe CS Live.</val>
		</str>
		<str name="regRegIDUsed" translate="yes">
			<val>Указав Adobe ID, вы зарегистрировали свое программное обеспечение и настроили доступ к службам Adobe CS Live.</val>
		</str>
		<str name="regRegSubscription_1_2" translate="no">
			<val>We've used your Adobe ID to set up your subscription and establish CS Live services.</val>
		</str>
		<str name="regRegDSP" translate="yes">
			<val>С помощью вашего Adobe ID мы запустили подписку на {0} и настроили доступ к службам Adobe CS Live.</val>
		</str>
		<str name="userID" translate="yes">
			<val>Ваш Adobe ID: {0}</val>
		</str>
		<str name="emailVerify" translate="yes">
			<val>Подтверждение адреса электронной почты необходимо для начала использования служб Adobe CS Live. Проверьте папку входящей почты.</val>
		</str>
		<str name="profile" translate="yes">
			<val>Ваш профиль Adobe ID почти готов. {0}Нажмите здесь{1} для завершения.</val>
		</str>
		<str name="profilelink" translate="yes">
			<val>http://www.adobe.com/go/adobemembership_ru</val>
		</str>
		<str name="video1" translate="yes">
			<val>Учебные видеоматериалы</val>
		</str>
		<str name="video2" translate="yes">
			<val>Откройте для себя службы Adobe CS Live</val>
		</str>
		<str name="video1link" translate="yes">
			<val>http://www.adobe.com/go/adobetv_howto</val>
		</str>
		<str name="video2link" translate="yes">
			<val>http://www.adobe.com/go/cslive_ru</val>
		</str>
		<str name="done" translate="yes">
			<val>ГОТОВО</val>
		</str>
	</set>
	
	<set name="claimResponse">
		<str name="code_" translate="yes">
			<val></val>
		</str>
		<str name="code_EXCEPTION_TRIAL_EXISTS_FOR_TRIALID" translate="yes">
			<val>Вы уже зарегистрировались в службе Adobe CS Live. Войдите в систему для использования служб.</val>
		</str>
		<str name="code_EXCEPTION_TRIAL_SKU_LOOKUP_FAILED" translate="yes">
			<val>Не удалось запустить вашу подписку на Adobe CS Live. Повторите попытку позже.</val>
		</str>

		<str name="code_EXCEPTION_DECODE_FAILED" translate="yes">
			<val>Недопустимый серийный номер. Не удалось запустить вашу подписку на Adobe CS Live.</val>
		</str>
		<str name="code_EXCEPTION_NO_SUCH_USER" translate="yes">
			<val>Не удалось запустить вашу подписку на Adobe CS Live. Повторите попытку позже.</val>
		</str>
		<str name="code_EXCEPTION_INVALID_DATA" translate="yes">
			<val>Не удалось запустить вашу подписку на Adobe CS Live. Повторите попытку позже.</val>
		</str>
		<str name="code_EXCEPTION_WCD_TIMEOUT" translate="yes">
			<val>Не удалось запустить вашу подписку на Adobe CS Live. Повторите попытку позже.</val>
		</str>
		<str name="code_EXCEPTION_AUTHENTICATION_TIMEOUT" translate="yes">
			<val>Не удалось запустить вашу подписку на Adobe CS Live. Повторите попытку позже.</val>
		</str>
		<str name="code_EXCEPTION_SNSERVER_TIMEOUT" translate="yes">
			<val>Не удалось запустить вашу подписку на Adobe CS Live. Повторите попытку позже.</val>
		</str>
		<str name="code_EXCEPTION_WCD_SESSION_TIMEOUT" translate="yes">
			<val>Не удалось запустить вашу подписку на Adobe CS Live. Повторите попытку позже.</val>
		</str>
		<str name="code_EXCEPTION_INTERNAL_TIMEOUT" translate="yes">
			<val>Не удалось запустить вашу подписку на Adobe CS Live. Повторите попытку позже.</val>
		</str>
		<str name="code_EXCEPTION_INTERNAL_SERVER_ERROR" translate="yes">
			<val>Не удалось запустить вашу подписку на Adobe CS Live. Повторите попытку позже.</val>
		</str>
		<str name="code_EXCEPTION_SUBSCRIPTION_ALREADY_CLAIMED" translate="yes">
			<val>Вы уже зарегистрировались в службе Adobe CS Live. Войдите в систему для использования служб.</val>
		</str>
		<str name="code_EXCEPTION_CLAIM_ALREADY_PROCESSED" translate="yes">
			<val>С этим серийным номером уже связана подписка на Adobe CS Live. Пожалуйста, зарегистрируйтесь для использования служб.</val>
		</str>
		<str name="code_ESS_TIMEOUT" translate="yes">
			<val>Не удалось запустить вашу подписку на Adobe CS Live. Повторите попытку позже.</val>
		</str>
		<str name="code_ESS_FAILURE" translate="yes">
			<val>Не удалось запустить вашу подписку на Adobe CS Live. Повторите попытку позже.</val>
		</str>
		<str name="code_EXCEPTION_SYSTEM_UNAVAILABLE_noService_time" translate="yes">
			<val>Сервер регистрации Adobe в настоящее время находится на техническом обслуживании. Ожидаемое время начала работы – {0}. Приносим свои извинения за причиненные неудобства. Попробуйте зайти после указанного времени.</val>
		</str>
		<str name="code_EXCEPTION_SYSTEM_UNAVAILABLE_noService_noTime" translate="yes">
			<val>Сервер регистрации Adobe в настоящее время находится на техническом обслуживании. Приносим свои извинения за причиненные неудобства. Попробуйте зайти позже.</val>
		</str>
		<str name="code_EXCEPTION_SYSTEM_UNAVAILABLE_Service_Time" translate="yes">
			<val>Adobe CS Live в настоящее время находится на техническом обслуживании. Ожидаемое время начала работы – {0}. Приносим свои извинения за причиненные неудобства. Попробуйте зайти после указанного времени.</val>
		</str>
		<str name="code_EXCEPTION_SYSTEM_UNAVAILABLE_Service_noTime" translate="yes">
			<val>Adobe CS Live в настоящее время находится на техническом обслуживании. Приносим свои извинения за причиненные неудобства. Попробуйте зайти позже.</val>
		</str>
	</set>
	
	<set name="dspClaimResponse">
		<str name="failureStatusHeading" translate="yes">
			<val>Невозможно запустить подписку на {0}</val>
		</str>
		
		<str name="supLinkLbl_EXCEPTION_DECODE_FAILED" translate="yes">
			<val>Связаться со службой технической поддержки клиентов</val>
		</str>			
		<str name="supLinkLbl_EXCEPTION_NO_SUCH_USER" translate="yes">
			<val>Связаться со службой технической поддержки клиентов</val>
		</str>		
		<str name="supLinkLbl_EXCEPTION_INVALID_DATA" translate="yes">
			<val>Связаться со службой технической поддержки клиентов</val>
		</str>
		<str name="supLinkLbl_EXCEPTION_SKU_LOOKUP_FAILED" translate="yes">
			<val>Связаться со службой технической поддержки клиентов</val>
		</str>		
		<str name="supLinkLbl_EXCEPTION_AUTHENTICATION_TIMEOUT" translate="yes">
			<val>Связаться со службой технической поддержки клиентов</val>
		</str>
		<str name="supLinkLbl_EXCEPTION_SNSERVER_TIMEOUT" translate="yes">
			<val>Связаться со службой технической поддержки клиентов</val>
		</str>
		<str name="supLinkLbl_EXCEPTION_INTERNAL_TIMEOUT" translate="yes">
			<val>Связаться со службой технической поддержки клиентов</val>
		</str>
		<str name="supLinkLbl_EXCEPTION_INTERNAL_SERVER_ERROR" translate="yes">
			<val>Связаться со службой технической поддержки клиентов</val>
		</str>
		<str name="supLinkLbl_EXCEPTION_SYSTEM_UNAVAILABLE_time" translate="yes">
			<val>Связаться со службой технической поддержки клиентов</val>
		</str>
		<str name="supLinkLbl_EXCEPTION_SYSTEM_UNAVAILABLE" translate="yes">
			<val>Связаться со службой технической поддержки клиентов</val>
		</str>
		<str name="supLinkLbl_EXCEPTION_COMPANY_CODE_MISMATCH" translate="yes">
			<val>Подробнее</val>
		</str>
		<str name="supLinkLbl_EXCEPTION_SUBSCRIPTION_ALREADY_CLAIMED_DIFF_ADOBEID" translate="yes">
			<val>Связаться со службой технической поддержки клиентов</val>
		</str>
		<str name="supLinkLbl_ERROR_WITH_INFO" translate="yes">
			<val>Связаться со службой технической поддержки клиентов</val>
		</str>
		<str name="supLinkLbl_GENERIC" translate="yes">
			<val>Связаться со службой технической поддержки клиентов</val>
		</str>


		<str name="supLinkURL_EXCEPTION_DECODE_FAILED" translate="yes">
			<val>http://www.adobe.com/go/support_ru</val>
		</str>			
		<str name="supLinkURL_EXCEPTION_NO_SUCH_USER" translate="yes">
			<val>http://www.adobe.com/go/support_ru</val>
		</str>		
		<str name="supLinkURL_EXCEPTION_INVALID_DATA" translate="yes">
			<val>http://www.adobe.com/go/support_ru</val>
		</str>
		<str name="supLinkURL_EXCEPTION_SKU_LOOKUP_FAILED" translate="yes">
			<val>http://www.adobe.com/go/support_ru</val>
		</str>		
		<str name="supLinkURL_EXCEPTION_AUTHENTICATION_TIMEOUT" translate="yes">
			<val>http://www.adobe.com/go/support_ru</val>
		</str>
		<str name="supLinkURL_EXCEPTION_SNSERVER_TIMEOUT" translate="yes">
			<val>http://www.adobe.com/go/support_ru</val>
		</str>
		<str name="supLinkURL_EXCEPTION_INTERNAL_TIMEOUT" translate="yes">
			<val>http://www.adobe.com/go/support_ru</val>
		</str>
		<str name="supLinkURL_EXCEPTION_INTERNAL_SERVER_ERROR" translate="yes">
			<val>http://www.adobe.com/go/support_ru</val>
		</str>
		<str name="supLinkURL_EXCEPTION_SYSTEM_UNAVAILABLE_time" translate="yes">
			<val>http://www.adobe.com/go/support_ru</val>
		</str>
		<str name="supLinkURL_EXCEPTION_SYSTEM_UNAVAILABLE" translate="yes">
			<val>http://www.adobe.com/go/support_ru</val>
		</str>
		<str name="supLinkURL_EXCEPTION_COMPANY_CODE_MISMATCH" translate="yes">
			<val>http://www.adobe.com/go/subscription_learnmore_ru</val>
		</str>
		<str name="supLinkURL_EXCEPTION_SUBSCRIPTION_ALREADY_CLAIMED_DIFF_ADOBEID" translate="yes">
			<val>http://www.adobe.com/go/support_ru</val>
		</str>
		<str name="supLinkURL_ERROR_WITH_INFO" translate="yes">
			<val>http://www.adobe.com/go/support_ru</val>
		</str>
		<str name="supLinkURL_GENERIC" translate="yes">
			<val>http://www.adobe.com/go/support_ru</val>
		</str>
		
		
		<str name="code_EXCEPTION_DECODE_FAILED" translate="yes">
			<val>Выберите «Закрыть» и снова запустите продукт. После запуска приложения вам будет предложено оформить подписку.</val>
		</str>			
		<str name="code_EXCEPTION_NO_SUCH_USER" translate="yes">
			<val>Выберите «Закрыть» и снова запустите продукт. После запуска приложения вам будет предложено оформить подписку.</val>
		</str>		
		<str name="code_EXCEPTION_INVALID_DATA" translate="yes">
			<val>Выберите «Закрыть» и снова запустите продукт. После запуска приложения вам будет предложено оформить подписку.</val>
		</str>
		<str name="code_EXCEPTION_SKU_LOOKUP_FAILED" translate="yes">
			<val>Выберите «Закрыть» и снова запустите продукт. После запуска приложения вам будет предложено оформить подписку.</val>
		</str>		
		<str name="code_EXCEPTION_AUTHENTICATION_TIMEOUT" translate="yes">
			<val>Подождите несколько секунд и повторите попытку.</val>
		</str>
		<str name="code_EXCEPTION_SNSERVER_TIMEOUT" translate="yes">
			<val>Подождите несколько секунд и повторите попытку.</val>
		</str>
		<str name="code_EXCEPTION_INTERNAL_TIMEOUT" translate="yes">
			<val>Подождите несколько секунд и повторите попытку.</val>
		</str>
		<str name="code_EXCEPTION_INTERNAL_SERVER_ERROR" translate="yes">
			<val>Подождите несколько секунд и повторите попытку.</val>
		</str>
		<str name="code_EXCEPTION_SYSTEM_UNAVAILABLE_time" translate="yes">
			<val>Наши серверы в настоящее время находятся на техническом обслуживании. Приносим извинения за задержку. Попробуйте зайти позже в {0}.</val>
		</str>
		<str name="code_EXCEPTION_SYSTEM_UNAVAILABLE" translate="yes">
			<val>Наши серверы в настоящее время находятся на техническом обслуживании. Приносим извинения за задержку. Повторите попытку позже.</val>
		</str>
		<str name="code_EXCEPTION_COMPANY_CODE_MISMATCH" translate="yes">
			<val>Страна покупки этого продукта не совпадает со страной, указанной в учетной записи Adobe. Повторите попытку с другим Adobe ID.</val>
		</str>
		<str name="code_EXCEPTION_SUBSCRIPTION_ALREADY_CLAIMED_DIFF_ADOBEID" translate="yes">
			<val>По нашим данным эта подписка в настоящее время назначена другому Adobe ID. Войдите со своим Adobe ID и паролем для подписки и повторите попытку. Если проблема остается, свяжитесь со службой технической поддержки клиентов.</val>
		</str>
		
		<str name="code_ESS_TIMEOUT" translate="yes">
			<val>Подождите несколько секунд и повторите попытку.</val>
		</str>
		<str name="code_ESS_FAILURE" translate="yes">
			<val>Подождите несколько секунд и повторите попытку.</val>
		</str>
		
		<str name="code_GENERIC" translate="yes">
			<val>Выберите «Закрыть» и снова запустите продукт. После запуска приложения вам будет предложено оформить подписку.</val>
		</str>
	</set>
	
	<set name="bonus">
		<str name="instruct" translate="yes">
			<val>Срок действия серийного номера, который вы использовали для активации данного продукта, истек. Это последняя возможность запуска перед автоматической деактивацией. Для повторной активации необходимо ввести новый серийный номер или использовать при следующем запуске ознакомительную версию.</val>
		</str>
		<str name="serial" translate="yes">
			<val>Серийный номер для {0}</val>
		</str>
		<str name="purchase" translate="yes">
			<val>Новый серийный номер можно приобрести на сайте Adobe.com.</val>
		</str>
		<str name="agree" translate="yes">
			<val>Согласно лицензионному соглашению по программному обеспечению программа предпринимает попытку автоматически выполнить активацию через Интернет. Подробные сведения см. на странице {0}www.adobe.com/activation{1}.</val>
		</str>
		<str name="agreeLink" translate="yes">
			<val>http://www.adobe.com/go/activation_ru</val>
		</str>
		<str name="supportLink" translate="yes">
			<val>http://www.adobe.com/go/support_ru</val>
		</str>
	</set>	

	<set name="forced">
		<str name="title" translate="yes">
			<val>Требуется активация</val>
		</str>
		<str name="warning" translate="yes">
			<val>Не удается активировать {0} через Интернет.</val>
		</str>
		<str name="instruct" translate="yes">
			<val>Для использования этого продукта требуется активация, которая позволяет подтвердить подлинность программного обеспечения и защитить систему от подделок или вредоносного кода. Чтобы активировать ваш продукт, убедитесь в наличии подключения к Интернету или выполните одно из приведенных ниже действий.</val>
		</str>
		<str name="statement_days" translate="yes">
			<val>У вас будет {0} дн. для активации до того, как продукт будет отключен.</val>
		</str>
		<str name="statement_last" translate="yes">
			<val>Это последний запуск продукта до его отключения.</val>
		</str>
		<str name="statement_disabled" translate="yes">
			<val>Активация не произведена, продукт отключен.</val>
		</str>
		<str name="rb1" translate="yes">
			<val>Компьютер подключен к Интернету. Повторить попытку активации.</val>
		</str>
		<str name="rb2" translate="yes">
			<val>Не удается активировать компьютер через Интернет.</val>
		</str>
		<str name="rb3" translate="yes">
			<val>Повторить попытку активации через Интернет при следующем запуске приложения.</val>
		</str>
		<str name="learn" translate="yes">
			<val>Дополнительные сведения о политике активации компании Adobe см. в разделе {0}adobe.com/go/activation_ru{1}.</val>
		</str>
		<str name="learnlink" translate="yes">
			<val>http://www.adobe.com/go/activation_ru</val>
		</str>
		<str name="next" translate="yes">
			<val>ДАЛЕЕ</val>
		</str>
	</set>	

	<set name="phone">
		<str name="title" translate="yes">
			<val>Требуется активация</val>
		</str>
		<str name="instructRet" translate="yes">
			<val>Обратитесь в {0}службу технической поддержки клиентов{1}, если вам не удается выйти в Интернет с этого компьютера.</val>
		</str>
		<str name="instructVol" translate="yes">
			<val>Для активации этого компьютера попросите своего сетевого администратора обратиться в {0}службу технической поддержки клиентов{1}.</val>
		</str>
		<str name="requireRet" translate="yes">
			<val>Сообщите агенту службы технической поддержки клиентов следующие сведения.</val>
		</str>
		<str name="requireVol" translate="yes">
			<val>Попросите своего сетевого администратора предоставить службе технической поддержки клиентов следующие сведения.</val>
		</str>
		<str name="problem" translate="yes">
			<val>Ошибка:</val>
		</str>
		<str name="license" translate="yes">
			<val>Лицензия:</val>
		</str>
		<str name="detail1" translate="yes">
			<val>Детализация 1:</val>
		</str>
		<str name="detail2" translate="yes">
			<val>Детализация 2:</val>
		</str>
		<str name="serialRet" translate="yes">
			<val>Введите номер (если есть), предоставленный агентом службы технической поддержки клиентов.</val>
		</str>
		<str name="serialVol" translate="yes">
			<val>Введите номер (если есть), предоставленный вашим сетевым администратором.</val>
		</str>
		<str name="learn" translate="yes">
			<val>Дополнительные сведения о политике активации компании Adobe см. в разделе {0}adobe.com/go/activation_ru{1}.</val>
		</str>
		<str name="learnlink" translate="yes">
			<val>http://www.adobe.com/go/activation_ru</val>
		</str>
		<str name="back" translate="yes">
			<val>НАЗАД</val>
		</str>
		<str name="done" translate="yes">
			<val>ГОТОВО</val>
		</str>
	</set>
	
	<set name="subWelcome_1_2">
		<str name="info" translate="no">
			<val>To launch your product you will need a subscription serial number. Click SUBSCRIBE NOW if you are new to Creative Suite Subscriptions.</val>
		</str>
		<str name="current" translate="no">
			<val>Current Subscribers</val>
		</str>
		<str name="currentInfo" translate="no">
			<val>If you already have a Design Premium CS5 Subscription Edition serial number, please click NEXT to enter it and begin. All current subscribers of Design Premium CS4 Subscription Edition should have received an upgrade serial number via email.</val>
		</str>
		<str name="setUp" translate="no">
			<val>Set up your new subscription account</val>
		</str>
		<str name="billing" translate="no">
			<val>Subscription billing and management is handled through eSellerate, a third party provider.</val>
		</str>
		<str name="subscribeNow" translate="no">
			<val>SUBSCRIBE NOW</val>
		</str>
		<str name="newPurchase" translate="no">
			<val>All newly purchased subscriptions include a coupon code (located on the back of your disk) that you will be able to redeem to receive your first month of subscription for free.</val>
		</str>
		<str name="next" translate="no">
			<val>NEXT</val>
		</str>
		<str name="quit" translate="no">
			<val>QUIT</val>
		</str>
	</set>

	<set name="subMain_1_2">
		<str name="subscribeNow" translate="no">
			<val>SUBSCRIBE NOW</val>
		</str>
		<str name="buyLink" translate="no">
			<val>http://www.esellerate.net</val>
		</str>
		<str name="subscriptionInfo" translate="no">
			<val>Subscription billing and management is handled through eSellerate, a third party provider.</val>
		</str>
		<str name="expiredInfo" translate="no">
			<val>To use the product you will need to purchase a subscription through eSellerate.</val>
		</str>
	</set>
	
	<set name="claimResponse_1_2">
		<str name="code_" translate="no">
			<val></val>
		</str>
		<str name="code_EXCEPTION_DECODE_FAILED" translate="no">
			<val>Invalid serial number. Could not start your CS5 Design Premium subscription.</val>
		</str>
		<str name="code_EXCEPTION_NO_SUCH_USER" translate="no">
			<val>Could not start your CS5 Design Premium subscription. Try again later.</val>
		</str>
		<str name="code_EXCEPTION_INVALID_DATA" translate="no">
			<val>Could not start your CS5 Design Premium subscription. Try again later.</val>
		</str>
		<str name="code_EXCEPTION_WCD_TIMEOUT" translate="no">
			<val>Could not start your CS5 Design Premium subscription. Try again later.</val>
		</str>
		<str name="code_EXCEPTION_SNSERVER_TIMEOUT" translate="no">
			<val>Could not start your CS5 Design Premium subscription. Try again later.</val>
		</str>
		<str name="code_EXCEPTION_WCD_SESSION_TIMEOUT" translate="no">
			<val>Could not start your CS5 Design Premium subscription. Try again later.</val>
		</str>
		<str name="code_EXCEPTION_INTERNAL_TIMEOUT" translate="no">
			<val>Could not start your CS5 Design Premium subscription. Try again later.</val>
		</str>
		<str name="code_EXCEPTION_INTERNAL_SERVER_ERROR" translate="no">
			<val>Could not start your CS5 Design Premium subscription. Try again later.</val>
		</str>
		<str name="code_ESS_TIMEOUT" translate="no">
			<val>Could not start your CS5 Design Premium subscription. Try again later.</val>
		</str>
		<str name="code_ESS_FAILURE" translate="no">
			<val>Could not start your CS5 Design Premium subscription. Try again later.</val>
		</str>
		<str name="code_EXCEPTION_SYSTEM_UNAVAILABLE" translate="no">
			<val>We are currently undergoing maintenance. We apologize for this inconvenience. Please try again later to start your subscription.</val>
		</str>
	</set>

	<set name="subError_1_2">
		<str name="associateFailed" translate="no">
			<val>We are unable to activate your product at this time. You can hit the Back button to try to activate the product again, or to attempt to launch the product in trial mode.</val>
		</str>
		<str name="associateFailed_ID" translate="no">
			<val>We are unable to activate your product at this time. You can hit the Back button to try to activate the product again.</val>
		</str>
		<str name="assocUserNotAuthErr" translate="no">
			<val>The Adobe ID you entered is different than the Adobe ID used to originally activate this subscription. You can hit the Back button to try to activate the product again using a different Adobe ID, or to activate the product using a new subscription serial number.</val>
		</str>
		<str name="assocUserNotAuthErr_ID" translate="no">
			<val>The Adobe ID you entered is different than the Adobe ID used to originally activate this subscription. You can hit the Back button to try to activate the product again using a different Adobe ID.</val>
		</str>
		<str name="checkEntitlementFailed" translate="no">
			<val>We are unable to activate your product at this time. Please try again later.</val>
		</str>
		<str name="disAllIntervalErr" translate="no">
			<val>You have exceeded the maximum number of deactivation attempts allowed in this time period. Please try again later.</val>
		</str>
	</set>

	<set name="subExpired_1_2">
		<str name="instruct_exp" translate="no">
			<val>The serial number you used to purchase this product has expired. If you did not intend to let your Design Premium subscription expire, please call Adobe Customer Care at 
1800-614-863 to resolve the issue.</val>
		</str>
		<str name="instruct_bonus" translate="no">
			<val>The serial number you used to purchase this product has expired. This is your last opportunity to launch the product before it is automatically deactivated. To reactivate, you must provide a new serial number now. If not, your next launch will start  in trial mode and you can provide a new serial number at that time. If you did not intend to let your Design Premium subscription expire, please call Adobe Customer Care at 1800-614-863 to resolve the issue.</val>
		</str>
		<str name="serial" translate="no">
			<val>Serial number for {0}</val>
		</str>
		<str name="purchase" translate="no">
			<val>You can purchase a new subscription serial number through eSellerate, a third party provider.</val>
		</str>
		<str name="back" translate="no">
			<val>BACK</val>
		</str>
		<str name="continue" translate="no">
			<val>CONTINUE</val>
		</str>
		<str name="subscribeNow" translate="no">
			<val>SUBSCRIBE NOW</val>
		</str>
	</set>
	
	<set name="subOverAct_1_2">
		<str name="disassociate" translate="no">
			<val>Deactivate all computers and retry activation. You will be able to reactivate on one of your other computers by logging in with your Adobe ID at product launch.</val>
		</str>
		<str name="provide" translate="no">
			<val>Provide another serial number for this product.</val>
		</str>
		<str name="subscribeNow" translate="no">
			<val>SUBSCRIBE NOW</val>
		</str>
		<str name="back" translate="no">
			<val>BACK</val>
		</str>
		<str name="continue" translate="no">
			<val>CONTINUE</val>
		</str>
	</set>
	
	<set name="subConErr_1_2">
		<str name="title" translate="no">
			<val>Verifying Subscription Status</val>
		</str>
		<str name="progress" translate="no">
			<val>Verifying Subscription Status...</val>
		</str>
		<str name="contact" translate="no">
			<val>We need to contact Adobe Servers every thirty days to validate the status of your Design Premium subscription. In order to conduct this validation you must be connected to the internet. After we have verified your status, you can disconnect from the internet.</val>
		</str>
		<str name="contactExp" translate="no">
			<val>We need to contact Adobe Servers every thirty days to validate the status of your Design Premium subscription. In order to conduct this validation you must be connected to the internet. After we have verified your status, you can disconnect from the internet. If you do not successfully connect to the internet, this will be the last time you will be able to launch your product offline.</val>
		</str>
		<str name="error" translate="no">
			<val>Please connect to the Internet, then press Continue</val>
		</str>			
		<str name="assist" translate="no">
			<val>Connection Support</val>
		</str>			
		<str name="continue" translate="no">
			<val>CONTINUE</val>
		</str>
		<str name="assistlink" translate="no">
			<val>http://www.adobe.com</val>
		</str>
		<str name="continue" translate="no">
			<val>CONTINUE</val>
		</str>
	</set>
	
	<set name="dspReminder">
		<str name="reminder" translate="yes">
			<val>Напоминание о подписке</val>
		</str>
		<str name="grace" translate="yes">
			<val>Срок действия подписки истек</val>
		</str>
		<str name="infoReminder" translate="yes">
			<val>Срок действия подписки скоро истекает.</val>
		</str>
		<str name="infoGrace" translate="yes">
			<val>Срок действия подписки на {0} истек.</val>
		</str>
		<str name="offline" translate="yes">
			<val>Не удалось подключиться к Интернету. Проверьте настройки подключения и повторите попытку.</val>
		</str>
		<str name="reminderPeriod" translate="yes">
			<val>Наши данные показывают, что с этой учетной записью подписки не связана кредитная карта. Выберите «Обновить», чтобы предоставить данные о кредитной карте и обновить подписку.</val>
		</str>
		<str name="reminderPeriodOffline" translate="yes">
			<val>Наши данные показывают, что с этой учетной записью подписки не связана кредитная карта. Выберите «Обновить», чтобы предоставить данные о кредитной карте и обновить подписку.</val>
		</str>
		<str name="gracePeriod" translate="yes">
			<val>Выберите «Обновить», чтобы продолжать непрерывно использовать продукт. По истечении времени, оставшегося для обновления подписки, вы не сможете пользоваться продуктом.</val>
		</str>
		<str name="gracePeriodOffline" translate="yes">
			<val>Для использования этого продукта необходимо действующее подключение к Интернету. По истечении времени, оставшегося для обновления подписки, вы не сможете пользоваться продуктом.</val>
		</str>
		<str name="bonusPeriod" translate="yes">
			<val>Выберите «Обновить», чтобы продолжать непрерывно использовать продукт. Если вы не обновите подписку, то не сможете больше использовать этот продукт. Если вы недавно обновили подписку, подождите по крайней мере 15 минут и снова запустите продукт.</val>
		</str>
		<str name="viewPolicy" translate="yes">
			<val>Просмотр политики подписки</val>
		</str>
		<str name="subPolicyLink" translate="yes">
			<val>http://www.adobe.com/go/subscription_policy_ru</val>
		</str>
		<str name="subscriptionLink" translate="no">
			<val>http://www.adobe.com/go/subscriptionedition</val>
		</str>
		<str name="daysRemain" translate="yes">
			<val>ОСТАЛОСЬ ДНЕЙ</val>
		</str>
		<str name="daysRemainAlternate" translate="yes">
			<val>ОСТАЛОСЬ ДНЕЙ</val>
		</str>
		<str name="later" translate="yes">
			<val>Напомнить позже</val>
		</str>
		<str name="continue" translate="yes">
			<val>ПРОДОЛЖИТЬ</val>
		</str>
		<str name="tryAgain" translate="yes">
			<val>Повторить попытку</val>
		</str>
		<str name="renew" translate="yes">
			<val>ОБНОВИТЬ</val>
		</str>
	</set>
	
	<set name="dspExpired">
		<str name="title" translate="yes">
			<val>Срок действия подписки истек</val>
		</str>
		<str name="renewOption" translate="yes">
			<val>Обновить подписку на {0}</val>
		</str>
		<str name="renewMsg" translate="yes">
			<val>Выберите «Обновить», чтобы продолжать непрерывно использовать продукт. Если подписка обновлена только что, подождите 15 минут и повторите попытку.</val>
		</str>
		<str name="renewLinkText" translate="yes">
			<val>Обновить</val>
		</str>
		<str name="renewLink" translate="no">
			<val>http://www.adobe.com/go/subscriptionedition</val>
		</str>
		<str name="serialOption" translate="yes">
			<val>Введите новый серийный номер</val>
		</str>
		<str name="purchaseLinkText" translate="yes">
			<val>Купить программное обеспечение Adobe</val>
		</str>
		<str name="serialError" translate="yes">
			<val>Данный серийный номер недействителен для этого продукта.</val>
		</str>
		<str name="locateTT" translate="yes">
			<val>Серийный номер указан сзади на коробке с DVD-диском, в лицензионном сертификате Adobe Open Options или в электронном письме, полученном от магазина Adobe.com Store (только для продуктов, приобретенных и загруженных через Интернет).</val>
		</str>
		<str name="used" translate="yes">
			<val>Этот серийный номер будет использован для: {0}</val>
		</str>			
		<str name="agree" translate="yes">
			<val>Согласно лицензионному соглашению по программному обеспечению программа предпринимает попытку автоматически выполнить активацию через Интернет. Подробные сведения см. на странице {0}www.adobe.com/ru/activation/{1}.</val>
		</str>
		<str name="activationLink" translate="yes">
			<val>http://www.adobe.com/go/activation_ru</val>
		</str>
		<str name="continue" translate="yes">
			<val>ПРОДОЛЖИТЬ</val>
		</str>
		<str name="tryAgain" translate="yes">
			<val>Повторить попытку</val>
		</str>
		<str name="quit" translate="yes">
			<val>ВЫЙТИ</val>
		</str>
	</set>
	
	<set name="dspOverActivation">
		<str name="title" translate="yes">
			<val>Активация</val>
		</str>
		<str name="limit" translate="yes">
			<val>{0} уже активирован на другом компьютере</val>
		</str>
		<str name="alreadyActivated" translate="yes">
			<val>Наши данные показывают, что этот продукт уже был активирован на другом компьютере. Выберите «Далее», чтобы активировать подписку на этом компьютере и деактивировать ее на любом другом.</val>
		</str>
		<str name="actPolicyLinkText" translate="yes">
			<val>Просмотр политики активации</val>
		</str>
		<str name="actPolicyLink" translate="yes">
			<val>http://www.adobe.com/go/activation_ru</val>
		</str>
		<str name="quit" translate="yes">
			<val>ВЫЙТИ</val>
		</str>
		<str name="next" translate="yes">
			<val>ДАЛЕЕ</val>
		</str>
	</set>
	
	<set name="dspUnableToActivate">
		<str name="title" translate="yes">
			<val>Активация</val>
		</str>
		<str name="failureMessage" translate="yes">
			<val>Не удалось активировать {0}</val>
		</str>
		<str name="labelHead" translate="yes">
			<val>Для использования этого продукта необходима активация.</val>
		</str>
		<str name="message" translate="yes">
			<val>Для активации этого продукта необходимо действующее подключение к Интернету. Проверьте свое подключение и повторите попытку.</val>
		</str>
		<str name="activationMessage" translate="yes">
			<val>Для получения дополнительных сведений об активации см. {0}Политику активации Adobe{1}.</val>
		</str>
		<str name="activationLink" translate="yes">
			<val>http://www.adobe.com/go/activation_ru</val>
		</str>
		<str name="quit" translate="yes">
			<val>ВЫЙТИ</val>
		</str>
		<str name="tryAgain" translate="yes">
			<val>ПОВТОРИТЬ ПОПЫТКУ</val>
		</str>
	</set>
	
	<set name="dspErrorTryAgain">
		<str name="title" translate="yes">
			<val>Повторить попытку</val>
		</str>
		<str name="header" translate="yes">
			<val>Невозможно запустить подписку на {0}</val>
		</str>
		
		<str name="checkEntitlementGenericError_Title" translate="yes">
			<val>Невозможно запустить подписку на {0}</val>
		</str>
		<str name="checkEntitlementGenericError_Message" translate="yes">
			<val>Подождите несколько секунд и повторите попытку.</val>
		</str>
		<str name="checkEntitlementGenericError_LinkText" translate="yes">
			<val>Связаться со службой технической поддержки клиентов</val>
		</str>
		<str name="checkEntitlementGenericError_Link" translate="yes">
			<val>http://www.adobe.com/go/support_ru</val>
		</str>
		<str name="checkEntitlementGenericError_Next" translate="yes">
			<val>Повторить попытку</val>
		</str>
		<str name="checkEntitlementGenericError_Back" translate="yes">
			<val>ЗАКРЫТЬ</val>
		</str>
		
		<str name="checkEntitlementOfflineError_Title" translate="yes">
			<val>Отсутствует подключение к Интернету</val>
		</str>
		<str name="checkEntitlementOfflineError_Message" translate="yes">
			<val>Для использования этого продукта необходимо действующее подключение к Интернету. Проверьте свое подключение и нажмите кнопку, чтобы повторить попытку. Если проблема сохраняется, свяжитесь со службой технической поддержки клиентов.</val>
		</str>
		<str name="checkEntitlementOfflineError_LinkText" translate="yes">
			<val>Связаться со службой технической поддержки клиентов</val>
		</str>
		<str name="checkEntitlementOfflineError_Link" translate="yes">
			<val>http://www.adobe.com/go/support_ru</val>
		</str>
		<str name="checkEntitlementOfflineError_Next" translate="yes">
			<val>Повторить попытку</val>
		</str>
		<str name="checkEntitlementOfflineError_Back" translate="yes">
			<val>НАЗАД</val>
		</str>
		
		<str name="tryAgain" translate="yes">
			<val>Повторить попытку</val>
		</str>
		<str name="close" translate="yes">
			<val>ЗАКРЫТЬ</val>
		</str>
	</set>
	
	<set name="dspVerified">
		<str name="title" translate="yes">
			<val>Спасибо!</val>
		</str>
		<str name="verified" translate="yes">
			<val>Ваша подписка на {0} теперь активна. Выберите «Продолжить», чтобы использовать продукт.</val>
		</str>
		<str name="continue" translate="yes">
			<val>ПРОДОЛЖИТЬ</val>
		</str>
	</set>
	
	<set name="calendar">
		<str name="remaining" translate="yes">
			<val>Осталось дней: {0}</val>
		</str>
		<str name="remainingAlternate" translate="yes">
			<val>Осталось дней: {0}</val>
		</str>
	</set>
	
	<set name="dspPrescreenResponse">
		<str name="header_NOT_ENABLED" translate="yes">
			<val>Срок действия подписки на {0} истек.</val>
		</str>
		<str name="body_NOT_ENABLED" translate="yes">
			<val>Обновите подписку или выберите «Назад», чтобы ввести другой серийный номер.</val>
		</str>
		<str name="linkText_NOT_ENABLED" translate="yes">
			<val>Обновить подписку</val>
		</str>
		<str name="link_NOT_ENABLED" translate="no">
			<val>http://www.adobe.com/go/subscriptionedition</val>
		</str>
		<str name="header_OFFLINE" translate="yes">
			<val>Невозможно подключиться к Интернету</val>
		</str>
		<str name="body_OFFLINE" translate="yes">
			<val>Для использования этого продукта необходимо действующее подключение к Интернету. Проверьте свое подключение и повторите попытку. Если проблема остается, свяжитесь со службой технической поддержки клиентов.</val>
		</str>
		<str name="linkText_OFFLINE" translate="yes">
			<val>Связаться со службой технической поддержки клиентов</val>
		</str>
		<str name="link_OFFLINE" translate="yes">
			<val>http://www.adobe.com/go/support_ru</val>
		</str>
		<str name="header_GENERIC_ERROR" translate="yes">
			<val>Невозможно запустить подписку на {0}</val>
		</str>
		<str name="body_GENERIC_ERROR" translate="yes">
			<val>Подождите несколько секунд и повторите попытку.</val>
		</str>
		<str name="linkText_GENERIC_ERROR" translate="yes">
			<val>Связаться со службой технической поддержки клиентов</val>
		</str>
		<str name="link_GENERIC_ERROR" translate="yes">
			<val>http://www.adobe.com/go/support_ru</val>
		</str>
		<str name="back" translate="yes">
			<val>НАЗАД</val>
		</str>
		<str name="tryAgain" translate="yes">
			<val>Повторить попытку</val>
		</str>
	</set>
	
	<set name="dspSuspended">
		<str name="title_actSuspended" translate="yes">
			<val>Активация</val>
		</str>
		<str name="header_actSuspended" translate="yes">
			<val>Не удалось активировать {0}</val>
		</str>
		<str name="msg1_actSuspended" translate="yes">
			<val>Дата в вашей системе не соответствует дате на нашем сервере.</val>
		</str>
		<str name="msg2_actSuspended" translate="yes">
			<val>Дата сервера Adobe: {0}</val>
		</str>
		<str name="msg3_actSuspended" translate="yes">
			<val>Системная дата вашего компьютера может отличаться от системной даты сервера Adobe на три дня. Проверьте настройки даты на своем компьютере и повторите попытку. Если проблема сохраняется, свяжитесь со службой технической поддержки клиентов.</val>
		</str>

		<str name="title_subSuspended" translate="yes">
			<val>Подписка приостановлена</val>
		</str>
		<str name="header_subSuspended" translate="yes">
			<val>Подписка на {0} была приостановлена</val>
		</str>
		<str name="msg1_subSuspended" translate="yes">
			<val>Дата в вашей системе не соответствует дате на нашем сервере.</val>
		</str>
		<str name="msg2_subSuspended" translate="yes">
			<val>Дата сервера Adobe: {0}</val>
		</str>
		<str name="msg3_subSuspended" translate="yes">
			<val>Системная дата вашего компьютера может отличаться от системной даты сервера Adobe на три дня в большую или меньшую сторону. Проверьте настройки даты на своем компьютере и повторите попытку. Если проблема сохраняется, свяжитесь со службой технической поддержки клиентов.</val>
		</str>
		
		<str name="title_subWindback" translate="yes">
			<val>Подписка приостановлена</val>
		</str>
		<str name="header_subWindback" translate="yes">
			<val>Подписка на {0} была приостановлена</val>
		</str>
		<str name="msg1_subWindback" translate="yes">
			<val>Дата и время в вашей системе могли измениться.</val>
		</str>
		<str name="msg3_subWindback" translate="yes">
			<val>Проверьте настройки даты и времени на своем компьютере и повторите попытку. Если проблема сохраняется, свяжитесь со службой технической поддержки клиентов.</val>
		</str>

		<str name="custSuppAsst" translate="yes">
			<val>Связаться со службой технической поддержки клиентов</val>
		</str>
		<str name="supportlink" translate="yes">
			<val>http://www.adobe.com/go/support_ru</val>
		</str>
		<str name="actPolicyLinkText" translate="yes">
			<val>Просмотр политики активации</val>
		</str>
		<str name="actPolicyLink" translate="yes">
			<val>http://www.adobe.com/go/activation_ru</val>
		</str>
		<str name="quit" translate="yes">
			<val>ВЫЙТИ</val>
		</str>
		<str name="tryAgain" translate="yes">
			<val>ПОВТОРИТЬ ПОПЫТКУ</val>
		</str>
	</set>
	
	<set name="dateTimeFormats">
		<str name="dateFormat_Long" translate="yes">
			<val>{1} {0} {2} г.</val>
		</str>
	</set>

	<set name="monthsFull">
		<str name="1" translate="yes">
			<val>янв</val>
		</str>
		<str name="2" translate="yes">
			<val>фев</val>
		</str>
		<str name="3" translate="yes">
			<val>мар</val>
		</str>
		<str name="4" translate="yes">
			<val>апр</val>
		</str>
		<str name="5" translate="yes">
			<val>май</val>
		</str>
		<str name="6" translate="yes">
			<val>июн</val>
		</str>
		<str name="7" translate="yes">
			<val>июл</val>
		</str>
		<str name="8" translate="yes">
			<val>авг</val>
		</str>
		<str name="9" translate="yes">
			<val>сен</val>
		</str>
		<str name="10" translate="yes">
			<val>окт</val>
		</str>
		<str name="11" translate="yes">
			<val>ноя</val>
		</str>
		<str name="12" translate="yes">
			<val>дек</val>
		</str>
	</set>
	
	<set name="authProxy">
		<str name="instruct" translate="yes">
			<val>Введите имя пользователя и пароль для своего прокси-сервера.</val>
		</str>
		<str name="username" translate="yes">
			<val>Имя пользователя:</val>
		</str>
		<str name="password" translate="yes">
			<val>Пароль:</val>
		</str>
		<str name="remember" translate="yes">
			<val>Запомнить мой пароль</val>
		</str>
		<str name="fail" translate="yes">
			<val>Не удалось проверить подлинность пользователя. Проверьте имя пользователя и пароль, а затем повторите попытку.</val>
		</str>
		<str name="ok" translate="yes">
			<val>ОК</val>
		</str>
		<str name="cancel" translate="yes">
			<val>ОТМЕНА</val>
		</str>
	</set>

	<set name="isoToLanguage">
								<str name="ar_AE" translate="no"><val>العربية</val></str>
		<str name="en_GB" translate="no"><val>English (International)</val></str> 
		<str name="fr_CA" translate="no"><val>Français canadien</val></str>
		<str name="es_QM" translate="no"><val>Español (Middle East)</val></str>
		<str name="es_LA" translate="no"><val>Español de América Latina</val></str>
		<str name="es_NA" translate="no"><val>Español Norteamericano</val></str>
		<str name="bg_BG" translate="no"><val>Български</val></str>
		<str name="lv_LV" translate="no"><val>Latviešu</val></str>
		<str name="et_EE" translate="no"><val>Eesti</val></str>
		<str name="hr_HR" translate="no"><val>hrvatski</val></str>
		<str name="sl_SI" translate="no"><val>slovenščina</val></str>
		<str name="sk_SK" translate="no"><val>slovenčina</val></str>
		<str name="th_TH" translate="no"><val>ภาษาไทย</val></str> 
		<str name="vi_VN" translate="no"><val>Việt</val></str>
		<str name="en_XC" translate="no"><val>English (Central Europe)</val></str> 
		<str name="en_XM" translate="no"><val>English (Middle East)</val></str>
		<str name="fr_XM" translate="no"><val>Français Oriental Moyen</val></str>
		<str name="sq_AL" translate="no"><val>Shqip</val></str> 
								<str name="ar_SA" translate="no"><val>العربية</val></str>
		<str name="be_BY" translate="no"><val>Беларуская</val></str> 
		<str name="ca_ES" translate="no"><val>Català</val></str> 
								<str name="hi_IN" translate="no"><val>हिन्दी</val></str>
		<str name="is_IS" translate="no"><val>Íslenska</val></str> 
		<str name="lt_LT" translate="no"><val>Lietuvių</val></str>
		<str name="mk_MK" translate="no"><val>македонски</val></str>
		<str name="nn_NO" translate="no"><val>Norsk (Nynorsk)</val></str>
		<str name="pt_PT" translate="no"><val>Português de Portugal</val></str> 
		<str name="sh_YU" translate="no"><val>Srpsko-Hrvatski</val></str> 
		<str name="sr_YU" translate="no"><val>Cрпски</val></str> 
		<str name="kk_KZ" translate="no"><val>Қазақ</val></str>
		<str name="az_AZ" translate="no"><val>Azərbaycan dili</val></str> 
		<str name="es_MX" translate="no"><val>Español (América Latina)</val></str>
		<str name="no_NO" translate="no"><val>Norwegian</val></str> 
		<str name="cs_CZ" translate="no"><val>Česky</val></str>
		<str name="de_DE" translate="no"><val>Deutsch</val></str>
		<str name="el_GR" translate="no"><val>Ελληνικά</val></str>
		<str name="en_US" translate="no"><val>English (North America)</val></str> 
		<str name="es_ES" translate="no"><val>Español</val></str> 
		<str name="fr_FR" translate="no"><val>Français</val></str>
								<str name="he_IL" translate="no"><val>עברית</val></str> 
		<str name="hu_HU" translate="no"><val>Magyar</val></str> 
		<str name="it_IT" translate="no"><val>Italiano</val></str>
		<str name="ja_JP" translate="no"><val>日本語</val></str>
		<str name="ko_KR" translate="no"><val>한국어</val></str>
		<str name="nl_NL" translate="no"><val>Nederlands</val></str>
		<str name="pl_PL" translate="no"><val>Polski</val></str>
		<str name="ro_RO" translate="no"><val>Română</val></str>
		<str name="ru_RU" translate="no"><val>Pусский</val></str>
		<str name="sv_SE" translate="no"><val>Svenska</val></str>
		<str name="tr_TR" translate="no"><val>Türkçe</val></str>
		<str name="uk_UA" translate="no"><val>Українська</val></str>
		<str name="zh_CN" translate="no"><val>简体中文</val></str>
		<str name="zh_TW" translate="no"><val>繁體中文</val></str>
		<str name="da_DK" translate="no"><val>Dansk</val></str>
		<str name="fi_FI" translate="no"><val>Suomi</val></str>
		<str name="nb_NO" translate="no"><val>Norsk (Bokmål)</val></str> 
		<str name="pt_BR" translate="no"><val>Português do Brasil</val></str>
	</set>
		
</asf>
