<?xml version='1.0' encoding='utf-8'?>
<!DOCTYPE asf SYSTEM "http://ns.adobe.com/asf/asf_1_0.dtd" >
<asf xmlns="http://ns.adobe.com/asf" locale="fi_FI" version="1.0">

	<set name="ButtonLabel">
		<str name="Yes" translate="yes">
			<val>Kyllä</val>
		</str>
		<str name="No" translate="yes">
			<val>Ei</val>
		</str>
		<str name="Accept" translate="yes">
			<val>Hyväksy</val>
		</str>
		<str name="Install" translate="yes">
			<val>Asenna</val>
		</str>
		<str name="Uninstall" translate="yes">
			<val>Poista asennus</val>
		</str>
		<str name="OK" translate="yes">
			<val>OK</val>
		</str>
		<str name="Continue" translate="yes">
			<val>Jatka</val>
		</str>
		<str name="Back" translate="yes">
			<val>Takaisin</val>
		</str>
		<str name="Cancel" translate="yes">
			<val>Peruuta</val>
		</str>
        <str name="Close" translate="yes">
            <val>Sulje</val>
        </str>
		<str name="Quit" translate="yes">
			<val>Lopeta</val>
		</str>
		<str name="SignIn" translate="yes">
			<val>Kirjaudu sisään</val>
		</str>
		<str name="SignInNow" translate="yes">
			<val>Kirjaudu sisään nyt</val>
		</str>
		<str name="SignInLater" translate="yes">
			<val>Kirjaudu sisään myöhemmin</val>
		</str>
		<str name="StartAgain" translate="yes">
			<val>Aloita alusta</val>
		</str>
		<str name="Retry" translate="yes">
			<val>Yritä uudelleen</val>
		</str>
		<str name="Verify" translate="yes">
			<val>Vahvista</val>
		</str>
		<str name="ConnectLater" translate="yes">
			<val>Yhdistä myöhemmin</val>
		</str>
	</set>
	
	<set name="DialogueTitle">
		<str name="Quit" translate="yes">
			<val>Lopeta</val>
		</str>
	</set>

	<set name="Welcome">
		<str name="Title" translate="yes">
			<val>Tervetuloa</val>
		</str>
		<str name="OptionOne" translate="yes">
			<val>Asenna sarjanumerolla</val>
		</str>
		<str name="OptionOneInfo" translate="yes">
			<val>Minulla on sarjanumero.</val>
		</str>
		<str name="OptionTwo" translate="yes">
			<val>Aloita tilaus</val>
		</str>
		<str name="OptionTwoInfo" translate="yes">
			<val>Minulla on tilaus.</val>
		</str>
		<str name="OptionThree" translate="yes">
			<val>Asenna kokeiluversiona</val>
		</str>
		<str name="OptionThreeInfo" translate="yes">
			<val>Haluan kokeilla tuotetta {0} rajoitetun ajan.</val>
		</str>
		<set name="MBLS">
			<str name="OptionOne" translate="yes">
				<val>Asenna</val>
			</str>
			<str name="OptionOneInfo" translate="yes">
				<val>Olen ostanut</val>
			</str>
			<str name="OptionTwo" translate="yes">
				<val>Kokeile</val>
			</str>
			<str name="OptionTwoInfo" translate="yes">
				<val>Haluan kokeilla tuotetta {0} rajoitetun ajan</val>
			</str>
		</set>
	</set>
	
	<set name="EULA">
		<str name="Title" translate="yes">
			<val>Adobe-ohjelmiston käyttöoikeussopimus</val>
		</str>
		<str name="Para1" translate="yes">
			<val>Tämä sopimus koskee {0} -tuotteiden, mukaan lukien tämän ohjelmiston, asennusta ja käyttöä. Voit tarkastella tähän mennessä hyväksymiäsi sopimuksia osoitteessa www.adobe.com/go/myaccount_fi.</val>
		</str>
	</set>

	<set name="Register">
		<str name="Title" translate="yes">
			<val>Kirjauduttava sisään</val>
		</str>
		<set name="Trial">
			<str name="FirstTime" translate="yes">
				<val>Kirjaudu Adobe-tunnuksellasi tuotteen {0} kokeiluversion käytön aloittamista varten.</val>
			</str>
			<str name="Subsequent" translate="yes">
				<val>Tämä kokeiluversio rekisteröidään nyt Adobe-tunnuksellasi: {0}.</val>
			</str>
			<set name="TnC">
				<str name="Title" translate="yes">
					<val>Ohjelmiston kokeiluversion käyttöehdot.</val>
				</str>
				<str name="Paragraph1" translate="yes">
					<val>Voimme pyytää sinulta valinnaisia lisätietoja, jotta voimme räätälöidä sisällön juuri sinulle sopivaksi. Voit poistaa tämän mukautetun sisällön milloin tahansa käytöstä kokeiluelämysnäytön Yksityisyysasetukset-kohdassa.</val>
				</str>
				<str name="Paragraph2" translate="yes">
					<val>Jos haluat tietää, mitä tietoja Adobe kerää tuotteen käytöstä ja miten se käyttää kyseisiä tietoja muun muassa markkinoinnin kohdistamiseen, napsauta {0}tätä{1} ja tutustu {2}Adoben online-tietosuojakäytäntöön{3}.</val>
				</str>
			</set>
			<set name="EntitlementInTrial">
				<str name="Title" translate="yes">
					<val>Voimassa oleva käyttöoikeus löydetty</val>
				</str>
				<str name="Para1" translate="yes">
					<val>Olet valinnut kokeilun, mutta sinulla on käyttöoikeus tämän ohjelmiston täysversioon Adobe-tunnuksella {0}. Voit käyttää ohjelmiston lisensoitua versiota asennuksen jälkeen.</val>
				</str>
				<str name="Para2" translate="yes">
					<val>Jatka asennukseen.</val>
				</str>
				<str name="DiffAdobeID" translate="yes">
					<val>Onko sinulla jokin toinen Adobe-tunnus?</val>
				</str>
			</set>						
		</set>
		<set name="Serial">
			<str name="Paragraph1" translate="yes">
				<val>Tuotteen {0} sarjanumero on tarkistettu.</val>
			</str>
			<str name="Paragraph2" translate="yes">
				<val>Sinun on kirjauduttava sisään, ennen kuin voit asentaa ja rekisteröidä tämän tuotteen Adobe-tunnuksellasi. Adobe-tunnuksella voit helposti tarkistaa sarjanumerosi, käyttää Adobe Creative Cloudia ja osallistua Adobe.com/fi-yhteisön toimintaan.</val>
			</str>
			<str name="SubsequentParagraph3" translate="yes">
				<val>Sinut kirjataan sisään Adobe-tunnuksella: {0}.</val>
			</str>
		</set>
		<set name="MBLS">
			<str name="Paragraph1" translate="yes">
				<val>Tämän tuotteen asentaminen edellyttää kirjautumista Adobe-tunnuksella. Adobe-tunnuksella pääset myös helposti käyttämään Adoben online-palveluita ja Adobe.com-yhteisöä.</val>
			</str>
			<set name="Offline">
				<str name="Title" translate="yes">
					<val>Muodosta Internet-yhteys ja yritä uudelleen.</val>
				</str>
				<set name="Install">
					<str name="Paragraph1" translate="yes">
						<val>Tilauksen aloittamiseen tarvitaan Internet-yhteys. Jos sinulla on tilaus, muodosta Internet-yhteys ja valitse Yritä uudelleen.</val>
					</str>
					<str name="Paragraph2" translate="yes">
						<val>Jos sinulla on sarjanumero etkä voi muodostaa Internet-yhteyttä juuri nyt, valitse Yhdistä myöhemmin. Sinun on vahvistettava sarjanumero 7 päivän sisällä tai ohjelmisto lakkaa toimimasta. Jos tässä tietokoneessa ei ole Internet-yhteyttä, katso lisäohjeita osoitteesta {0} käyttämällä laitetta, jossa on Internet-yhteys.</val>
					</str>
				</set>
				<set name="Trial">
					<str name="Paragraph1" translate="yes">
						<val>Tietokoneesi näyttää olevan offline-tilassa, mikä aiheuttaa yhteysvirheen. Internet-yhteys tarvitaan. Muodosta Internet-yhteys ja yritä uudelleen. Jos ongelma ei poistu, ota yhteyttä {0}asiakastukeen{1}.</val>
					</str>
				</set>
			</set>
		</set>
		<str name="NotYou" translate="yes">
			<val>(Eikö tämä ole sinun Adobe-tunnuksesi?)</val>
		</str>
		<set name="Subscription">
			<set name="FirstTime">
				<str name="Paragraph" translate="yes">
					<val>Sinut kirjataan nyt Adobe-tunnuksella sisään tilauksen käyttöä varten.</val>
				</str>
			</set>
			<set name="Subsequent">
				<str name="Title" translate="yes">
					<val>Vahvista tilauksesi</val>
				</str>
				<str name="Paragraph" translate="yes">
					<val>Sinun on vahvistettava tilauksesi Adobe-tunnuksella {0}.</val>
				</str>
				<str name="Paragraph2" translate="yes">
					<val>Haluamme varmistaa, että saat juuri oikeat sovellukset.</val>
				</str>
			</set>
			<set name="EntitlementCallScrim">
				<str name="WaitAMoment" translate="yes">
					<val>Odota hetki...</val>
				</str>
			</set>
			
			<set name="OfflineScrim">
				<str name="Title" translate="yes">
					<val>Tilauksen aloittamiseen tarvitaan Internet-yhteys.</val>
				</str>
				<str name="Message" translate="yes">
					<val>Varmista, että olet muodostanut Internet-yhteyden, ja valitse Yritä uudelleen. Jos ongelma ei poistu, ota yhteyttä {0}Adoben asiakaspalveluun{1}.</val>
				</str>
			</set>
			
			<set name="NoSubscriptionFound">
	        	<str name="Title" translate="yes">
	        		<val>Tilausta ei löydy</val>
	        	</str>
	        	<str name="ParagraphOneText" translate="yes">
	        		<val>Tähän Adobe-tunnukseen liittyvää {0}{1}{2} -tilausta ei löydy. Voit ostaa {3}uuden tilauksen{4} tai napsauttaa Takaisin-painiketta ja antaa toisen Adobe-tunnuksen. Jos sinulla on tilaus, mutta et pysty käyttämään sitä, ota yhteyttä {5}asiakastukeen{6}.</val>
	        	</str>
	        	<str name="ParagraphTwoText" translate="yes">
	        		<val>Voit myös asentaa tuotteen kokeiluversiona tai kelvollisella sarjanumerolla valitsemalla {0}Aloita alusta{1}.</val>	
	        	</str>
	        </set>
		</set>
	</set>
	
	<set name="InstallOptions">
		<str name="Title" translate="yes">
			<val>Asetukset</val>
		</str>
		<str name="SelectAppInfo" translate="yes">
			<val>Napsauta tuotteen nimeä mukauttaaksesi sen asetuksia</val>
		</str>
		<str name="NoComponentInfo" translate="yes">
			<val>Mukautettavia komponentteja ei ole.</val>
		</str>
		<str name="Components" translate="yes">
			<val>{0} komponenttia</val>
		</str>
		<str name="TotalInstall" translate="yes">
			<val>Asennetaan yhteensä: {0}</val>
		</str>
		<str name="Language" translate="yes">
			<val>Kieli:</val>
		</str>
		<str name="Location" translate="yes">
			<val>Sijainti:</val>
		</str>
		<str name="Available" translate="yes">
			<val>{0} käytettävissä</val>
		</str>
		<str name="SpaceRequired" translate="yes">
			<val>Tarvittava tila: {0}</val>
		</str>
		<str name="SpaceWarning" translate="yes">
			<val>Tarvittava tila: {0}, käytettävissä: {1}</val>
		</str>
        <str name="InsufficientDiskSpace" translate="yes">
			<val>Kiintoleyllä ei ole riittävästi tilaa asennuksen suorittamiseksi loppuun saakka.</val>
        </str>
		<str name="DefaultDriveWarning" translate="yes">
			<val>Jotkin tiedostot asennetaan myös kohteeseen {0}</val>
		</str>
		
		<set name="PayloadError">
			<str name="TrialInstall" translate="yes">
				<val>Tuote asennetaan kokeiluversiona.</val>
			</str>
			<str name="LicensedInstall" translate="yes">
				<val>Tästä ohjelmistosta asennetaan lisensoitu versio.</val>
			</str>
			<str name="AlreadyInstalled" translate="yes">
				<val>Löydettiin tuotteen aikaisemmin asennettu versio. Tuote asennetaan sen alkuperäiseen sijaintiin.</val>
			</str>
			<set name="SystemRequirements">
				<set name="OS">
					<str name="Header" translate="yes">
						<val>Käyttöjärjestelmävaatimukset eivät täyty.</val>
					</str>
					<str name="CurrentOS" translate="yes">
						<val>- Nykyinen käyttöjärjestelmä: {0} {1}</val>
					</str>
					<str name="MacRecommended" translate="yes">
						<val>- Suositellaan käyttöjärjestelmää Mac OS {0} tai uudempaa.</val>
					</str>
					<str name="MacServer" translate="yes">
						<val>- Suositellaan Mac Serveriä.</val>
					</str>
					<str name="WinNotRecommended" translate="yes">
						<val>- Käyttöjärjestelmää {0} ei suositella.</val>
					</str>
					<str name="SPRecommended" translate="yes">
						<val>- Suositellaan Service Pack {0} -päivitystä.</val>
					</str>
					<str name="64BitRecommended" translate="yes">
						<val>- Suositellaan 64-bittistä käyttöjärjestelmää.</val>
					</str>
					<str name="32BitRecommended" translate="yes">
						<val>- Suositellaan 32-bittistä käyttöjärjestelmää.</val>
					</str>
					<str name="MacRequired" translate="yes">
						<val>- Vaaditaan Mac OS {0} tai uudempi.</val>
					</str>
					<str name="MacServerRequired" translate="yes">
						<val>- Vaaditaan Mac Server.</val>
					</str>
					<str name="WinNotRequired" translate="yes">
						<val>- Käyttöjärjestelmää {0} ei tueta.</val>
					</str>
					<str name="SPRequired" translate="yes">
						<val>- Vaaditaan Service Pack {0}.</val>
					</str>
					<str name="64BitRequired" translate="yes">
						<val>- Vaaditaan 64-bittinen käyttöjärjestelmä.</val>
					</str>
					<str name="32BitRequired" translate="yes">
						<val>- Vaaditaan 32-bittinen käyttöjärjestelmä.</val>
					</str>
				</set>
				<str name="RAM" translate="yes">
					<val>Suositellaan {0} RAM-muistia.</val>
				</str>
				<str name="CPU" translate="yes">
					<val>Suoritinvaatimukset eivät täyty.</val>
				</str>
				<str name="ScreenResolution" translate="yes">
					<val>Suositeltu näytön tarkkuus on vähintään {0}x{1}.</val>
				</str>
				<str name="Footer" translate="yes">
					<val>Lisätietoja saat napsauttamalla varoituskuvaketta.</val>
				</str>
			</set>
			<str name="Conflicting" translate="yes">
				<val>Tässä tietokoneessa on ristiriitainen versio tai esijulkaisuversio tuotteesta {0}. Ristiriitainen versio on poistettava ennen nykyiseltä tietovälineeltä asentamista.</val>
			</str>
			<str name="AlreadyUpgraded" translate="yes">
				<val>Tuotteesta on jo asennettu uudempi versio.</val>
			</str>
			<str name="Language" translate="yes">
				<val>Ei ole saatavilla valitulla kielellä</val>
			</str>
			<str name="RequiredDisabled" translate="yes">
				<val>Vaaditut komponentit on poistettu käytöstä</val>
			</str>
		</set>
		
		<set name="InstallPathError">
			<str name="LongPath" translate="yes">
				<val>Valittu asennuspolku on liian pitkä.</val>
			</str>
			<str name="RootDrive" translate="yes">
				<val>Asennusta pääaseman sijaintiin ei tueta.</val>
			</str>
			<str name="RemovableDrive" translate="yes">
				<val>Asennusta siirrettävälle muistitikulle ei tueta.</val>
			</str>
			<str name="MappedDrive" translate="yes">
				<val>Asennusta käyttöön otettuun verkkoasemaan ei tueta.</val>
			</str>
			<str name="CaseSensitive" translate="yes">
				<val>Asennusta kirjainkoon huomioon ottaviin asemiin ei tueta.</val>
			</str>
			<str name="LockedPath" translate="yes">
				<val>Asennusta lukittuun sijaintiin ei tueta.</val>
			</str>
			<str name="Generic" translate="yes">
				<val>Ei voi asentaa valittuun sijaintiin.</val>
			</str>
		</set>
		
		<set name="WorkflowNeedClose">
			<str name="Title" translate="yes">
				<val>Hälytys</val>
			</str>
			<str name="Message" translate="yes">
				<val>Adobe Application Managerista on käynnissä muita esiintymiä, jotka on suljettava. Sulje ne, jos haluat jatkaa.</val>
			</str>
		</set>
	</set>
	
	<set name="UninstallOptions">
		<str name="Title" translate="yes">
			<val>Asennuksen poistoasetukset</val>
		</str>
		<str name="RemovePreferences" translate="yes">
			<val>Poista asetukset</val>
		</str>
		<str name="ToolTipInfo" translate="yes">
			<val>Poista valittujen tuotteiden ilmoitukset, hälytykset, raportit tai muut oletusarvot.</val>
		</str>
	</set>
	
	<set name="Progress">
		<str name="MinutesRemaining" translate="yes">
			<val>Noin {0} minuuttia jäljellä</val>
		</str>
		<str name="MinuteRemaining" translate="yes">
			<val>Noin {0} minuutti jäljellä</val>
		</str>
		<str name="LTMinuteRemaining" translate="yes">
			<val>Alle minuutti jäljellä</val>
		</str>
		<str name="PctComplete" translate="yes">
			<val>({0} % valmis)</val>
		</str>
		
		<set name="ConflictingProcess">
			<str name="Title" translate="yes">
				<val>Sulje nämä sovellukset ennen jatkamista:</val>
			</str>
			<str name="SubText1" translate="yes">
				<val>(Jos tämä viesti tulee näyttöön, vaikka olet sulkenut sovelluksen, jotkin prosessit voivat edelleen olla käynnissä taustalla. {0}Lue lisää{1} taustaprosessien lopettamisesta.)</val>
			</str>
			<str name="BackgroundProcessesLink" translate="yes">
				<val>http://www.adobe.com/go/learn_bgprocesses_fi</val>
			</str>
			<str name="SubText2" translate="yes">
				<val>Suljettavien sovellusten luettelo:</val>
			</str>
		</set>
		
		<set name="DiskPrompt">
			<str name="Title" translate="yes">
				<val>Aseta levy {0} ennen jatkamista.</val>
			</str>
		</set>
		
		<set name="Install">
			<str name="Title" translate="yes">
				<val>Asenna</val>
			</str>
			<str name="Preparing" translate="yes">
				<val>Valmistellaan asennusta...</val>
			</str>
			<str name="Currently" translate="yes">
				<val>Tuotetta {0} asennetaan</val>
			</str>
			<str name="Confirmation" translate="yes">
				<val>Haluatko varmasti peruuttaa asennuksen?</val>
			</str>
			
			<str name="AdministratorPrivileges" translate="yes">
				<val>Asennukseen vaaditaan järjestelmänvalvojan oikeudet. Kirjaudu järjestelmänvalvojana.</val>
			</str>
		</set>
		<set name="Uninstall">
			<str name="Title" translate="yes">
				<val>Poista asennus</val>
			</str>
			<str name="Preparing" translate="yes">
				<val>Valmistellaan asennuksen poistamista...</val>
			</str>
			<str name="Currently" translate="yes">
				<val>Tuotteen {0} asennusta poistetaan</val>
			</str>
			<str name="Confirmation" translate="yes">
				<val>Haluatko varmasti peruuttaa asennuksen poistamisen?</val>
			</str>
			
			<str name="AdministratorPrivileges" translate="yes">
				<val>Asennuksen poistamiseen vaaditaan järjestelmänvalvojan oikeudet. Kirjaudu järjestelmänvalvojana.</val>
			</str>
		</set>
	</set>
	
	<set name="Success">
		<set name="Install">
			<str name="Title" translate="yes">
				<val>Asennus on valmis</val>
			</str>
			<str name="MyAdobeLink" translate="yes">
				<val>http://www.adobe.com/go/adobemembership_fi</val>
			</str>
			<str name="Link1Text" translate="yes">
				<val>Oma Adobe</val>
			</str>
			<str name="Link1" translate="yes">
				<val>http://www.adobe.com/go/adobemembership_fi</val>
			</str>
			<str name="Link2Text" translate="yes">
				<val>Video-opastusohjelmat</val>
			</str>
			<str name="Link2" translate="yes">
				<val>http://www.adobe.com/go/adobetv_howto_fi</val>
			</str>
			<str name="AdditionalInfo" translate="yes">
				<val>Jos haluat hallita tätä sovellusta tai muita aitoja Adobe-ohjelmistoja, siirry osoitteeseen {0}.</val>
			</str>
			<str name="BtnLblLaunchNow" translate="yes">
				<val>Käynnistä nyt</val>
			</str>
			<str name="BtnLblClose" translate="yes">
				<val>Sulje</val>
			</str>
			<set name="PP">
				<str name="CompletedText" translate="yes">
					<val>Tuotteen {0} asennus onnistui ja se on valmiina käyttöön.</val>
				</str>
				<str name="RestartText" translate="yes">
				<val>Suosittelemme, että käynnistät järjestelmän ennen käyttöä uudelleen.</val>
				</str>
			</set>
			<set name="Suite">
				<str name="CompletedText" translate="yes">
					<val>Nämä sovellukset ovat valmiina käyttöön.</val>
				</str>
				<str name="RestartText" translate="yes">
				<val>Jotkin näistä suositelluista järjestelmistä käynnistetään ennen käyttöä uudelleen.</val>
				</str>
			</set>
		</set>
		
		<set name="Uninstall">
			<str name="Title" translate="yes">
				<val>Asennuksen poistaminen on valmis</val>
			</str>
			<str name="RestartText" translate="yes">
				<val>Käynnistä järjestelmä uudelleen.</val>
			</str>
			<set name="PP">
				<str name="CompletedText" translate="yes">
					<val>Tuotteen {0} asennuksen poistaminen onnistui.</val>
				</str>
			</set>
			<set name="Suite">
				<str name="CompletedText" translate="yes">
					<val>Seuraavien sovellusten asennuksen poistaminen onnistui.</val>
				</str>
			</set>
		</set>
	</set>
	
    <set name="DoneWithError">
	    <set name="Install">
	        <str name="Title" translate="yes">
	            <val>Asennus on valmis</val>
	        </str>
	        <str name="CompleteText" translate="yes">
	            <val>Asennus on valmis ja nämä sovellukset ovat valmiina käyttöön.</val>
	        </str>
	        <str name="IncompleteWarning" translate="yes">
	            <val>Seuraavien tuotteiden joidenkin osien asentaminen epäonnistui.</val>
	        </str>
			<set name="PP">
				<str name="RestartText" translate="yes">
					<val>Suosittelemme, että käynnistät järjestelmän ennen käyttöä uudelleen.</val>
				</str>
			</set>
			<set name="Suite">
				<str name="RestartText" translate="yes">
					<val>Jotkin näistä suositelluista järjestelmistä käynnistetään ennen käyttöä uudelleen.</val>
				</str>
			</set>
			<set name="Cancelled">
		        <str name="Title" translate="yes">
		            <val>Asennus peruutettiin</val>
		        </str>
		        <str name="CompleteText" translate="yes">
	            	<val>Seuraavat sovellukset asennettiin kuitenkin ennen Peruuta-painikkeen painamista. Voit halutessasi poistaa näiden sovellusten asennuksen manuaalisesti.</val>
		        </str>
	        </set>
            <str name="DiskSpaceText" translate="yes">
                <val>Levytila ei riitä. Vapauta tilaa ja yritä asentaa ohjelmisto uudelleen.</val>
            </str>
		</set>
	    <set name="Uninstall">
	        <str name="Title" translate="yes">
	            <val>Asennuksen poistaminen on valmis</val>
	        </str>
	        <str name="CompleteText" translate="yes">
	            <val>Seuraavien sovellusten asennuksen poistaminen onnistui</val>
	        </str>
	        <str name="IncompleteWarning" translate="yes">
	            <val>Joidenkin komponenttien asennuksen poistaminen epäonnistui.</val>
	        </str>
	        <str name="CleanerToolText" translate="yes">
            	<val>Voit ladata ja suorittaa {0}puhdistustyökalun{1} täydellisen puhdistuksen suorittamista varten.</val>
        </str>
	    </set>
    </set>

    <set name="Failure">
	    <set name="Install">
	        <str name="Title" translate="yes">
	            <val>Asennus epäonnistui</val>
	        </str>
	        <str name="WarningText" translate="yes">
	            <val>Asennettaessa tapahtui virhe.</val>
	        </str>
			<str name="InitializeTroubleshootingTips" translate="yes">
			    <val>Muita vianmääritysvihjeitä:{0}1. Käynnistä tietokone uudelleen.{0}2. Sulje kaikki sovellukset, käynnistyskohteet sekä virustarkistus- ja palomuuriohjelmistot mukaan lukien.{0}3. Käynnistä asennusohjelma ja asenna sovellukset uudelleen.</val>
            </str>
			<str name="TroubleshootingTips" translate="yes">
			    <val>Muita vianmääritysvihjeitä:{0}1. Käynnistä tietokone uudelleen.{0}2. Sulje kaikki sovellukset, käynnistyskohteet sekä virustarkistus- ja palomuuriohjelmistot mukaan lukien.{0}3. Sulje tämä ikkuna ja käynnistä asennusohjelma uudelleen sovellusten lataamista varten.</val>
            </str>
	        
	        <set name="Cancelled">
		        <str name="Title" translate="yes">
		            <val>Asennus peruutettiin</val>
		        </str>
		        <str name="WarningText" translate="yes">
		            <val>Asennus peruutettiin. Yritä myöhemmin uudelleen.</val>
		        </str>
	        </set>
	        
	        <set name="AGVFailure">
		        <str name="WarningText" translate="yes">
		            <val>Aidon Adobe-ohjelmiston todennusvirhe</val>
		        </str>
		        <str name="ParagraphOneText" translate="yes">
					<val>Tuote, jota yrität asentaa, ei ole aito Adobe-ohjelmisto, vaan se näyttää olevan väärennös. {0}Ilmoita ohjelmistopiratismista{1} tai ota yhteyttä {2}asiakastukeen{3}.</val>
		        </str>
		        <str name="ReportPiracyLink" translate="yes">
		            <val>http://www.adobe.com/go/reportpiracy_fi</val>
		        </str>
	        </set>
	        
	        <set name="SyncFail">
	            <str name="WarningText" translate="yes">
	                <val>Asennusohjelman tietokannassa havaittiin ristiriita. Käynnistä tietokone uudelleen ja asenna sovellus uudelleen.</val>
	            </str>
	        </set>
	        
	        <set name="MSIRunning">
	            <str name="ParagraphOneText" translate="yes">
	                <val>Toinen asennusohjelma on käynnissä, se on suljettava ennen tämän tuotteen asentamista. Sulje muut asennusohjelmat.</val>
	            </str>
	        </set>
	        
	        <set name="DiskSpace">
	            <str name="ParagraphOneText" translate="yes">
	                <val>Levytila ei riitä. Vapauta tilaa ja yritä asentaa ohjelmisto uudelleen.</val>
	            </str>
	        </set>
	    </set>
	    
	    <set name="Uninstall">
	        <str name="Title" translate="yes">
	            <val>Asennuksen poistaminen epäonnistui</val>
	        </str>
	        <str name="WarningText" translate="yes">
	            <val>Asennusta poistettaessa tapahtui virhe.</val>
	        </str>
			<str name="InitializeTroubleshootingTips" translate="yes">
			    <val>Vianmääritysvihjeitä:{0}1. Käynnistä tietokone uudelleen.{0}2. Sulje kaikki sovellukset, käynnistyskohteet sekä virustarkistus- ja palomuuriohjelmistot mukaan lukien.{0}3. Poista asennus uudelleen.</val>
            </str>
	        <str name="TroubleshootingTips" translate="yes">
			    <val>Muita vianmääritysvihjeitä:{0}1. Käynnistä tietokone uudelleen.{0}2. Sulje kaikki sovellukset, käynnistyskohteet sekä virustarkistus- ja palomuuriohjelmistot mukaan lukien.{0}3. Poista asennus uudelleen.</val>
            </str>
            <str name="CleanerToolText" translate="yes">
            	<val>Voit ladata ja suorittaa myös {0}puhdistustyökalun{1}.</val>
        	</str>
        	<str name="MSIRunning" translate="yes">
	            <val>Toinen asennusohjelma on käynnissä, se on suljettava ennen tämän tuotteen asennuksen poistamista. Sulje muut asennusohjelmat.</val>
	        </str> 	        
	    </set>
	    
        <set name="InitializationFailed">
            <str name="Paragraph1" translate="yes">
                <val>Asennusohjelman alustaminen epäonnistui. Syynä voi olla puuttuva tiedosto.</val>
            </str>
        </set>
        
        <set name="ConflictingPayload">
            <str name="Paragraph1" translate="yes">
                <val>Tässä tietokoneessa on ristiriitainen versio tai esijulkaisuversio tuotteesta {0}. Ristiriitainen versio on poistettava ennen nykyiseltä tietovälineeltä asentamista.</val>
            </str>
        </set>
        
        <set name="x64BitOn32Bit">
            <str name="Paragraph1" translate="yes">
                <val>Tuote voidaan asentaa vain 64-bittiseen järjestelmään.</val>
            </str>
        </set>
    </set>
    
	<set name="Common">
		<str name="DefaultProductName" translate="yes">
			<val>Adobe-tuote</val>
		</str>
		<str name="QuitConfirmation" translate="yes">
            <val>Haluatko varmasti lopettaa?</val>
        </str>
		
        <str name="ErrorSummaryText" translate="yes">
            <val>{0}Virheiden yhteenvedon{1} sisältävä tiedosto voi helpottaa ongelman tunnistamista.</val>
        </str>
        <str name="CustomerSupportText" translate="yes">
            <val>Jos ongelmat eivät poistu, ota yhteyttä {0}asiakastukeen{1}.</val>
        </str>
        <str name="CustomerSupportLink" translate="yes">
            <val>http://www.adobe.com/go/customer_support_fi</val>
        </str>
        <str name="NewSubscriptionLink" translate="yes">
        	<val>http://www.adobe.com/go/products_fi</val>
        </str>
        <str name="CleanerToolLink" translate="yes">
            <val>http://www.adobe.com/go/cscleanertool_fi</val>
        </str>
        
        <str name="SystemRequirementsLink" translate="yes">
            <val>http://www.adobe.com/go/cs_systemreqs_fi</val>
        </str>

		<str name="PrivacyPortalLink" translate="yes">
			<val>http://www.adobe.com/go/adobe_privacy_portal_fi</val>
		</str>
		
		<str name="PrivacyPolicyLink" translate="yes">
			<val>http://www.adobe.com/go/privacy_fi</val>
		</str>
		<str name="GetActivated" translate="yes">
			<val>http://www.adobe.com/go/getactivated_fi</val>
		</str>
		<str name="GB" translate="yes">
			<val>Gt</val>
		</str>
		<str name="MB" translate="yes">
			<val>Mt</val>
		</str>
		<str name="KB" translate="yes">
			<val>kt</val>
		</str>
		<str name="decimalSeparator" translate="yes">
			<val>.</val>
		</str>
		<str name="commaSeparator" translate="yes">
			<val>,</val>
		</str>
	</set>
	
	<set name="OSName">
		<str name="6.2.1" translate="no"><val>Windows Server 2012</val></str>
		<str name="6.2.0" translate="no"><val>Windows 8</val></str>
		<str name="Win8" translate="no"><val>Windows 8</val></str>
		<str name="Win7" translate="no"><val>Windows 7</val></str>
		<str name="Server2008R2" translate="no"><val>Windows Server 2008 R2</val></str>
		<str name="Vista" translate="no"><val>Windows Vista</val></str>
		<str name="Server2008" translate="no"><val>Windows Server 2008</val></str>
		<str name="Server2003" translate="no"><val>Windows Server 2003</val></str>
		<str name="XP" translate="no"><val>Windows XP</val></str>
		<str name="2000" translate="no"><val>Windows 2000</val></str>
		<str name="ME" translate="no"><val>Windows ME</val></str>
		<str name="98" translate="no"><val>Windows 98</val></str>
		<str name="NT4.0" translate="no"><val>Windows NT 4.0</val></str>
		<str name="95" translate="no"><val>Windows 95</val></str>
		<str name="UNKNOWN" translate="no"><val>Windows</val></str>
	</set>
	
	<set name="isoToLanguage">
		<str name="en_US" translate="no"><val>English (North America)</val></str>
		<str name="en_GB" translate="no"><val>English (International)</val></str>
		<str name="en_INT" translate="no"><val>English (International)</val></str>
		<str name="en_AE" translate="no"><val>English يدعم العربية</val></str>
		<str name="en_IL" translate="no"><val>English תומך עברית</val></str>
		<str name="en_XC" translate="no"><val>English (Central Europe)</val></str>
		<str name="en_XM" translate="no"><val>English (Middle East)</val></str>
		
		<str name="fr_FR" translate="no"><val>Français</val></str>
		<str name="fr_CA" translate="no"><val>Français (Canada)</val></str>
		<str name="fr_MA" translate="no"><val>Français (Maroc)</val></str>
		<str name="fr_XM" translate="no"><val>Français (Moyen-Orient)</val></str>
		
		<str name="es_ES" translate="no"><val>Español</val></str>
		<str name="es_MX" translate="no"><val>Español (América Latina)</val></str>
		<str name="es_LA" translate="no"><val>Español de América Latina</val></str>
		<str name="es_NA" translate="no"><val>Español Norteamericano</val></str>
		<str name="es_QM" translate="no"><val>Español (Middle East)</val></str>
		
		<str name="ar_AE" translate="no"><val>العربية</val></str>
		<str name="bg_BG" translate="no"><val>Български</val></str>
		<str name="lv_LV" translate="no"><val>Latviešu</val></str>
		<str name="et_EE" translate="no"><val>Eesti</val></str>
		<str name="hr_HR" translate="no"><val>hrvatski</val></str>
		<str name="sl_SI" translate="no"><val>slovenščina</val></str>
		<str name="sk_SK" translate="no"><val>slovenčina</val></str>
		<str name="th_TH" translate="no"><val>ภาษาไทย</val></str>
		<str name="vi_VN" translate="no"><val>Việt</val></str>
		<str name="sq_AL" translate="no"><val>Shqip</val></str>
		<str name="ar_SA" translate="no"><val>العربية</val></str>
		<str name="be_BY" translate="no"><val>Беларуская</val></str>
		<str name="ca_ES" translate="no"><val>Català</val></str>
		<str name="hi_IN" translate="no"><val>हिन्दी</val></str>
		<str name="is_IS" translate="no"><val>Íslenska</val></str>
		<str name="lt_LT" translate="no"><val>Lietuvių</val></str>
		<str name="mk_MK" translate="no"><val>македонски</val></str>
		<str name="nn_NO" translate="no"><val>Norsk (Nynorsk)</val></str>
		<str name="pt_PT" translate="no"><val>Português de Portugal</val></str>
		<str name="sh_YU" translate="no"><val>Srpsko-Hrvatski</val></str>
		<str name="sr_YU" translate="no"><val>Cрпски</val></str>
		<str name="kk_KZ" translate="no"><val>Қазақ</val></str>
		<str name="az_AZ" translate="no"><val>Azərbaycan dili</val></str>
		<str name="no_NO" translate="no"><val>Norwegian</val></str>
		<str name="cs_CZ" translate="no"><val>česky</val></str>
		<str name="de_DE" translate="no"><val>Deutsch</val></str>
		<str name="el_GR" translate="no"><val>Ελληνικά</val></str>
		<str name="he_IL" translate="no"><val>עברית</val></str>
		<str name="hu_HU" translate="no"><val>magyar</val></str>
		<str name="it_IT" translate="no"><val>Italiano</val></str>
		<str name="ja_JP" translate="no"><val>日本語</val></str>
		<str name="ko_KR" translate="no"><val>한국어</val></str>
		<str name="nl_NL" translate="no"><val>Nederlands</val></str>
		<str name="pl_PL" translate="no"><val>polski</val></str>
		<str name="ro_RO" translate="no"><val>Română</val></str>
		<str name="ru_RU" translate="no"><val>русский</val></str>
		<str name="sv_SE" translate="no"><val>Svenska</val></str>
		<str name="tr_TR" translate="no"><val>Türkçe</val></str>
		<str name="uk_UA" translate="no"><val>українська</val></str>
		<str name="zh_CN" translate="no"><val>简体中文</val></str>
		<str name="zh_TW" translate="no"><val>繁體中文</val></str>
		<str name="da_DK" translate="no"><val>Dansk</val></str>
		<str name="fi_FI" translate="no"><val>suomi</val></str>
		<str name="nb_NO" translate="no"><val>Norsk (Bokmål)</val></str>
		<str name="pt_BR" translate="no"><val>Português do Brasil</val></str>
	</set>

</asf>
