<?xml version='1.0' encoding='utf-8'?>
<!DOCTYPE asf SYSTEM "http://ns.adobe.com/asf/asf_1_0.dtd" >
<asf xmlns="http://ns.adobe.com/asf" locale="da_DK" version="1.0">
	<set name="install">
		<str name="next" translate="yes">
			<val>NÆSTE</val>
		</str>
		<str name="back" translate="yes">
			<val>TILBAGE</val>
		</str>
		<str name="exit" translate="yes">
			<val>AFSLUT</val>
		</str>
		<str name="quit" translate="yes">
			<val>AFSLUT</val>
		</str>
		<str name="stop" translate="yes">
			<val>STOP</val>
		</str>
		<str name="continue" translate="yes">
			<val>FORTSÆT</val>
		</str>
		<str name="cancel" translate="yes">
			<val>ANNULLER</val>
		</str>
		<str name="tryAgain" translate="yes">
			<val>PRØV IGEN</val>
		</str>
		<str name="decline" translate="yes">
			<val>AFVIS</val>
		</str>
		<str name="accept" translate="yes">
			<val>ACCEPTER</val>
		</str>			
		<str name="create" translate="yes">
			<val>OPRET ADOBE-ID</val>
		</str>			
		<str name="info" translate="yes">
			<val>Flere oplysninger</val>
		</str>
		<str name="done" translate="yes">
			<val>UDFØRT</val>
		</str>
		<str name="install" translate="yes">
			<val>INSTALLER</val>
		</str>			
		<str name="uninstall" translate="yes">
			<val>AFINSTALLER</val>
		</str>			
		<str name="btnOK" translate="yes">
			<val>OK</val>
		</str>
		<str name="yes" translate="yes">
			<val>JA</val>
		</str>
		<str name="no" translate="yes">
			<val>NEJ</val>
		</str>
		<str name="subscriptionEdition" translate="no">
			<val>Subscription Edition</val>
		</str>
	</set>
	
	<set name="welcome">
		<str name="welcome" translate="yes">
			<val>Velkommen</val>
		</str>
		<str name="product" translate="yes">
			<val>Installationsprogram til {0}</val>
		</str>
		<str name="view" translate="yes">
			<val>Vis på:</val>
		</str>
		<str name="license" translate="yes">
			<val>Adobe-softwarelicensaftale</val>
		</str>
		<str name="sure" translate="yes">
			<val>Er det sikkert, at der skal afsluttes?</val>
		</str>
		<str name="AppTitleInstall" translate="yes">
			<val>Installationsprogram til {0}</val>
		</str>
		<str name="AppTitleUninstall" translate="yes">
			<val>Afinstallationsprogram til {0}</val>
		</str>
	</set>
	
	<set name="serial">
		<str name="welcome" translate="yes">
			<val>Angiv serienummer</val>
		</str>
		<str name="serial" translate="yes">
			<val>Angiv et serienummer.</val>
		</str>
		<str name="trial" translate="yes">
			<val>Installer dette produkt på prøve.</val>
		</str>
		<str name="lang" translate="yes">
			<val>Sprog:</val>
		</str>
		<str name="license" translate="yes">
			<val>Dette serienummer vil blive brugt til: {0}</val>
		</str>
		<str name="selectLang" translate="yes">
			<val>Vælg sprog</val>
		</str>
		<str name="locateTT" translate="yes">
			<val>Du finder dit serienummer på bagsiden af dvd-kassetten, på licenscertifikatet til Adobe Open Options (gælder kun volumenkøb) eller i den e-mail, du modtog som kvittering fra Adobe Store (gælder kun køb via overførsel).</val>
		</str>
		<str name="invalid" translate="yes">
			<val>Dette serienummer er ikke gyldigt til dette produkt.</val>
		</str>
		<str name="also" translate="yes">
			<val>Du vil også kunne angive et serienummer efter installationen.</val>
		</str>
		<str name="agree" translate="yes">
			<val>Ifølge softwarelicensaftalen forsøger softwaren automatisk at foretage aktiveringen via internettet. Du finder flere oplysninger på {0}www.adobe.com/activation{1}.</val>
		</str>
		<str name="agreeLink" translate="yes">
			<val>http://www.adobe.com/go/activation_dk</val>
		</str>
		<str name="progressMessage" translate="yes">
			<val>Kontrollerer abonnementsoplysninger...</val>
		</str>
	</set>
	
	<set name="options">
		<str name="title" translate="yes">
			<val>Installationsindstillinger</val>
		</str>
		<str name="unTitle" translate="yes">
			<val>Afinstallationsindstillinger</val>
		</str>
		<str name="unInstruct" translate="yes">
			<val>Hvis du valgte at afinstallere hele produktet, kan du også samtidigt deaktivere serienummeret.</val>
		</str>
		<str name="total" translate="yes">
			<val>Samlet installation:</val>
		</str>
		<str name="all" translate="yes">
			<val>Alle komponenter</val>
		</str>
		<str name="loc" translate="yes">
			<val>Placering:</val>
		</str>
		<str name="deactivate" translate="yes">
			<val>Deaktiver</val>
		</str>
		<str name="deactivateTooltip1" translate="yes">
			<val>Hvis du deaktiverer, kan du aktivere dit Adobe-produkt på en anden computer, forudsat at du overholder betingelserne i softwarelicensaftalen. Sørg for, at du har forbindelse til internettet, inden du deaktiverer.</val>
		</str>
		<str name="deactivateTooltip2" translate="yes">
			<val>Du kan ikke deaktivere individuelle komponenter i et Adobe-produkt, du har licens til. Hvis du vil installere og aktivere dit Adobe-produkt på en anden computer, skal du afinstallere og deaktivere hele produktet på denne computer først.</val>
		</str>
		<str name="remove" translate="yes">
			<val>Fjern indstillinger</val>
		</str>
		<str name="select" translate="yes">
			<val>Klik på et produktnavn for at tilpasse indstillingerne</val>
		</str>
		<str name="include" translate="yes">
			<val>Indeholder:</val>
		</str>
		<str name="decimalSeparator" translate="yes">
			<val>,</val>
		</str>
		<str name="commaSeparator" translate="yes">
			<val>,</val>
		</str>
		<str name="browse" translate="yes">
			<val>Find installationsstedet</val>
		</str>
		<str name="reqs" translate="yes">
			 <val>Minimumkravet til systemet er ikke opfyldt. {0}Yderligere oplysninger...{1}</val>
		</str>
		<str name="more" translate="yes">
			<val>Flere</val>
		</str>		
		<str name="morelink" translate="yes">
			<val>http://www.adobe.com/go/cs_systemreqs_dk</val>
		</str>
		<str name="infolink" translate="yes">
			<val>http://www.adobe.com/go/cs_shared_components_dk</val>
		</str>
		<str name="available" translate="yes">
			<val>Tilgængelig</val>
		</str>
		<str name="recommend" translate="yes">
			<val>Anbefales af:</val>
		</str>	
		<str name="required" translate="yes">
			<val>Kræves af:</val>
		</str>
		<str name="GB" translate="yes">
			<val>GB</val>
		</str>
		<str name="MB" translate="yes">
			<val>MB</val>
		</str>
		<str name="KB" translate="yes">
			<val>KB</val>
		</str>
		<str name="already" translate="yes">
			<val>Allerede installeret</val>
		</str>
		
		<str name="again" translate="yes">
			<val>Hvis du vælger at installere nogle af nedenstående, installeres de det sted, hvor filen aktuelt er placeret.</val>
		</str>		
		<str name="uninstall" translate="yes">
			<val>AFINSTALLER</val>
		</str>
		<str name="install" translate="yes">
			<val>INSTALLER</val>
		</str>
		<str name="requirementError" translate="yes">
			<val>Minimumkravet til systemet er ikke opfyldt.</val>
		</str>
		<str name="conflictError" translate="yes">
			<val>Der er allerede installeret en foreløbig version af produktet</val>
		</str>
		<str name="upgradedError" translate="yes">
			<val>Der er allerede installeret en nyere version af produktet</val>
		</str>
		<str name="langNotPresent" translate="yes">
			<val>Findes ikke til det valgte sprog</val>
		</str>
		<str name="dependenciesNotEnabled" translate="yes">
			<val>Nogle nødvendige komponenter er deaktiverede</val>
		</str>
		<str name="avail" translate="yes">
			<val>Plads på disken:</val>
		</str>
		<str name="drive" translate="yes">
			<val>Drev {0}</val>
		</str>
		<str name="sure" translate="yes">
			<val>Er du sikker på, at afinstallationen skal annulleres?</val>
		</str>
		<str name="browseErrorCaseSensitive" translate="yes">
			<val>Installation på drev, hvor der skelnes mellem store og små bogstaver, understøttes ikke.</val>
		</str>
		<str name="browseErrorMappedNetwork" translate="yes">
			<val>Installation på tilknyttede netværksdrev understøttes ikke.</val>
		</str>
		<str name="browseErrorRemovableDrive" translate="yes">
			<val>Installation på flash-drev understøttes ikke.</val>
		</str>
		<str name="browseErrorTooLong" translate="yes">
			<val>Den valgte installationssti er for lang.</val>
		</str>
		<str name="browseErrorLockedPath" translate="yes">
			<val>Installation på en låst placering understøttes ikke.</val>
		</str>
		<str name="browseErrorGeneric" translate="yes">
			<val>Der kan ikke installeres på den valgte placering.</val>
		</str>
		<str name="browseErrorRootDrive" translate="yes">
			<val>Installation på et roddrev understøttes ikke.</val>
		</str>
		<str name="diskSpaceTooltip" translate="yes">
			<val>Der er ikke tilstrækkelig plads til at fuldføre installationen.</val>
		</str>
		<str name="diskSpaceOverlayError" translate="yes">
			<val>De valgte indstillinger fylder mere end den tilgængelige plads på harddisken. Vælg en harddisk med nok plads, og kør installationsprogrammet igen.</val>
		</str>
		<str name="uninstallSubscriptionMessage" translate="yes">
			<val>Afinstallation af programmer ændrer ikke dine abonnementer. Når du vil ændre din abonnementsstatus, skal du gå til abonnementsstyring. {0}Rediger din abonnementsstatus{1}.</val>
		</str>
		<str name="uninstallSubscriptionMessageLink" translate="no">
			<val>http://www.adobe.com/go/subscriptionedition</val>
		</str>
	</set>

	<set name="progress">
		<str name="title" translate="yes">
			<val>Installationsstatus</val>
		</str>
		<str name="doneErrors" translate="yes">
			<val>Installationsstatus</val>
		</str>
		<str name="curr" translate="yes">
			<val>Installerer i øjeblikket...</val>
		</str> 
		<str name="unTitle" translate="yes">
			<val>Afinstallationsstatus</val>
		</str>
		<str name="unCurr" translate="yes">
			<val>Afinstallerer i øjeblikket...</val>
		</str> 
		<str name="cancelling" translate="yes">
			<val>Annullerer installation...</val>
		</str>
		<str name="removingCache" translate="yes">
			<val>Fjerner cache...</val>
		</str> 
		<str name="disc" translate="yes">
			<val>Disk</val>
		</str>		
		<str name="preparing" translate="yes"> 
			<val>Forbereder installationen...</val>
		</str>
		<str name="preparingun" translate="yes"> 
			<val>Forbereder fjernelse...</val>
		</str>
		<str name="calculating" translate="yes"> 
			<val>Samlet resterende tid: Beregner...</val>
		</str>
		<str name="calculatingun" translate="yes"> 
			<val>Resterende tid: Beregner...</val>
		</str>
		<str name="complete" translate="yes"> 
			<val>{0}% udført</val>
		</str>
		<str name="remainTotal" translate="yes">
			<val>Resterende tid i alt: Ca. {0} minut(ter)</val>
		</str>
		<str name="unRemainTotal" translate="yes">
			<val>Resterende tid: Ca. {0} minutter</val>
		</str>
		<str name="remainTotalOneMin" translate="yes">
			<val>Samlet resterende tid: Ca. {0} minut</val>
		</str>
		<str name="unRemainTotalOneMin" translate="yes">
			<val>Resterende tid: Ca. {0} minut</val>
		</str>
		<str name="remainMin" translate="yes">
			<val>Resterende tid i alt: Mindre end et minut</val>
		</str>
		<str name="unRemainMin" translate="yes">
			<val>Resterende tid: Mindre end et minut</val>
		</str>
		<str name="remainDisc" translate="yes">
			<val>Tid indtil næste disk: Ca. {0} minutter</val>
		</str>				
		<str name="sure" translate="yes">
			<val>Er du sikker på, at installationen skal annulleres?</val>
		</str>
		<str name="incorrect" translate="yes">
			<val>En forkert disk er isat. Prøv igen, og klik på Udført.</val>
		</str>
		<str name="insert" translate="yes">
			<val>Isæt disk {0} for at fortsætte.</val>
		</str>
		<str name="errorClose" translate="yes">
			<val>Luk alle følgende programmer for at fortsætte:</val>
		</str>
		<str name="contact" translate="yes">
			<val>Kontakt {0}Kundesupport{1} for at få yderligere assistance.</val>
		</str>
		<str name="supportLink" translate="no">
			<val>http://www.adobe.com/go/support_loganalyzer</val>
		</str>
		<str name="errorLater" translate="yes">
			<val>Klik på Afslut senere for at afslutte installationen, når du genstarter computeren.</val>
		</str>
		<str name="finishLater" translate="yes">
			<val>Afslut senere</val>
		</str>
		<str name="cancelMsg" translate="yes">
			<val>Installationen er annulleret.</val>
		</str>
		<str name="partial" translate="yes">
			<val>Nogle af programmerne blev installeret, mens der opstod fejl i forbindelse med andre af programmerne.</val>
		</str>
		<str name="installProblems" translate="yes">
			<val>Der var problemer med installationen.</val>
		</str>
		<str name="requiredFailWarning" translate="yes">
			<val>Visse krævede komponenter er muligvis ikke blevet installeret. Det kan påvirke funktionaliteten af de installerede programmer.</val>
		</str>
		<str name="helpTroubleshoot" translate="yes">
			<val>Du kan få hjælp til at løse dette problem ved at læse oplysningerne under {0}Fejlfinding{1}</val>
		</str>
		<str name="troubleshootTips" translate="yes">
			<val>Disse fejlfindingstip kan måske løse problemet:</val>
		</str>
		<str name="tipOne" translate="yes">
			<val>1. Genstart computeren.</val>
		</str>
		<str name="tipTwo" translate="yes">
			<val>2. Afslut alle programmer inklusive startprogrammer, virusprogrammer og firewall-software.</val>
		</str>
		<str name="tipThree" translate="yes">
			<val>3. Start installationsprogrammet, og installer programmerne igen.</val>
		</str>
		<str name="errorLogText" translate="yes">
			<val>Hvis problemet fortsætter, kan fejllogfilen nedenfor hjælpe med at identificere problemet.</val>
		</str>
		<str name="customerSupport" translate="yes">
			<val>Kontakt {0}Kundesupport{1}, og angiv disse oplysninger.</val>
		</str>
		
		<str name="completely" translate="yes">
			<val>Disse programmer er klar til brug:</val>
		</str>
		<str name="incomplete" translate="yes">
			<val>Disse programmer skal geninstalleres:</val>
		</str>
		<str name="installed" translate="yes">
			<val>Installerer:</val>
		</str>
		<str name="notInstalled" translate="yes">
			<val>Ikke installeret:</val>
		</str>
		<str name="haserrors" translate="yes">
			<val>Der opstod fejl under installationen.</val>
		</str>
		<str name="restart" translate="yes">
			<val>Prøv at genstarte systemet og køre installationen igen.</val>
		</str>
		<str name="timeRemaining" translate="yes">
			<val>Resterende tid</val>
		</str>
		<str name="unDoneTitle" translate="yes">
			<val>Status for afinstallation</val>
		</str>
		<str name="unDoneWarning" translate="yes">
			<val>Nogle af programmerne blev afinstalleret, men der opstod fejl i forbindelse med andre af programmerne.</val>
		</str>
		<str name="unComplete" translate="yes">
			<val>Disse programmer er afinstalleret:</val>
		</str>
		<str name="unIncomplete" translate="yes">
			<val>Disse programmer blev ikke afinstalleret:</val>
		</str>
		<str name="unInstruct" translate="yes">
			<val>Prøv at genstarte computeren, og afinstaller igen. Hvis det ikke løser problemet, skal du hente og køre {0}Adobe Creative Suite Cleaner Tool{1}.</val>
		</str>
		<str name="unPointWarning" translate="yes">
			<val>Der opstod fejl under afinstallationen.</val>
		</str>		
		<str name="cleanScriptLink" translate="no">
			<val>http://www.adobe.com/go/cscleanertool</val>
		</str>
		<str name="deactivateWarning" translate="yes">
			<val>Opret forbindelse til internettet for at deaktivere, eller fjern markeringen af Deaktiver på det forrige skærmbillede.</val>
		</str>
		<str name="deactivateFailureWarning" translate="yes">
			<val>Deaktiveringen er ikke gennemført. Du kan fortsætte med at afinstallere produktet, men du kan muligvis ikke aktivere det på en anden computer uden at fuldføre deaktiveringen.</val>
		</str>		
	</set>	 

	<set name="thanks">
		<str name="title" translate="yes">
			<val>Tak!</val>
		</str>
		<str name="titleInsStatus" translate="yes">
			<val>Installationsstatus</val>
		</str>
		
		<str name="subtitle" translate="yes">
			<val>Installationen er færdig. Tag næste skridt, og få maksimalt udbytte af softwaren.</val>
		</str>
		<str name="subtitle1" translate="yes">
			<val>Installationen er færdig.</val>
		</str>
		<str name="subtitle2" translate="yes">
			<val>Tag næste skridt, og få maksimalt udbytte af softwaren.</val>
		</str>
		<str name="subtitleSubsClaimFail" translate="yes">
			<val>Vi kan ikke starte dit abonnement på {0}</val>
		</str>
	
		
		<str name="unSubtitle" translate="yes">
			<val>Følgende programmer er afinstalleret:</val>
		</str>

		<str name="unSubtitleNoProductList" translate="yes">
			<val>Afinstallationen er færdig</val>
		</str>

		<str name="appsInstalledHeading" translate="yes">
			<val>Følgende produkter blev installeret</val>
		</str>
		<str name="appInstalledHeading" translate="yes">
			<val>Følgende produkt blev installeret</val>
		</str>

		<str name="services" translate="yes">
			<val>Kom i gang: Adobe-produkter og -tjenester</val>
		</str>
		<str name="noservices" translate="yes">
			<val>Kom i gang: Adobe-produkter</val>
		</str>
		<str name="successWithServices" translate="yes">
			<val>Vi har brugt dit Adobe-id til at registrere din software og konfigurere adgang til Adobe CS Live-tjenesterne.</val>
		</str>
		<str name="successWithoutServices" translate="yes">
			<val>Når du angiver et Adobe-id, registrerer du din software.</val>
		</str>
		<str name="emailVerify" translate="yes">
			<val>E-mail-adressen skal bekræftes, før du kan begynde at bruge Adobe CS Live-tjenesterne. Kontroller indbakken til din e-mail.</val>
		</str>
		<str name="skippedWithServices" translate="yes">
			<val>Der kræves et Adobe-id, for at din software kan registreres, og du kan få adgang til Adobe CS Live-tjenesterne. Du bliver mindet om at angive et Adobe-id, når du bruger softwaren.</val>
		</str>
		<str name="skippedWithoutServices" translate="yes">
			<val>Du skal angive et Adobe-id for at kunne registrere softwaren. Du vil blive mindet om at angive et Adobe-id, når du bruger softwaren.</val>
		</str>
		<str name="trialAdobeIDtext" translate="yes">
			<val>Der skal angives et Adobe-id, for at softwaren kan bruges som prøveversion. Efter den første gang du starter prøveversionen, har du syv dage til at angive et Adobe-id.</val>
		</str>
		<str name="idinfo" translate="yes">
			<val>Vi har brugt dit Adobe-id til at registrere dit produkt og konfigurere adgang til Adobe CS Live-tjenesterne.</val>
		</str>	
		<str name="id" translate="yes">
			<val>Dit Adobe-id registrerer dine produkter.</val>
		</str>
		<str name="provided" translate="yes">
			<val>Når du angiver dit Adobe-id, registrerer du dit produkt.</val>
		</str>
		<str name="idservices" translate="yes">
			<val>Dit Adobe-id registrerer dine produkter og opretter dit abonnement på Adobe CS Live-tjenesterne.</val>
		</str>
		<str name="idis" translate="yes">
			<val>Dit Adobe-id er: {0}</val>
		</str>
		<str name="idnew" translate="yes">
			<val>Dit Adobe-id er: {0}</val>
		</str>
		
		<str name="email" translate="yes">
			<val>Der er sendt en e-mail til denne e-mail-adresse. Adressen skal bekræftes, før du kan bruge Adobe CS Live-tjenesterne.</val>
		</str>
		<str name="videos" translate="yes">
			<val>Vis videoselvstudier</val>
		</str>
		<str name="explore" translate="yes">
			<val>Prøv Adobe CS LIVE-tjenesterne</val>
		</str>
		<str name="videolink" translate="yes">
			<val>http://www.adobe.com/go/adobetv_howto</val>
		</str>		
		<str name="serviceslink" translate="yes">
			<val>http://www.adobe.com/go/cslive_dk</val>
		</str>	
	</set> 
	
	
	<set name="upgrade">
		<str name="title" translate="yes">
			<val>Angiv serienummer – opgradering</val>
		</str>
		<str name="instruct1" translate="yes">
			<val>Det serienummer, du angav, er gyldigt, men der findes ikke et kvalificerende produkt på computeren.</val>
		</str>
		<str name="instruct2" translate="yes">
			<val>Hvis du vil bruge det serienummer, du angav ved opgraderingen, skal du eje et af disse kvalificerende produkter. Vælg det produkt, du ejer, og angiv serienummeret:</val>
		</str>
		<str name="serial" translate="yes">
			<val>Serienummer til dette produkt:</val>
		</str>
		<str name="trial" translate="yes">
			<val>INSTALLER SOM PRØVEPRODUKT</val>
		</str>
		<str name="confirm" translate="yes">
			<val>Dette serienummer bekrćfter {0}.</val>
		</str>
		<str name="second" translate="yes">
			<val>Denne opgradering kræver yderligere et kvalificerende produkt. Vælg det andet produkt, du ejer, og angiv serienummeret til dette produkt:</val>
		</str>
		<str name="selproduct" translate="yes">
			<val>Vælg et produkt</val>
		</str>
		<str name="nogood" translate="yes">
			<val>Dette serienummer er ikke til et kvalificerende produkt. Prøv et andet.</val>
		</str>
		<str name="account" translate="yes">
			<val>Hvis du har registreret produkter tidligere, kan du på {0}din kontoside{1} finde dine eksisterende serienumre.</val>
		</str>
		<str name="support" translate="yes">
			<val>Kontakt {0}Kundesupport{1} for at få yderligere assistance.</val>
		</str>
		<str name="supportlink" translate="no">
			<val>http://www.adobe.com/go/support_loganalyzer</val>
		</str>
		<str name="accountlink" translate="yes">
			<val>http://www.adobe.com/go/adobemembership_dk</val>
		</str>
	</set>
	
	<set name="upcode">
		<str name="header" translate="yes">
			<val>Angiv din opgraderingskode.</val>
		</str>
		<str name="instruct1" translate="yes">
			<val>Oplys følgende kode til medarbejderen i kundeservice, når du bliver bedt om det:</val>
		</str>
		<str name="challenge" translate="yes">
			<val>Kontrolkode</val>
		</str>
		<str name="instruct2" translate="yes">
			<val>Skriv den kode, som medarbejderen i kundeservice giver dig:</val>
		</str>
		<str name="support" translate="yes">
			<val>Supportkode</val>
		</str>
		<str name="codeError" translate="yes">
			<val>Ugyldig supportkode</val>
		</str>
		
	</set>
	
	<set name="dvanote">
		<str name="header" translate="yes">
			<val>Vigtigt</val>
		</str>
		<str name="warning32bit" translate="yes">
			<val>Denne computer kører et 32-bit-operativsystem. Adobe Premiere Pro CS5.5, Adobe Premiere Pro CS5, After Effects CS5.5 og After Effects CS5 kan kun køre på et 64-bit-operativsystem. Hvis du vil bruge disse programmer, skal du opgradere operativsystemet eller installere CS4 i 32-bit-versionerne. {0}Få mere at vide{1} om, hvordan du finder og installerer CS4-versionerne.</val>
		</str>
		<str name="learnMoreLink" translate="yes">
			<val>http://www.adobe.com/go/32bit_installation_dk</val>
		</str>
	</set>

	<set name="nav">
		<str name="welcome" translate="yes">
			<val>VELKOMMEN</val>
		</str>
		<str name="serial" translate="yes">
			<val>SERIENUMMER</val>
		</str>
		<str name="id" translate="yes">
			<val>ADOBE-ID</val>
		</str>
		<str name="options" translate="yes">
			<val>INDSTILLINGER</val>
		</str>
		<str name="unoptions" translate="yes">
			<val>INDSTILLINGER</val>
		</str>
		<str name="install" translate="yes">
			<val>INSTALLER</val>
		</str>
		<str name="uninstall" translate="yes">
			<val>AFINSTALLER</val>
		</str>
		<str name="thanks" translate="yes">
			<val>UDFØR</val>
		</str>
	</set>
	
	
	<set name="systemReq">
		<str name="ram" translate="yes">
			<val>{0} RAM anbefales</val>
		</str>
		<str name="processor" translate="yes">
			<val>{0} processor anbefales</val>
		</str>
		<str name="osWin" translate="yes">
			<val>Windows {0} anbefales</val>
		</str>
		<str name="osMac" translate="yes">
			<val>Mac {0} anbefales</val>
		</str>
		<str name="screen" translate="yes">
			<val>En skærmopløsning på {0} anbefales</val>
		</str>
	</set>
	
	<set name="installErrorCode">
		<str name="code0" translate="yes">
			<val>Installationen er gennemført</val>
		</str>
		<str name="code6" translate="yes">
			<val>Udført med fejl</val>
		</str>
		<str name="code7in" translate="yes">
			<val>Installationen mislykkedes</val>
		</str>
		<str name="code7un" translate="yes">
			<val>Afinstallationen mislykkedes</val>
		</str>
		<str name="code8" translate="yes">
			<val>Udført. Systemet skal genstartes for at processen kan fuldføres</val>
		</str>
		<str name="code11" translate="yes">
			<val>Der kører i forvejen en anden installationsinstans.</val>
		</str>
		<str name="code14" translate="yes">
			<val>Der kræves administratorrettigheder for at installere.</val>
		</str>
		<str name="code14un" translate="yes">
			<val>Der kræves administratorrettigheder for at afinstallere</val>
		</str>
		<str name="code19" translate="yes">
			<val>Der er konflikt mellem igangværende processer</val>
		</str>
		<str name="code24" translate="yes">
			<val>Installationen er annulleret</val>
		</str>
		<str name="code15" translate="yes">
			<val>Der er inkonsekvens i installationsdatabasen. Genstart computeren, og installer igen.</val>
		</str>
		<str name="code31" translate="yes">
			<val>De valgte indstillinger fylder mere end den tilgængelige plads på harddisken. Vælg en harddisk med nok plads, og kør installationsprogrammet igen.</val>
		</str>
		<str name="code9999" translate="yes">
			<val>Der opstod en intern fejl</val>
		</str>
		<str name="internalError" translate="yes">
			<val>Der opstod en fejl ({0}) under installationen. Genstart computeren, og prøv igen.</val>
		</str>
		<str name="uninternalError" translate="yes">
			<val>Der opstod en fejl ({0}) under fjernelse af installationen. Genstart computeren, og prøv igen.</val>
		</str>
	</set>
	
	<set name="prescreenResponse">
		<str name="header_NOT_ENABLED" translate="yes">
			<val>Dit abonnement på {0} er udløbet</val>
		</str>
		<str name="body_NOT_ENABLED" translate="yes">
			<val>Forny dit abonnement, eller klik på Tilbage, og installer produktet som en prøveversion.</val>
		</str>
		<str name="footerLinkText_NOT_ENABLED" translate="yes">
			<val>Forny mit abonnement</val>
		</str>
		<str name="footerLink_NOT_ENABLED" translate="no">
			<val>http://www.adobe.com/go/subscriptionedition</val>
		</str>
		
		<str name="header_OFFLINE" translate="yes">
			<val>Der kan ikke oprettes forbindelse til internettet</val>
		</str>
		<str name="body_OFFLINE" translate="yes">
			<val>Du skal have en aktiv internetforbindelse for at kunne bruge dette produkt. Kontroller dine forbindelsesindstillinger, og vælg Prøv igen. Kontakt kundesupport, hvis der stadig er problemer, eller vælg Tilbage for at installere dette produkt som en prøveversion.</val>
		</str>
		<str name="footerLinkText_OFFLINE" translate="yes">
			<val>Kontakt kundesupport</val>
		</str>
		<str name="footerLink_OFFLINE" translate="yes">
			<val>http://www.adobe.com/go/support_dk</val>
		</str>
		
		<str name="header_GENERIC_ERROR" translate="yes">
			<val>Vi kan ikke starte dit abonnement på {0}</val>
		</str>
		<str name="body_GENERIC_ERROR" translate="yes">
			<val>Fuldfør installationen ved at vælge at installere produktet som en prøveversion. Når du har installeret softwaren og startet programmet, bliver du bedt om at starte abonnementet.</val>
		</str>
		<str name="footerLinkText_GENERIC_ERROR" translate="yes">
			<val>Kontakt kundesupport</val>
		</str>
		<str name="footerLink_GENERIC_ERROR" translate="yes">
			<val>http://www.adobe.com/go/support_dk</val>
		</str>
	</set>
	
	<set name="subsClaimResponse">
		<str name="failureStatusHeading" translate="yes">
			<val>Dit abonnement på {0} kan ikke startes</val>
		</str>
		<str name="successStatusHeading" translate="yes">
			<val>Introduktion: Adobe-produkter og -tjenester</val>
		</str>
		
		<str name="adobeIDInfo" translate="yes">
			<val>Vi har brugt dit Adobe-id til at starte dit abonnement på {0} og konfigurere adgang til Adobe CS Live-tjenester.</val>
		</str>
		
		<str name="idis" translate="yes">
			<val>Dit Adobe-id er: {0}</val>
		</str>
		<str name="idnew" translate="yes">
			<val>Dit Adobe-id er: {0}</val>
		</str>
		
		<str name="emailVerify" translate="yes">
			<val>Der kræves e-mail-bekræftelse, for at du kan begynde at bruge Adobe CS Live-tjenester. Kontroller din e-mail-indbakke.</val>
		</str>
		

		<str name="supLinkURL_EXCEPTION_DECODE_FAILED" translate="yes">
			<val>http://www.adobe.com/go/support_dk</val>
		</str>			
		<str name="supLinkURL_EXCEPTION_NO_SUCH_USER" translate="yes">
			<val>http://www.adobe.com/go/support_dk</val>
		</str>		
		<str name="supLinkURL_EXCEPTION_INVALID_DATA" translate="yes">
			<val>http://www.adobe.com/go/support_dk</val>
		</str>
		<str name="supLinkURL_EXCEPTION_SKU_LOOKUP_FAILED" translate="yes">
			<val>http://www.adobe.com/go/support_dk</val>
		</str>		
		<str name="supLinkURL_EXCEPTION_AUTHENTICATION_TIMEOUT" translate="yes">
			<val>http://www.adobe.com/go/support_dk</val>
		</str>
		<str name="supLinkURL_EXCEPTION_SNSERVER_TIMEOUT" translate="yes">
			<val>http://www.adobe.com/go/support_dk</val>
		</str>
		<str name="supLinkURL_EXCEPTION_INTERNAL_TIMEOUT" translate="yes">
			<val>http://www.adobe.com/go/support_dk</val>
		</str>
		<str name="supLinkURL_EXCEPTION_INTERNAL_SERVER_ERROR" translate="yes">
			<val>http://www.adobe.com/go/support_dk</val>
		</str>
		<str name="supLinkURL_EXCEPTION_SYSTEM_UNAVAILABLE_time" translate="yes">
			<val>http://www.adobe.com/go/support_dk</val>
		</str>
		<str name="supLinkURL_EXCEPTION_SYSTEM_UNAVAILABLE" translate="yes">
			<val>http://www.adobe.com/go/support_dk</val>
		</str>
		<str name="supLinkURL_EXCEPTION_COMPANY_CODE_MISMATCH" translate="yes">
			<val>http://www.adobe.com/go/subscription_learnmore_dk</val>
		</str>
		<str name="supLinkURL_EXCEPTION_SUBSCRIPTION_ALREADY_CLAIMED_DIFF_ADOBEID" translate="yes">
			<val>http://www.adobe.com/go/support_dk</val>
		</str>
		<str name="supLinkURL_ERROR_WITH_INFO" translate="yes">
			<val>http://www.adobe.com/go/support_dk</val>
		</str>
		<str name="supLinkURL_GENERIC" translate="yes">
			<val>http://www.adobe.com/go/support_dk</val>
		</str>
		
		
		<str name="supLinkLbl_EXCEPTION_DECODE_FAILED" translate="yes">
			<val>Kontakt kundesupport</val>
		</str>			
		<str name="supLinkLbl_EXCEPTION_NO_SUCH_USER" translate="yes">
			<val>Kontakt kundesupport</val>
		</str>		
		<str name="supLinkLbl_EXCEPTION_INVALID_DATA" translate="yes">
			<val>Kontakt kundesupport</val>
		</str>
		<str name="supLinkLbl_EXCEPTION_SKU_LOOKUP_FAILED" translate="yes">
			<val>Kontakt kundesupport</val>
		</str>		
		<str name="supLinkLbl_EXCEPTION_AUTHENTICATION_TIMEOUT" translate="yes">
			<val>Kontakt kundesupport</val>
		</str>
		<str name="supLinkLbl_EXCEPTION_SNSERVER_TIMEOUT" translate="yes">
			<val>Kontakt kundesupport</val>
		</str>
		<str name="supLinkLbl_EXCEPTION_INTERNAL_TIMEOUT" translate="yes">
			<val>Kontakt kundesupport</val>
		</str>
		<str name="supLinkLbl_EXCEPTION_INTERNAL_SERVER_ERROR" translate="yes">
			<val>Kontakt kundesupport</val>
		</str>
		<str name="supLinkLbl_EXCEPTION_SYSTEM_UNAVAILABLE_time" translate="yes">
			<val>Kontakt kundesupport</val>
		</str>
		<str name="supLinkLbl_EXCEPTION_SYSTEM_UNAVAILABLE" translate="yes">
			<val>Kontakt kundesupport</val>
		</str>
		<str name="supLinkLbl_EXCEPTION_SUBSCRIPTION_ALREADY_CLAIMED_DIFF_ADOBEID" translate="yes">
			<val>Kontakt kundesupport</val>
		</str>
		<str name="supLinkLbl_EXCEPTION_COMPANY_CODE_MISMATCH" translate="yes">
			<val>Få mere at vide</val>
		</str>
		<str name="supLinkLbl_ERROR_WITH_INFO" translate="yes">
			<val>Kontakt kundesupport</val>
		</str>
		<str name="supLinkLbl_GENERIC" translate="yes">
			<val>Kontakt kundesupport</val>
		</str>
		
		
		<str name="code_EXCEPTION_DECODE_FAILED" translate="yes">
			<val>Du bliver bedt om at starte abonnementet, når du starter produktet.</val>
		</str>			
		<str name="code_EXCEPTION_NO_SUCH_USER" translate="yes">
			<val>Du bliver bedt om at starte abonnementet, når du starter produktet.</val>
		</str>		
		<str name="code_EXCEPTION_INVALID_DATA" translate="yes">
			<val>Du bliver bedt om at starte abonnementet, når du starter produktet.</val>
		</str>
		<str name="code_EXCEPTION_SKU_LOOKUP_FAILED" translate="yes">
			<val>Du bliver bedt om at starte abonnementet, når du starter produktet.</val>
		</str>		
		<str name="code_EXCEPTION_AUTHENTICATION_TIMEOUT" translate="yes">
			<val>Vent et øjeblik, og prøv igen. Når du starter produktet, bliver du også bedt om at starte abonnementet.</val>
		</str>
		<str name="code_EXCEPTION_SNSERVER_TIMEOUT" translate="yes">
			<val>Vent et øjeblik, og prøv igen. Når du starter produktet, bliver du også bedt om at starte abonnementet.</val>
		</str>
		<str name="code_EXCEPTION_INTERNAL_TIMEOUT" translate="yes">
			<val>Vent et øjeblik, og prøv igen. Når du starter produktet, bliver du også bedt om at starte abonnementet.</val>
		</str>
		<str name="code_EXCEPTION_INTERNAL_SERVER_ERROR" translate="yes">
			<val>Vent et øjeblik, og prøv igen. Når du starter produktet, bliver du også bedt om at starte abonnementet.</val>
		</str>
		<str name="code_EXCEPTION_SYSTEM_UNAVAILABLE_time" translate="yes">
			<val>Vores servere er offline i øjeblikket på grund af planlagt vedligeholdelse. Vi undskylder forsinkelsen og beder dig om at prøve igen kl. {0}. Når du starter produktet, bliver du bedt om at starte abonnementet.</val>
		</str>
		<str name="code_EXCEPTION_SYSTEM_UNAVAILABLE" translate="yes">
			<val>Vores servere er offline i øjeblikket på grund af planlagt vedligeholdelse. Vi undskylder forsinkelsen. Når du starter produktet, bliver du bedt om at starte abonnementet.</val>
		</str>
		<str name="code_EXCEPTION_COMPANY_CODE_MISMATCH" translate="yes">
			<val>Det land, som produktet er købt i, svarer ikke til det land, der er angivet i din Adobe-konto. Du bliver bedt om at logge på med et andet Adobe-id, når du starter produktet.</val>
		</str>
		<str name="code_EXCEPTION_SUBSCRIPTION_ALREADY_CLAIMED_DIFF_ADOBEID" translate="yes">
			<val>Vores registreringer viser, at dette abonnement i øjeblikket er tildelt til et andet Adobe-id. Du bliver bedt om at logge på med et andet Adobe-id, når du starter produktet. Kontakt kundesupport, hvis problemet fortsætter.</val>
		</str>
		<str name="code_ESS_TIMEOUT" translate="yes">
			<val>Vent et øjeblik, og prøv igen. Når du starter produktet, bliver du også bedt om at starte abonnementet.</val>
		</str>
		
		<str name="code_ESS_FAILURE" translate="yes">
			<val>Vent et øjeblik, og prøv igen. Når du starter produktet, bliver du også bedt om at starte abonnementet.</val>
		</str>
		
		<str name="code_GENERIC" translate="yes">
			<val>Du bliver bedt om at starte abonnementet, når du starter produktet.</val>
		</str>
	</set>
	
	<set name="claimResponse">
		<str name="code_" translate="yes">
			<val></val>
		</str>
		<str name="code_NonSaas_FAILURE" translate="yes">
			<val>Produktet kunne ikke registreres på nuværende tidspunkt. Prøv igen senere.</val>
		</str>
		<str name="code_EXCEPTION_DECODE_FAILED" translate="yes">
			<val>Ugyldigt serienummer. Dit abonnement på Adobe CS Live kunne ikke træde i kraft.</val>
		</str>
		<str name="code_EXCEPTION_NO_SUCH_USER" translate="yes">
			<val>Dit abonnement på Adobe CS Live kunne ikke træde i kraft. Prøv igen senere.</val>
		</str>
		<str name="code_EXCEPTION_INVALID_DATA" translate="yes">
			<val>Dit abonnement på Adobe CS Live kunne ikke træde i kraft. Prøv igen senere.</val>
		</str>
		<str name="code_EXCEPTION_WCD_TIMEOUT" translate="yes">
			<val>Dit abonnement på Adobe CS Live kunne ikke træde i kraft. Prøv igen senere.</val>
		</str>
		<str name="code_EXCEPTION_AUTHENTICATION_TIMEOUT" translate="yes">
			<val>Dit abonnement på Adobe CS Live kunne ikke træde i kraft. Prøv igen senere.</val>
		</str>
		<str name="code_EXCEPTION_SNSERVER_TIMEOUT" translate="yes">
			<val>Dit abonnement på Adobe CS Live kunne ikke træde i kraft. Prøv igen senere.</val>
		</str>
		<str name="code_EXCEPTION_WCD_SESSION_TIMEOUT" translate="yes">
			<val>Dit abonnement på Adobe CS Live kunne ikke træde i kraft. Prøv igen senere.</val>
		</str>
		<str name="code_ESS_TIMEOUT" translate="yes">
			<val>Dit abonnement på Adobe CS Live kunne ikke træde i kraft. Prøv igen senere.</val>
		</str>
		<str name="code_ESS_FAILURE" translate="yes">
			<val>Dit abonnement på Adobe CS Live kunne ikke træde i kraft. Prøv igen senere.</val>
		</str>
		<str name="code_EXCEPTION_INTERNAL_TIMEOUT" translate="yes">
			<val>Dit abonnement på Adobe CS Live kunne ikke træde i kraft. Prøv igen senere.</val>
		</str>
		<str name="code_EXCEPTION_INTERNAL_SERVER_ERROR" translate="yes">
			<val>Dit abonnement på Adobe CS Live kunne ikke træde i kraft. Prøv igen senere.</val>
		</str>
		<str name="code_EXCEPTION_SUBSCRIPTION_ALREADY_CLAIMED" translate="yes">
			<val>Du er allerede tilmeldt Adobe CS Live. Log på for at bruge tjenesten.</val>
		</str>
		<str name="code_EXCEPTION_CLAIM_ALREADY_PROCESSED" translate="yes">
			<val>Dette serienummer er allerede tilknyttet et andet Adobe CS Live-abonnement. Log på for at bruge tjenesten.</val>
		</str>
		<str name="code_EXCEPTION_SYSTEM_UNAVAILABLE_time" translate="yes">
			<val>Adobe-registreringsserveren er i øjeblikket under vedligeholdelse og forventes at være tilgængelig kl. {0}. Vi beklager ulejligheden. Prøv igen på det tidspunkt.</val>
		</str>
		<str name="code_EXCEPTION_SYSTEM_UNAVAILABLE" translate="yes">
			<val>Adobe-registreringsserveren er i øjeblikket under vedligeholdelse. Vi beklager ulejligheden. Prøv igen senere.</val>
		</str>
		<str name="code_EXCEPTION_SYSTEM_UNAVAILABLE_time_saas" translate="yes">
			<val>Adobe CS Live er i øjeblikket under vedligeholdelse og forventes at være tilgængelig kl. {0}. Vi beklager ulejligheden. Prøv igen på det tidspunkt.</val>
		</str>
		<str name="code_EXCEPTION_SYSTEM_UNAVAILABLE_saas" translate="yes">
			<val>Adobe CS Live er i øjeblikket under vedligeholdelse. Vi beklager ulejligheden. Prøv igen senere.</val>
		</str>
	</set>	
	
	<set name="alert">
		<str name="alertHeader" translate="yes">
			<val>Adobe-installationsprogram</val>
		</str>
		<str name="workflowCloseError" translate="yes">
			<val>Der opstod et problem ved lukning af andre Ikke-installationsprocesser. Luk dem, og klik på Installer for at påbegynde installationen igen</val>
		</str>
		<str name="workflowNeedCloseMessage" translate="yes">
			<val>Der kører andre forekomster af Adobe Application Manager i øjeblikket. Luk dem for at fortsætte.</val>
		</str>
		<str name="cancelMsg" translate="yes">
			<val>Er det sikkert, at du vil annullere?</val>
		</str>
		<str name="payloadDataError" translate="yes">
			<val>Installationsprogrammet blev ikke initialiseret</val>
		</str>
		<str name="payloadMappingError" translate="yes">
			<val>Installationsprogrammet blev ikke initialiseret</val>
		</str>
		<str name="driverSystemRequirementError" translate="yes">
			<val>Dette produkts minimumkrav til systemet er ikke opfyldt.</val>
		</str>
		<str name="driverConflictError" translate="yes">
			<val>Der findes en betaversion eller en version, der skaber konflikt, af {0} på denne computer. Versionen, som skaber konflikt, skal fjernes, før der installeres fra det aktuelle medie.</val>
		</str>
		<str name="eulaDeclineMsg" translate="yes">
			<val>Du skal acceptere Adobe-slutbrugerlicensaftalen for at fortsætte. Er det sikkert, at du vil afslå?</val>
		</str>
		<str name="authAdobeID" translate="yes">
			<val>Godkender Adobe-id...</val>
		</str>
		<str name="sharedComponentMsgInstall" translate="yes">
			<val>Delte komponenter installeres. Vent... Det kan tage nogle minutter afhængigt af tidligere installerede komponenter.</val>
		</str>
		<str name="sharedComponentMsgUninstall" translate="yes">
			<val>Delte komponenter afinstalleres. Vent... Det kan tage nogle minutter afhængigt af tidligere installerede komponenter.</val>
		</str>
		<str name="diskPrompt" translate="yes">
			<val>Sæt disken mærket {0} i drev {1}</val>
		</str>
		<str name="noDriverError" translate="yes">
			<val>Kan ikke finde driverdataene</val>
		</str>
		<str name="installerNotApplicable" translate="yes">
			<val>{0} kan kun installeres på et 64-bit system</val>
		</str>
		<str name="deactivateMessage" translate="yes">
			<val>Deaktiverer. Vent...</val>
		</str>
		<str name="deactivateFailMessage" translate="yes">
			<val>Produktet kunne ikke deaktiveres.</val>
		</str>
		<str name="restartMessage" translate="yes">
			<val>Det anbefales at genstarte computeren.</val>
		</str>
		
		<str name="connecting" translate="yes">
			<val>Opretter forbindelse...</val>
		</str>
		
	</set>	
	
	
	<set name="isoToLanguage">
		<str name="ar_AE" translate="no"><val>العربية</val></str>
		<str name="en_GB" translate="no"><val>English (International)</val></str> 
		<str name="fr_CA" translate="no"><val>Français canadien</val></str>
		<str name="es_QM" translate="no"><val>Español (Middle East)</val></str>
		<str name="es_LA" translate="no"><val>Español de América Latina</val></str>
		<str name="es_NA" translate="no"><val>Español Norteamericano</val></str>
		<str name="bg_BG" translate="no"><val>Български</val></str>
		<str name="lv_LV" translate="no"><val>Latviešu</val></str>
		<str name="et_EE" translate="no"><val>Eesti</val></str>
		<str name="hr_HR" translate="no"><val>hrvatski</val></str>
		<str name="sl_SI" translate="no"><val>slovenščina</val></str>
		<str name="sk_SK" translate="no"><val>slovenčina</val></str>
		<str name="th_TH" translate="no"><val>ภาษาไทย</val></str> 
		<str name="vi_VN" translate="no"><val>Việt</val></str>
		<str name="en_XC" translate="no"><val>English (Central Europe)</val></str> 
		<str name="en_XM" translate="no"><val>English (Middle East)</val></str>
		<str name="fr_XM" translate="no"><val>Français Oriental Moyen</val></str>
		<str name="sq_AL" translate="no"><val>Shqip</val></str> 
		<str name="ar_SA" translate="no"><val>العربية</val></str>
		<str name="be_BY" translate="no"><val>Беларуская</val></str> 
		<str name="ca_ES" translate="no"><val>Català</val></str> 
		<str name="hi_IN" translate="no"><val>हिन्दी</val></str>
		<str name="is_IS" translate="no"><val>Íslenska</val></str> 
		<str name="lt_LT" translate="no"><val>Lietuvių</val></str>
		<str name="mk_MK" translate="no"><val>македонски</val></str>
		<str name="nn_NO" translate="no"><val>Norsk (Nynorsk)</val></str>
		<str name="pt_PT" translate="no"><val>Português de Portugal</val></str> 
		<str name="sh_YU" translate="no"><val>Srpsko-Hrvatski</val></str> 
		<str name="sr_YU" translate="no"><val>Cрпски</val></str> 
		<str name="kk_KZ" translate="no"><val>Қазақ</val></str>
		<str name="az_AZ" translate="no"><val>Azərbaycan dili</val></str> 
		<str name="es_MX" translate="no"><val>Español (América Latina)</val></str>
		<str name="no_NO" translate="no"><val>Norwegian</val></str> 
		<str name="cs_CZ" translate="no"><val>Česky</val></str>
		<str name="de_DE" translate="no"><val>Deutsch</val></str>
		<str name="el_GR" translate="no"><val>Ελληνικά</val></str>
		<str name="en_US" translate="no"><val>English (North America)</val></str> 
		<str name="es_ES" translate="no"><val>Español</val></str> 
		<str name="fr_FR" translate="no"><val>Français</val></str>
		<str name="he_IL" translate="no"><val>עברית</val></str> 
		<str name="hu_HU" translate="no"><val>Magyar</val></str> 
		<str name="it_IT" translate="no"><val>Italiano</val></str>
		<str name="ja_JP" translate="no"><val>日本語</val></str>
		<str name="ko_KR" translate="no"><val>한국어</val></str>
		<str name="nl_NL" translate="no"><val>Nederlands</val></str>
		<str name="pl_PL" translate="no"><val>Polski</val></str>
		<str name="ro_RO" translate="no"><val>Română</val></str>
		<str name="ru_RU" translate="no"><val>Pусский</val></str>
		<str name="sv_SE" translate="no"><val>Svenska</val></str>
		<str name="tr_TR" translate="no"><val>Türkçe</val></str>
		<str name="uk_UA" translate="no"><val>Українська</val></str>
		<str name="zh_CN" translate="no"><val>简体中文</val></str>
		<str name="zh_TW" translate="no"><val>繁體中文</val></str>
		<str name="da_DK" translate="no"><val>Dansk</val></str>
		<str name="fi_FI" translate="no"><val>Suomi</val></str>
		<str name="nb_NO" translate="no"><val>Norsk (Bokmål)</val></str> 
		<str name="pt_BR" translate="no"><val>Português do Brasil</val></str>
	</set>	
</asf>
