<?xml version='1.0' encoding='utf-8'?>
<!DOCTYPE asf SYSTEM "http://ns.adobe.com/asf/asf_1_0.dtd" >
<asf xmlns="http://ns.adobe.com/asf" locale="nl_NL" version="1.0">
	
	<set name="common">
		<str name="adobeProduct" translate="yes">
			<val>Adobe-product</val>
		</str>
		<str name="adobeTrial" translate="yes">
			<val>Proefversie Adobe-product</val>
		</str>
		<str name="actPolicy" translate="yes">
			<val>Activeringsbeleid van Adobe</val>
		</str>
		<str name="subEdition" translate="no">
			<val>Subscription Edition</val>
		</str>
		<str name="progressMessage" translate="yes">
			<val>Verbinding maken...</val>
		</str>
	</set>
	
	<set name="provision">
		<str name="buy" translate="yes">
			<val>NU KOPEN</val>
		</str>			
		<str name="remain" translate="yes">
			<val>DAGEN OVER</val>
		</str>
		<str name="authAdobeID" translate="yes">
			<val>Adobe-id verifiëren...</val>
		</str>
	</set>

	<set name="eula">
		<str name="eula" translate="yes">
			<val>Softwarelicentieovereenkomst van Adobe</val>
		</str>
		<str name="view" translate="yes">
			<val>Weergeven in:</val>
		</str>
		<str name="accept" translate="yes">
			<val>ACCEPTEREN</val>
		</str>
		<str name="decline" translate="yes">
			<val>WEIGEREN</val>
		</str>		
		<str name="quit" translate="yes">
			<val>AFSLUITEN</val>
		</str>		
	</set>

	<set name="activate">
		<str name="title" translate="yes">
			<val>Activering</val>
		</str>
		<str name="progress" translate="yes">
			<val>Activeren...</val>
		</str>			
		<str name="fail" translate="yes">
			<val>Activeringsfout</val>
		</str>			
		<str name="contact" translate="yes">
			<val>We nemen contact op met Adobe om deze versie van {0} te activeren met het serienummer dat u hebt opgegeven.</val>
		</str>
		<str name="contact_forced" translate="yes">
			<val>We nemen contact op met Adobe om dit exemplaar van {0} te activeren</val>
		</str>
		<str name="limit" translate="yes">
			<val>Activeringslimiet bereikt voor {0}.</val>
		</str>	
		<str name="already" translate="yes">
			<val>Dit serienummer is al geactiveerd op twee computers.</val>
		</str>
		<str name="alreadyError" translate="yes">
			<val>Dit serienummer is al geactiveerd op twee computers. U moet dit probleem corrigeren om door te gaan.</val>
		</str>
		<str name="retryOption" translate="yes">
			<val>Opnieuw activeren. Ik heb een van mijn andere computers al gedeactiveerd.</val>
		</str>
		<str name="subRetryOption" translate="yes">
			<val>U moet alle computers deactiveren en de activering opnieuw uitvoeren.</val>
		</str>	
		<str name="provide" translate="yes">
			<val>Een ander serienummer voor dit product opgeven.</val>
		</str>	
		<str name="provideBlurb" translate="yes">
			<val>U hebt een Adobe-id nodig als u deze software wilt gebruiken als proefversie.</val>
		</str>	
		<str name="serialBlurb" translate="yes">
			<val>Geef een serienummer op.</val>
		</str>	
		<str name="serialNumberMessage" translate="yes">
			<val>Dit serienummer wordt gebruikt voor: {0}</val>
		</str>
		<str name="serialActivationMessage" translate="yes">
			<val>Conform de softwarelicentieovereenkomst wordt automatisch geprobeerd om de software via internet te activeren. Zie {0}www.adobe.com/activation{1} voor meer informatie.</val>
		</str>
		<str name="activationLink" translate="yes">
			<val>http://www.adobe.com/go/activation_nl</val>
		</str>
		<str name="buyWarning1" translate="yes">
			<val>Als u Mij later eraan herinneren selecteert, hebt u {0} dagen om het probleem te corrigeren voordat de software niet meer werkt.</val>
		</str>	
		<str name="buyWarning2" translate="yes">
			<val>Dit is de laatste keer dat u dit product kunt gebruiken, tenzij u het probleem oplost.</val>
		</str>	
		<str name="buyWarning3" translate="yes">
			<val>U moet dit probleem oplossen om dit product nog te kunnen gebruiken.</val>
		</str>	
		<str name="buyWarningRefuse" translate="yes">
			<val>Als u Mij later eraan herinneren selecteert, moet u het probleem corrigeren wanneer u het product opnieuw start.</val>
		</str>	
		<str name="buyWarningRefuse2" translate="yes">
			<val>U bent verplicht dit probleem op te lossen om dit product nog te kunnen gebruiken.</val>
		</str>
		<str name="learn" translate="yes">
			<val>Raadpleeg het {0}Activeringsbeleid van Adobe{1} voor meer informatie.</val>
		</str>
		<str name="learnlink" translate="yes">
			<val>http://www.adobe.com/go/activation_nl</val>
		</str>
		<str name="invalid" translate="yes">
			<val>Ongeldig serienummer</val>
		</str>	
		<str name="sninvalid" translate="yes">
			<val>Dit serienummer is mogelijk ongeldig.</val>
		</str>	
		<str name="hasfailure" translate="yes">
			<val>We konden uw product niet activeren. Druk op Opnieuw om het nogmaals te proberen. Raadpleeg het {0}Activeringsbeleid van Adobe{1} voor meer informatie.</val>
		</str>
		<str name="hasfailure1" translate="yes">
			<val>We kunnen uw product niet activeren. Klik op Opnieuw. Raadpleeg het {0}Activeringsbeleid van Adobe{1} voor meer informatie.</val>
		</str>
		<str name="mustDeactivate" translate="yes">
			<val>Deactiveer een van de andere geactiveerde exemplaren om dit product te activeren.</val>
		</str>	
		<str name="howTo" translate="yes">
			<val>Deactiveren:</val>
		</str>	
		<str name="deactivateInstruct" translate="yes">
			<val>Start een van de andere versies van {0}, klik op het menu Help en kies Deactiveren. Start vervolgens deze versie opnieuw. Als u al hebt gedeactiveerd, probeert u het opnieuw.</val>
		</str>	
		<str name="errorCode" translate="yes">
			<val>Foutcode: {0}</val>
		</str>
		<str name="errorCode1" translate="yes">
			<val>Foutcode: #{0}</val>
		</str>
		<str name="success" translate="yes">
			<val>Dit exemplaar van {0} is geactiveerd en klaar voor gebruik.</val>
		</str>
		<str name="error" translate="yes">
			<val>Maak verbinding met internet en kies Doorgaan</val>
		</str>			
		<str name="assist" translate="yes">
			<val>Ondersteuning bij verbindingen</val>
		</str>
		<str name="assistlink" translate="yes">
			<val>http://www.adobe.com/go/activation_nl</val>
		</str>		
		<str name="try" translate="yes">
			<val>OPNIEUW PROBEREN</val>
		</str>			
		<str name="later" translate="yes">
			<val>LATER ACTIVEREN</val>
		</str>			
		<str name="close" translate="yes">
			<val>SLUITEN</val>
		</str>
		<str name="quit" translate="yes">
			<val>AFSLUITEN</val>
		</str>
		<str name="done" translate="yes">
			<val>GEREED</val>
		</str>
		<str name="remind" translate="yes">
			<val>MIJ LATER ERAAN HERINNEREN</val>
		</str>
		<str name="continue" translate="yes">
			<val>DOORGAAN</val>
		</str>
		<str name="retry" translate="yes">
			<val>OPNIEUW</val>
		</str>
		<str name="back" translate="yes">
			<val>TERUG</val>
		</str>			
		<str name="errCode" translate="yes">
			<val>Foutcode: </val>
		</str>
		<str name="unknownErr" translate="yes">
			<val>Onbekend</val>
		</str>
		<str name="serialError" translate="yes">
			<val>Dit serienummer is niet geldig voor dit product.</val>
		</str>
		<str name="denybuyLink" translate="no">
			<val>http://www.adobe.com/go/denybuy</val>
		</str>
	</set>

	<set name="inAppTrial">
		<str name="serial" translate="yes">
			<val>SERIENUMMER INVOEREN</val>
		</str>
		<str name="contentLoading" translate="yes">
			<val>Inhoud laden...</val>
		</str>
	</set>
	
	<set name="privacy">
		<str name="title" translate="yes">
			<val>Privacyinstellingen</val>
		</str>
		<str name="content" translate="yes">
			<val>Adobe maakt gebruik van bij het downloaden en tijdens het gebruiken van de proefversie van het product verzamelde gegevens om u een aangepaste ervaring te bieden.{0}Adobe kan de verzamelde gegevens ook intern gebruiken om de ervaring van de klant te evalueren en te verbeteren. Op geen enkel moment wordt uw gebruik van deze proefversie aan persoonlijke gegevens gekoppeld.{0}Als u wilt dat Adobe in het geheel geen gegevens verzamelt met betrekking tot uw gebruik van deze proefversie, kunt u dit uitschakelen door het selectievakje hieronder te selecteren. De volgende keer dat u de proefversie start, worden er geen gegevens met betrekking tot de proefversie verzameld, en wordt aangepaste inhoud uitgeschakeld.{0}Zie voor meer informatie over het privacybeleid van Adobe ons {1}online privacybeleid{2}.</val>
		</str>
		<str name="privacyLink" translate="yes">
			<val>http://www.adobe.com/go/privacy_nl</val>
		</str>
		<str name="request" translate="yes">
			<val>Schakel aangepaste inhoud uit.</val>
		</str>
		<str name="ok" translate="yes">
			<val>OK</val>
		</str>
		<str name="cancel" translate="yes">
			<val>ANNULEREN</val>
		</str>
	</set>
	
	<set name="video">
		<str name="playAgain" translate="yes">
			<val>Opnieuw afspelen</val>
		</str>
		<str name="nextTut" translate="yes">
			<val>Volgende</val>
		</str>
		<str name="loading" translate="yes">
			<val>Video laden...</val>
		</str>
		<str name="error" translate="yes">
			<val>Fout bij laden van inhoud\nProbeer het later opnieuw.</val>
		</str>
		<str name="tryAgain" translate="yes">
			<val>Opnieuw proberen.</val>
		</str>
		<str name="escapeExit" translate="yes">
			<val>Gebruik ESC om de Uitgebreide schermmodus af te sluiten.</val>
		</str>
	</set>
	
	
	<set name="trial">
		<str name="title" translate="yes">
			<val>Proefversie {0}</val>
		</str>
		<str name="back" translate="yes">
			<val>TERUG</val>
		</str>
		<str name="serial" translate="yes">
			<val>Een serienummer opgeven</val>
		</str>
		<str name="lang" translate="yes">
			<val>Taal:</val>
		</str>	
		<str name="trial" translate="yes">
			<val>Blijven gebruiken als proefversie</val>
		</str>
		<str name="continue" translate="yes">
			<val>DOORGAAN MET PROEFVERSIE</val>
		</str>
		<str name="continueSerial" translate="yes">
			<val>DOORGAAN</val>
		</str>
		<str name="start" translate="yes">
			<val>PROEFVERSIE STARTEN</val>
		</str>
		<str name="cancel" translate="yes">
			<val>ANNULEREN</val>
		</str>
		<str name="close" translate="yes">
			<val>SLUITEN</val>
		</str>
		<str name="quit" translate="yes">
			<val>AFSLUITEN</val>
		</str>
		<str name="skip" translate="yes">
			<val>OVERSLAAN</val>
		</str>
		<str name="serialError" translate="yes">
			<val>Dit serienummer is niet geldig voor dit product.</val>
		</str>
		<str name="instruct" translate="yes">
			<val>Een Adobe-id is vereist om deze software als proefversie te kunnen gebruiken. U hebt 7 dagen vanaf de eerste keer dat u uw proefversie start om een Adobe-id in te voeren.</val>
		</str>			
		<str name="locateTT" translate="yes">
			<val>Het serienummer is vermeld op de achterkant van de dvd-hoes, op het certificaat voor uw Adobe Open Options-licentie of in het bevestigingsbericht dat u hebt ontvangen van de Adobe Store (alleen voor aankopen via download).</val>
		</str>
		<str name="one" translate="yes">
			<val>U kunt dit product nog één keer gebruiken. Daarna moet u een serienummer invoeren voordat u kunt doorgaan.</val>
		</str>
		<str name="nomore" translate="yes">
			<val>U kunt deze proefversie omzetten door het product te kopen en het serienummer in te voeren.</val>
		</str>
		<str name="license" translate="yes">
			<val>Softwarelicentieovereenkomst van Adobe</val>
		</str>	
		<str name="eulaLink" translate="yes">
			<val>http://www.adobe.com/go/eulas_nl</val>
		</str>		
		<str name="expire" translate="yes">
			<val>Uw proefversie is verlopen.</val>
		</str>			
		<str name="used" translate="yes">
			<val>Dit serienummer wordt gebruikt voor: {0}</val>
		</str>			
		<str name="agree" translate="yes">
			<val>De software probeert automatisch te activeren via internet, zoals omschreven in de Softwarelicentieovereenkomst. Zie {0}www.adobe.com/nl/activation{1} voor meer informatie.</val>
		</str>
		<str name="activationLink" translate="yes">
			<val>http://www.adobe.com/go/activation_nl</val>
		</str>
		<str name="buyLink" translate="no">
			<val>http://www.adobe.com/go/buy</val>
		</str>			
	</set>

	<set name="trialerror">
		<str name="warning" translate="yes">
			<val>Probleem met proefversie.</val>
		</str>
		<str name="instruct" translate="yes">
			<val>Er is een probleem met het starten van uw proefversie van {0}. Ga terug en voer uw serienummer in als u dit product wilt blijven gebruiken.</val>
		</str>
	</set>

	<set name="deactivate">
		<str name="title" translate="yes">
			<val>Deactivering</val>
		</str>
		<str name="instruct" translate="yes">
			<val>Door deactivering kunt u uw Adobe-product op een andere computer activeren, op voorwaarde dat u zich aan de {0}Softwarelicentieovereenkomst{1} houdt. Zorg dat u verbinding hebt met internet voordat u het product deactiveert.</val>
		</str>
		<str name="instructSubscription" translate="yes">
			<val>Deactivering annuleert uw abonnement niet. Ga naar {0}adobe.com/nl{1} om uw abonnement te wijzigen.</val>
		</str>
		<str name="subscriptionLink" translate="no">
			<val>http://www.adobe.com/go/subscriptionedition</val>
		</str>
		<str name="button1" translate="yes">
			<val>ACTIVERING OPSCHORTEN</val>
		</str>
		<str name="button2" translate="yes">
			<val>PERMANENT DEACTIVEREN</val>
		</str>
		<str name="tooltip1" translate="yes">
			<val>Hiermee deactiveert u uw product zonder het serienummer te verwijderen.</val>
		</str>
		<str name="tooltip2" translate="yes">
			<val>Hiermee deactiveert u uw product en verwijdert u het serienummer.</val>
		</str>	
		<str name="progress" translate="yes">
			<val>Bezig met deactiveren</val>
		</str>
		<str name="success" translate="yes">
			<val>Deactivering voltooid.</val>
		</str>
		<str name="failure" translate="yes">
			<val>Deactivering is niet voltooid. Probeer het opnieuw.</val>
		</str>
		<str name="retry" translate="yes">
			<val>OPNIEUW</val>
		</str>	
		<str name="errorCode" translate="yes">
			<val>Foutcode: #{0}</val>
		</str>
		<str name="done" translate="yes">
			<val>GEREED</val>
		</str>		
		<str name="continue" translate="yes">
			<val>DOORGAAN</val>
		</str>		
		<str name="cancel" translate="yes">
			<val>ANNULEREN</val>
		</str>	
	</set>

	<set name="upgrade">
		<str name="title" translate="yes">
			<val>Serienummer upgrade invoeren</val>
		</str>
		<str name="instruct1" translate="yes">
			<val>Het serienummer dat u hebt ingevoerd is geldig, maar er is geen gekwalificeerd product aanwezig op deze computer.</val>
		</str>
		<str name="instruct2" translate="yes">
			<val>Selecteer een van de volgende gekwalificeerde producten en voer het bijbehorende serienummer in om het serienummer dat u hebt opgegeven voor uw upgrade, te gebruiken:</val>
		</str>
		<str name="serial" translate="yes">
			<val>Serienummer voor dit product:</val>
		</str>
		<str name="selproduct" translate="yes">
			<val>Selecteer een product</val>
		</str>		
		<str name="trial" translate="yes">
			<val>Installeren als proefversie</val>
		</str>
		<str name="confirm" translate="yes">
			<val>Dit serienummer bevestigt {0}.</val>
		</str>
		<str name="second" translate="yes">
			<val>Voor deze upgrade is een tweede in aanmerking komend product vereist. Selecteer hieronder het tweede product dat u bezit en voer het bijbehorende serienummer in:</val>
		</str>
		<str name="nogood" translate="yes">
			<val>Dit serienummer is niet geldig voor een gekwalificeerd product. Probeer een ander nummer.</val>
		</str>
		<str name="account" translate="yes">
			<val>Als u eerder producten hebt geregistreerd, gaat u naar {0}uw accountpagina{1} om uw bestaande serienummers op te zoeken.</val>
		</str>
		<str name="support" translate="yes">
			<val>Neem voor extra ondersteuning contact op met de {0}klantenondersteuning{1}.</val>
		</str>
		<str name="supportlink" translate="yes">
			<val>http://www.adobe.com/go/support_nl</val>
		</str>
		<str name="accountlink" translate="yes">
			<val>http://www.adobe.com/go/adobemembership_nl</val>
		</str>
		<str name="back" translate="yes">
			<val>TERUG</val>
		</str>
		<str name="next" translate="yes">
			<val>VOLGENDE</val>
		</str>
	</set>
	
	<set name="upcode">
		<str name="header" translate="yes">
			<val>Voer uw upgradecode in.</val>
		</str>
		<str name="instruct1" translate="yes">
			<val>Geef de volgende code door aan uw serviceagent wanneer hierom wordt gevraagd:</val>
		</str>
		<str name="challenge" translate="yes">
			<val>Challenge Code (controlecode)</val>
		</str>
		<str name="instruct2" translate="yes">
			<val>Voer de code in die uw serviceagent u heeft gegeven:</val>
		</str>
		<str name="support" translate="yes">
			<val>Ondersteuningscode</val>
		</str>
		<str name="quit" translate="yes">
			<val>AFSLUITEN</val>
		</str>
		<str name="next" translate="yes">
			<val>VOLGENDE</val>
		</str>
		<str name="supportError" translate="yes">
			<val>Ongeldige ondersteuningscode</val>
		</str>
	</set>
	
	<set name="error">
		<str name="title" translate="yes">
			<val>De licentie voor dit product werkt niet meer</val>
		</str>
		<str name="message" translate="yes">
			<val>U kunt dit product op dit moment niet gebruiken. U moet dit probleem verhelpen door dit product te verwijderen en opnieuw te installeren of door contact op te nemen met uw ICT-beheerder of de klantenondersteuning van Adobe.</val>
		</str>
		<str name="error" translate="yes">
			<val>Foutcode: </val>
		</str>
		<str name="quit" translate="yes">
			<val>AFSLUITEN</val>
		</str>
	</set>
	
	<set name="confirm">
		<str name="sure" translate="yes">
			<val>Weet u zeker dat u dit dialoogvenster wilt sluiten?</val>
		</str>
		<str name="subCheckOffline" translate="yes">
			<val>Kan geen verbinding maken. Controleer uw internetverbinding en probeer het later opnieuw.</val>
		</str>
		<str name="yes" translate="yes">
			<val>JA</val>
		</str>
		<str name="no" translate="yes">
			<val>NEE</val>
		</str>
		<str name="quit" translate="yes">
			<val>Afsluiten</val>
		</str>
		<str name="continue" translate="yes">
			<val>Doorgaan</val>
		</str>
		<str name="tryAgain" translate="yes">
			<val>OPNIEUW PROBEREN</val>
		</str>
		<str name="back" translate="yes">
			<val>TERUG</val>
		</str>
	</set>
	
	<set name="thanks">
		<str name="title" translate="yes">
			<val>Bedankt</val>
		</str>
		<str name="noservices" translate="yes">
			<val>Aan de slag: Adobe-producten</val>
		</str>
		<str name="services" translate="yes">
			<val>Aan de slag: Adobe-producten en -services</val>
		</str>
		<str name="subscription_1_2" translate="no">
			<val>Getting Started with your CS5 Subscription</val>
		</str>
		<str name="trialRegWithoutServices" translate="yes">
			<val>Bedankt voor het opgeven van uw Adobe-id en uw interesse in dit product.</val>
		</str>
		<str name="trialRegWithServices" translate="yes">
			<val>U hebt toegang tot Adobe CS Live-services tijdens de proefperiode ingesteld door uw Adobe-id op te geven.</val>
		</str>
		<str name="regRegWithoutServices" translate="yes">
			<val>U hebt uw software geregistreerd door uw Adobe-id op te geven.</val>
		</str>
		<str name="regRegFailWithoutServices" translate="yes">
			<val>Kan uw product nu niet registreren. Probeer het later opnieuw.</val>
		</str>
		<str name="regRegFailWithServices" translate="yes">
			<val>Kan uw abonnement voor Adobe CS Live niet starten. Probeer het later opnieuw.</val>
		</str>
		<str name="regRegIDCreate" translate="yes">
			<val>We hebben uw Adobe-id gebruikt om uw software te registreren en toegang tot Adobe CS Live-services in te stellen.</val>
		</str>
		<str name="regRegIDUsed" translate="yes">
			<val>U hebt uw software geregistreerd en toegang tot Adobe CS Live-services ingesteld door uw Adobe-id op te geven.</val>
		</str>
		<str name="regRegSubscription_1_2" translate="no">
			<val>We've used your Adobe ID to set up your subscription and establish CS Live services.</val>
		</str>
		<str name="regRegDSP" translate="yes">
			<val>We hebben uw Adobe-id gebruikt om uw abonnement op {0} te starten en toegang tot Adobe CS Live-services in te stellen.</val>
		</str>
		<str name="userID" translate="yes">
			<val>Uw Adobe-id is: {0}</val>
		</str>
		<str name="emailVerify" translate="yes">
			<val>E-mailverificatie is vereist voordat u Adobe CS Live-services kunt gebruiken. Controleer uw Postvak IN.</val>
		</str>
		<str name="profile" translate="yes">
			<val>Het profiel van uw Adobe-id is bijna voltooid. {0}Klik hier{1} om uw profiel te voltooien.</val>
		</str>
		<str name="profilelink" translate="yes">
			<val>http://www.adobe.com/go/adobemembership_nl</val>
		</str>
		<str name="video1" translate="yes">
			<val>Video's voor lesbestanden weergeven</val>
		</str>
		<str name="video2" translate="yes">
			<val>Ontdek de CS Live-services van Adobe</val>
		</str>
		<str name="video1link" translate="yes">
			<val>http://www.adobe.com/go/adobetv_howto</val>
		</str>
		<str name="video2link" translate="yes">
			<val>http://www.adobe.com/go/cslive_nl</val>
		</str>
		<str name="done" translate="yes">
			<val>GEREED</val>
		</str>
	</set>
	
	<set name="claimResponse">
		<str name="code_" translate="yes">
			<val></val>
		</str>
		<str name="code_EXCEPTION_TRIAL_EXISTS_FOR_TRIALID" translate="yes">
			<val>U hebt u al geabonneerd op Adobe CS Live. Meld u aan om de services te gebruiken.</val>
		</str>
		<str name="code_EXCEPTION_TRIAL_SKU_LOOKUP_FAILED" translate="yes">
			<val>Kan uw abonnement voor Adobe CS Live niet starten. Probeer het later opnieuw.</val>
		</str>

		<str name="code_EXCEPTION_DECODE_FAILED" translate="yes">
			<val>Ongeldig serienummer. Kan uw abonnement voor Adobe CS Live niet starten.</val>
		</str>
		<str name="code_EXCEPTION_NO_SUCH_USER" translate="yes">
			<val>Kan uw abonnement voor Adobe CS Live niet starten. Probeer het later opnieuw.</val>
		</str>
		<str name="code_EXCEPTION_INVALID_DATA" translate="yes">
			<val>Kan uw abonnement voor Adobe CS Live niet starten. Probeer het later opnieuw.</val>
		</str>
		<str name="code_EXCEPTION_WCD_TIMEOUT" translate="yes">
			<val>Kan uw abonnement voor Adobe CS Live niet starten. Probeer het later opnieuw.</val>
		</str>
		<str name="code_EXCEPTION_AUTHENTICATION_TIMEOUT" translate="yes">
			<val>Kan uw abonnement voor Adobe CS Live niet starten. Probeer het later opnieuw.</val>
		</str>
		<str name="code_EXCEPTION_SNSERVER_TIMEOUT" translate="yes">
			<val>Kan uw abonnement voor Adobe CS Live niet starten. Probeer het later opnieuw.</val>
		</str>
		<str name="code_EXCEPTION_WCD_SESSION_TIMEOUT" translate="yes">
			<val>Kan uw abonnement voor Adobe CS Live niet starten. Probeer het later opnieuw.</val>
		</str>
		<str name="code_EXCEPTION_INTERNAL_TIMEOUT" translate="yes">
			<val>Kan uw abonnement voor Adobe CS Live niet starten. Probeer het later opnieuw.</val>
		</str>
		<str name="code_EXCEPTION_INTERNAL_SERVER_ERROR" translate="yes">
			<val>Kan uw abonnement voor Adobe CS Live niet starten. Probeer het later opnieuw.</val>
		</str>
		<str name="code_EXCEPTION_SUBSCRIPTION_ALREADY_CLAIMED" translate="yes">
			<val>U hebt u al geabonneerd op Adobe CS Live. Meld u aan om de services te gebruiken.</val>
		</str>
		<str name="code_EXCEPTION_CLAIM_ALREADY_PROCESSED" translate="yes">
			<val>Er is al een abonnement voor Adobe CS Live gekoppeld aan dit serienummer. Meld u aan om de services te gebruiken.</val>
		</str>
		<str name="code_ESS_TIMEOUT" translate="yes">
			<val>Kan uw abonnement voor Adobe CS Live niet starten. Probeer het later opnieuw.</val>
		</str>
		<str name="code_ESS_FAILURE" translate="yes">
			<val>Kan uw abonnement voor Adobe CS Live niet starten. Probeer het later opnieuw.</val>
		</str>
		<str name="code_EXCEPTION_SYSTEM_UNAVAILABLE_noService_time" translate="yes">
			<val>De registratieserver van Adobe ondergaat op dit moment onderhoud en is waarschijnlijk beschikbaar om {0}. Excuses voor dit ongemak. Probeer het dan opnieuw.</val>
		</str>
		<str name="code_EXCEPTION_SYSTEM_UNAVAILABLE_noService_noTime" translate="yes">
			<val>De registratieserver van Adobe ondergaat op dit moment onderhoud. Excuses voor dit ongemak. Probeer het later opnieuw.</val>
		</str>
		<str name="code_EXCEPTION_SYSTEM_UNAVAILABLE_Service_Time" translate="yes">
			<val>Adobe CS Live ondergaat op dit moment onderhoud en is waarschijnlijk beschikbaar om {0}. Excuses voor dit ongemak. Probeer het dan opnieuw.</val>
		</str>
		<str name="code_EXCEPTION_SYSTEM_UNAVAILABLE_Service_noTime" translate="yes">
			<val>Adobe CS Live ondergaat op dit moment onderhoud. Excuses voor dit ongemak. Probeer het later opnieuw.</val>
		</str>
	</set>
	
	<set name="dspClaimResponse">
		<str name="failureStatusHeading" translate="yes">
			<val>Kan uw abonnement op {0} niet starten</val>
		</str>
		
		<str name="supLinkLbl_EXCEPTION_DECODE_FAILED" translate="yes">
			<val>Contact opnemen met de klantenondersteuning</val>
		</str>			
		<str name="supLinkLbl_EXCEPTION_NO_SUCH_USER" translate="yes">
			<val>Contact opnemen met de klantenondersteuning</val>
		</str>		
		<str name="supLinkLbl_EXCEPTION_INVALID_DATA" translate="yes">
			<val>Contact opnemen met de klantenondersteuning</val>
		</str>
		<str name="supLinkLbl_EXCEPTION_SKU_LOOKUP_FAILED" translate="yes">
			<val>Contact opnemen met de klantenondersteuning</val>
		</str>		
		<str name="supLinkLbl_EXCEPTION_AUTHENTICATION_TIMEOUT" translate="yes">
			<val>Contact opnemen met de klantenondersteuning</val>
		</str>
		<str name="supLinkLbl_EXCEPTION_SNSERVER_TIMEOUT" translate="yes">
			<val>Contact opnemen met de klantenondersteuning</val>
		</str>
		<str name="supLinkLbl_EXCEPTION_INTERNAL_TIMEOUT" translate="yes">
			<val>Contact opnemen met de klantenondersteuning</val>
		</str>
		<str name="supLinkLbl_EXCEPTION_INTERNAL_SERVER_ERROR" translate="yes">
			<val>Contact opnemen met de klantenondersteuning</val>
		</str>
		<str name="supLinkLbl_EXCEPTION_SYSTEM_UNAVAILABLE_time" translate="yes">
			<val>Contact opnemen met de klantenondersteuning</val>
		</str>
		<str name="supLinkLbl_EXCEPTION_SYSTEM_UNAVAILABLE" translate="yes">
			<val>Contact opnemen met de klantenondersteuning</val>
		</str>
		<str name="supLinkLbl_EXCEPTION_COMPANY_CODE_MISMATCH" translate="yes">
			<val>Meer informatie</val>
		</str>
		<str name="supLinkLbl_EXCEPTION_SUBSCRIPTION_ALREADY_CLAIMED_DIFF_ADOBEID" translate="yes">
			<val>Contact opnemen met de klantenondersteuning</val>
		</str>
		<str name="supLinkLbl_ERROR_WITH_INFO" translate="yes">
			<val>Contact opnemen met de klantenondersteuning</val>
		</str>
		<str name="supLinkLbl_GENERIC" translate="yes">
			<val>Contact opnemen met de klantenondersteuning</val>
		</str>


		<str name="supLinkURL_EXCEPTION_DECODE_FAILED" translate="yes">
			<val>http://www.adobe.com/go/support_nl</val>
		</str>			
		<str name="supLinkURL_EXCEPTION_NO_SUCH_USER" translate="yes">
			<val>http://www.adobe.com/go/support_nl</val>
		</str>		
		<str name="supLinkURL_EXCEPTION_INVALID_DATA" translate="yes">
			<val>http://www.adobe.com/go/support_nl</val>
		</str>
		<str name="supLinkURL_EXCEPTION_SKU_LOOKUP_FAILED" translate="yes">
			<val>http://www.adobe.com/go/support_nl</val>
		</str>		
		<str name="supLinkURL_EXCEPTION_AUTHENTICATION_TIMEOUT" translate="yes">
			<val>http://www.adobe.com/go/support_nl</val>
		</str>
		<str name="supLinkURL_EXCEPTION_SNSERVER_TIMEOUT" translate="yes">
			<val>http://www.adobe.com/go/support_nl</val>
		</str>
		<str name="supLinkURL_EXCEPTION_INTERNAL_TIMEOUT" translate="yes">
			<val>http://www.adobe.com/go/support_nl</val>
		</str>
		<str name="supLinkURL_EXCEPTION_INTERNAL_SERVER_ERROR" translate="yes">
			<val>http://www.adobe.com/go/support_nl</val>
		</str>
		<str name="supLinkURL_EXCEPTION_SYSTEM_UNAVAILABLE_time" translate="yes">
			<val>http://www.adobe.com/go/support_nl</val>
		</str>
		<str name="supLinkURL_EXCEPTION_SYSTEM_UNAVAILABLE" translate="yes">
			<val>http://www.adobe.com/go/support_nl</val>
		</str>
		<str name="supLinkURL_EXCEPTION_COMPANY_CODE_MISMATCH" translate="yes">
			<val>http://www.adobe.com/go/subscription_learnmore_nl</val>
		</str>
		<str name="supLinkURL_EXCEPTION_SUBSCRIPTION_ALREADY_CLAIMED_DIFF_ADOBEID" translate="yes">
			<val>http://www.adobe.com/go/support_nl</val>
		</str>
		<str name="supLinkURL_ERROR_WITH_INFO" translate="yes">
			<val>http://www.adobe.com/go/support_nl</val>
		</str>
		<str name="supLinkURL_GENERIC" translate="yes">
			<val>http://www.adobe.com/go/support_nl</val>
		</str>
		
		
		<str name="code_EXCEPTION_DECODE_FAILED" translate="yes">
			<val>Kies Sluiten en start uw product opnieuw. Nadat het product is gestart, wordt u gevraagd uw abonnement te starten.</val>
		</str>			
		<str name="code_EXCEPTION_NO_SUCH_USER" translate="yes">
			<val>Kies Sluiten en start uw product opnieuw. Nadat het product is gestart, wordt u gevraagd uw abonnement te starten.</val>
		</str>		
		<str name="code_EXCEPTION_INVALID_DATA" translate="yes">
			<val>Kies Sluiten en start uw product opnieuw. Nadat het product is gestart, wordt u gevraagd uw abonnement te starten.</val>
		</str>
		<str name="code_EXCEPTION_SKU_LOOKUP_FAILED" translate="yes">
			<val>Kies Sluiten en start uw product opnieuw. Nadat het product is gestart, wordt u gevraagd uw abonnement te starten.</val>
		</str>		
		<str name="code_EXCEPTION_AUTHENTICATION_TIMEOUT" translate="yes">
			<val>Wacht even en probeer het opnieuw.</val>
		</str>
		<str name="code_EXCEPTION_SNSERVER_TIMEOUT" translate="yes">
			<val>Wacht even en probeer het opnieuw.</val>
		</str>
		<str name="code_EXCEPTION_INTERNAL_TIMEOUT" translate="yes">
			<val>Wacht even en probeer het opnieuw.</val>
		</str>
		<str name="code_EXCEPTION_INTERNAL_SERVER_ERROR" translate="yes">
			<val>Wacht even en probeer het opnieuw.</val>
		</str>
		<str name="code_EXCEPTION_SYSTEM_UNAVAILABLE_time" translate="yes">
			<val>Onze servers zijn momenteel offline voor gepland onderhoud. Onze excuses voor de vertraging. Probeer het opnieuw om {0}.</val>
		</str>
		<str name="code_EXCEPTION_SYSTEM_UNAVAILABLE" translate="yes">
			<val>Onze servers zijn momenteel offline voor gepland onderhoud. Onze excuses voor de vertraging. Probeer het later opnieuw.</val>
		</str>
		<str name="code_EXCEPTION_COMPANY_CODE_MISMATCH" translate="yes">
			<val>Het land waarin dit product is aangeschaft, komt niet overeen met het land dat is opgegeven in uw Adobe-account. Probeer het opnieuw met een andere Adobe-id.</val>
		</str>
		<str name="code_EXCEPTION_SUBSCRIPTION_ALREADY_CLAIMED_DIFF_ADOBEID" translate="yes">
			<val>Uit onze gegevens blijkt dat dit abonnement momenteel is toegewezen aan een andere Adobe-id. Meld u aan met de Adobe-id en het wachtwoord die zijn gebruikt bij aanschaf van uw abonnement en probeer het opnieuw. Als dit probleem zich blijft voordoen, neemt u contact op met de klantenondersteuning.</val>
		</str>
		
		<str name="code_ESS_TIMEOUT" translate="yes">
			<val>Wacht even en probeer het opnieuw.</val>
		</str>
		<str name="code_ESS_FAILURE" translate="yes">
			<val>Wacht even en probeer het opnieuw.</val>
		</str>
		
		<str name="code_GENERIC" translate="yes">
			<val>Kies Sluiten en start uw product opnieuw. Nadat het product is gestart, wordt u gevraagd uw abonnement te starten.</val>
		</str>
	</set>
	
	<set name="bonus">
		<str name="instruct" translate="yes">
			<val>Het serienummer dat u hebt gebruikt om dit product te activeren, is verlopen. Dit is de laatste keer dat u dit product kunt starten voor het automatisch wordt gedeactiveerd. Als u het product opnieuw wilt activeren, moet u een nieuw serienummer opgeven of een proefversie starten wanneer u het product weer start.</val>
		</str>
		<str name="serial" translate="yes">
			<val>Serienummer voor {0}</val>
		</str>
		<str name="purchase" translate="yes">
			<val>U kunt via Adobe.com een nieuw serienummer aanschaffen.</val>
		</str>
		<str name="agree" translate="yes">
			<val>De software probeert automatisch te activeren via internet, zoals beschreven in de Softwarelicentieovereenkomst. Zie {0}www.adobe.com/nl/activation{1} voor meer informatie.</val>
		</str>
		<str name="agreeLink" translate="yes">
			<val>http://www.adobe.com/go/activation_nl</val>
		</str>
		<str name="supportLink" translate="yes">
			<val>http://www.adobe.com/go/support_nl</val>
		</str>
	</set>	

	<set name="forced">
		<str name="title" translate="yes">
			<val>Activering vereist</val>
		</str>
		<str name="warning" translate="yes">
			<val>Kan {0} niet activeren via een internetverbinding.</val>
		</str>
		<str name="instruct" translate="yes">
			<val>Activering is vereist om uw computer te beschermen tegen illegale of kwaadaardige code en ervoor te zorgen dat u beschikt over officiële software en dit product kunt gebruiken. Als u uw product wilt activeren, moet u controleren of de computer verbinding heeft met internet of een van de onderstaande stappen volgen.</val>
		</str>
		<str name="statement_days" translate="yes">
			<val>U hebt {0} dagen om uw activering te voltooien voordat uw product wordt uitgeschakeld.</val>
		</str>
		<str name="statement_last" translate="yes">
			<val>Dit is de laatste keer dat u dit product kunt starten voor het product wordt uitgeschakeld.</val>
		</str>
		<str name="statement_disabled" translate="yes">
			<val>Dit product is uitgeschakeld omdat het niet kan worden geactiveerd.</val>
		</str>
		<str name="rb1" translate="yes">
			<val>Deze computer heeft nu verbinding met internet. Voer de activering opnieuw uit.</val>
		</str>
		<str name="rb2" translate="yes">
			<val>Deze computer kan geen activering via internet uitvoeren.</val>
		</str>
		<str name="rb3" translate="yes">
			<val>Activering via internet uitvoeren bij de volgende keer dat ik de toepassing start.</val>
		</str>
		<str name="learn" translate="yes">
			<val>Meer informatie over het activeringsbeleid van Adobe vindt u op {0}adobe.com/go/activation_nl{1}</val>
		</str>
		<str name="learnlink" translate="yes">
			<val>http://www.adobe.com/go/activation_nl</val>
		</str>
		<str name="next" translate="yes">
			<val>VOLGENDE</val>
		</str>
	</set>	

	<set name="phone">
		<str name="title" translate="yes">
			<val>Activering vereist</val>
		</str>
		<str name="instructRet" translate="yes">
			<val>Neem contact op met de {0}klantenondersteuning{1} als u met deze computer geen toegang tot internet hebt.</val>
		</str>
		<str name="instructVol" translate="yes">
			<val>Zorg dat uw ICT-beheerder contact opneemt met de {0}klantenondersteuning{1} om deze computer te activeren.</val>
		</str>
		<str name="requireRet" translate="yes">
			<val>Geef de volgende informatie door aan de medewerker van de klantenondersteuning.</val>
		</str>
		<str name="requireVol" translate="yes">
			<val>Zorg dat uw ICT-beheerder de volgende informatie doorgeeft aan de medewerker van de klantenondersteuning.</val>
		</str>
		<str name="problem" translate="yes">
			<val>Probleem:</val>
		</str>
		<str name="license" translate="yes">
			<val>Licentie:</val>
		</str>
		<str name="detail1" translate="yes">
			<val>Detail 1:</val>
		</str>
		<str name="detail2" translate="yes">
			<val>Detail 2:</val>
		</str>
		<str name="serialRet" translate="yes">
			<val>Als u een nummer van de medewerker van de klantenondersteuning hebt ontvangen, voert u dit hier in.</val>
		</str>
		<str name="serialVol" translate="yes">
			<val>Als u een nummer van uw ICT-beheerder hebt ontvangen, voert u dit hier in.</val>
		</str>
		<str name="learn" translate="yes">
			<val>Meer informatie over het activeringsbeleid van Adobe vindt u op {0}adobe.com/go/activation_nl{1}</val>
		</str>
		<str name="learnlink" translate="yes">
			<val>http://www.adobe.com/go/activation_nl</val>
		</str>
		<str name="back" translate="yes">
			<val>TERUG</val>
		</str>
		<str name="done" translate="yes">
			<val>GEREED</val>
		</str>
	</set>
	
	<set name="subWelcome_1_2">
		<str name="info" translate="no">
			<val>To launch your product you will need a subscription serial number. Click SUBSCRIBE NOW if you are new to Creative Suite Subscriptions.</val>
		</str>
		<str name="current" translate="no">
			<val>Current Subscribers</val>
		</str>
		<str name="currentInfo" translate="no">
			<val>If you already have a Design Premium CS5 Subscription Edition serial number, please click NEXT to enter it and begin. All current subscribers of Design Premium CS4 Subscription Edition should have received an upgrade serial number via email.</val>
		</str>
		<str name="setUp" translate="no">
			<val>Set up your new subscription account</val>
		</str>
		<str name="billing" translate="no">
			<val>Subscription billing and management is handled through eSellerate, a third party provider.</val>
		</str>
		<str name="subscribeNow" translate="no">
			<val>SUBSCRIBE NOW</val>
		</str>
		<str name="newPurchase" translate="no">
			<val>All newly purchased subscriptions include a coupon code (located on the back of your disk) that you will be able to redeem to receive your first month of subscription for free.</val>
		</str>
		<str name="next" translate="no">
			<val>NEXT</val>
		</str>
		<str name="quit" translate="no">
			<val>QUIT</val>
		</str>
	</set>

	<set name="subMain_1_2">
		<str name="subscribeNow" translate="no">
			<val>SUBSCRIBE NOW</val>
		</str>
		<str name="buyLink" translate="no">
			<val>http://www.esellerate.net</val>
		</str>
		<str name="subscriptionInfo" translate="no">
			<val>Subscription billing and management is handled through eSellerate, a third party provider.</val>
		</str>
		<str name="expiredInfo" translate="no">
			<val>To use the product you will need to purchase a subscription through eSellerate.</val>
		</str>
	</set>
	
	<set name="claimResponse_1_2">
		<str name="code_" translate="no">
			<val></val>
		</str>
		<str name="code_EXCEPTION_DECODE_FAILED" translate="no">
			<val>Invalid serial number. Could not start your CS5 Design Premium subscription.</val>
		</str>
		<str name="code_EXCEPTION_NO_SUCH_USER" translate="no">
			<val>Could not start your CS5 Design Premium subscription. Try again later.</val>
		</str>
		<str name="code_EXCEPTION_INVALID_DATA" translate="no">
			<val>Could not start your CS5 Design Premium subscription. Try again later.</val>
		</str>
		<str name="code_EXCEPTION_WCD_TIMEOUT" translate="no">
			<val>Could not start your CS5 Design Premium subscription. Try again later.</val>
		</str>
		<str name="code_EXCEPTION_SNSERVER_TIMEOUT" translate="no">
			<val>Could not start your CS5 Design Premium subscription. Try again later.</val>
		</str>
		<str name="code_EXCEPTION_WCD_SESSION_TIMEOUT" translate="no">
			<val>Could not start your CS5 Design Premium subscription. Try again later.</val>
		</str>
		<str name="code_EXCEPTION_INTERNAL_TIMEOUT" translate="no">
			<val>Could not start your CS5 Design Premium subscription. Try again later.</val>
		</str>
		<str name="code_EXCEPTION_INTERNAL_SERVER_ERROR" translate="no">
			<val>Could not start your CS5 Design Premium subscription. Try again later.</val>
		</str>
		<str name="code_ESS_TIMEOUT" translate="no">
			<val>Could not start your CS5 Design Premium subscription. Try again later.</val>
		</str>
		<str name="code_ESS_FAILURE" translate="no">
			<val>Could not start your CS5 Design Premium subscription. Try again later.</val>
		</str>
		<str name="code_EXCEPTION_SYSTEM_UNAVAILABLE" translate="no">
			<val>We are currently undergoing maintenance. We apologize for this inconvenience. Please try again later to start your subscription.</val>
		</str>
	</set>

	<set name="subError_1_2">
		<str name="associateFailed" translate="no">
			<val>We are unable to activate your product at this time. You can hit the Back button to try to activate the product again, or to attempt to launch the product in trial mode.</val>
		</str>
		<str name="associateFailed_ID" translate="no">
			<val>We are unable to activate your product at this time. You can hit the Back button to try to activate the product again.</val>
		</str>
		<str name="assocUserNotAuthErr" translate="no">
			<val>The Adobe ID you entered is different than the Adobe ID used to originally activate this subscription. You can hit the Back button to try to activate the product again using a different Adobe ID, or to activate the product using a new subscription serial number.</val>
		</str>
		<str name="assocUserNotAuthErr_ID" translate="no">
			<val>The Adobe ID you entered is different than the Adobe ID used to originally activate this subscription. You can hit the Back button to try to activate the product again using a different Adobe ID.</val>
		</str>
		<str name="checkEntitlementFailed" translate="no">
			<val>We are unable to activate your product at this time. Please try again later.</val>
		</str>
		<str name="disAllIntervalErr" translate="no">
			<val>You have exceeded the maximum number of deactivation attempts allowed in this time period. Please try again later.</val>
		</str>
	</set>

	<set name="subExpired_1_2">
		<str name="instruct_exp" translate="no">
			<val>The serial number you used to purchase this product has expired. If you did not intend to let your Design Premium subscription expire, please call Adobe Customer Care at 
1800-614-863 to resolve the issue.</val>
		</str>
		<str name="instruct_bonus" translate="no">
			<val>The serial number you used to purchase this product has expired. This is your last opportunity to launch the product before it is automatically deactivated. To reactivate, you must provide a new serial number now. If not, your next launch will start  in trial mode and you can provide a new serial number at that time. If you did not intend to let your Design Premium subscription expire, please call Adobe Customer Care at 1800-614-863 to resolve the issue.</val>
		</str>
		<str name="serial" translate="no">
			<val>Serial number for {0}</val>
		</str>
		<str name="purchase" translate="no">
			<val>You can purchase a new subscription serial number through eSellerate, a third party provider.</val>
		</str>
		<str name="back" translate="no">
			<val>BACK</val>
		</str>
		<str name="continue" translate="no">
			<val>CONTINUE</val>
		</str>
		<str name="subscribeNow" translate="no">
			<val>SUBSCRIBE NOW</val>
		</str>
	</set>
	
	<set name="subOverAct_1_2">
		<str name="disassociate" translate="no">
			<val>Deactivate all computers and retry activation. You will be able to reactivate on one of your other computers by logging in with your Adobe ID at product launch.</val>
		</str>
		<str name="provide" translate="no">
			<val>Provide another serial number for this product.</val>
		</str>
		<str name="subscribeNow" translate="no">
			<val>SUBSCRIBE NOW</val>
		</str>
		<str name="back" translate="no">
			<val>BACK</val>
		</str>
		<str name="continue" translate="no">
			<val>CONTINUE</val>
		</str>
	</set>
	
	<set name="subConErr_1_2">
		<str name="title" translate="no">
			<val>Verifying Subscription Status</val>
		</str>
		<str name="progress" translate="no">
			<val>Verifying Subscription Status...</val>
		</str>
		<str name="contact" translate="no">
			<val>We need to contact Adobe Servers every thirty days to validate the status of your Design Premium subscription. In order to conduct this validation you must be connected to the internet. After we have verified your status, you can disconnect from the internet.</val>
		</str>
		<str name="contactExp" translate="no">
			<val>We need to contact Adobe Servers every thirty days to validate the status of your Design Premium subscription. In order to conduct this validation you must be connected to the internet. After we have verified your status, you can disconnect from the internet. If you do not successfully connect to the internet, this will be the last time you will be able to launch your product offline.</val>
		</str>
		<str name="error" translate="no">
			<val>Please connect to the Internet, then press Continue</val>
		</str>			
		<str name="assist" translate="no">
			<val>Connection Support</val>
		</str>			
		<str name="continue" translate="no">
			<val>CONTINUE</val>
		</str>
		<str name="assistlink" translate="no">
			<val>http://www.adobe.com</val>
		</str>
		<str name="continue" translate="no">
			<val>CONTINUE</val>
		</str>
	</set>
	
	<set name="dspReminder">
		<str name="reminder" translate="yes">
			<val>Herinnering voor abonnement</val>
		</str>
		<str name="grace" translate="yes">
			<val>Abonnement verlopen</val>
		</str>
		<str name="infoReminder" translate="yes">
			<val>Uw abonnement verloopt binnenkort.</val>
		</str>
		<str name="infoGrace" translate="yes">
			<val>Uw abonnement op {0} is verlopen.</val>
		</str>
		<str name="offline" translate="yes">
			<val>Kan geen verbinding maken met internet. Controleer de verbindingsinstellingen en kies Opnieuw proberen.</val>
		</str>
		<str name="reminderPeriod" translate="yes">
			<val>Uit onze gegevens blijkt dat er geen creditcard is gekoppeld aan dit abonnementaccount. Kies Verlengen om een creditcard op te geven en uw abonnement te verlengen.</val>
		</str>
		<str name="reminderPeriodOffline" translate="yes">
			<val>Uit onze gegevens blijkt dat er geen creditcard is gekoppeld aan dit abonnementaccount. Kies Verlengen om een creditcard op te geven en uw abonnement te verlengen.</val>
		</str>
		<str name="gracePeriod" translate="yes">
			<val>Kies Verlengen om uw product zonder onderbreking te blijven gebruiken. Er geldt een korte respijtperiode waarbinnen u uw abonnement kunt verlengen. Wanneer deze is verlopen, kunt u dit product niet langer gebruiken.</val>
		</str>
		<str name="gracePeriodOffline" translate="yes">
			<val>U moet beschikken over een werkende internetverbinding om dit product te gebruiken. Er geldt een korte respijtperiode waarbinnen u uw abonnement kunt verlengen. Wanneer deze is verlopen, kunt u dit product niet langer gebruiken.</val>
		</str>
		<str name="bonusPeriod" translate="yes">
			<val>Kies Vernieuwen om uw product zonder onderbreking te blijven gebruiken. Als u uw abonnement niet verlengt, hebt u niet langer toegang tot het product. Als u kort geleden uw abonnement hebt verlengd, wacht u ten minste vijftien minuten en start u het product opnieuw.</val>
		</str>
		<str name="viewPolicy" translate="yes">
			<val>Abonnementsbeleid weergeven</val>
		</str>
		<str name="subPolicyLink" translate="yes">
			<val>http://www.adobe.com/go/subscription_policy_nl</val>
		</str>
		<str name="subscriptionLink" translate="no">
			<val>http://www.adobe.com/go/subscriptionedition</val>
		</str>
		<str name="daysRemain" translate="yes">
			<val>DAGEN OVER</val>
		</str>
		<str name="daysRemainAlternate" translate="yes">
			<val>DAG OVER</val>
		</str>
		<str name="later" translate="yes">
			<val>MIJ LATER ERAAN HERINNEREN</val>
		</str>
		<str name="continue" translate="yes">
			<val>DOORGAAN</val>
		</str>
		<str name="tryAgain" translate="yes">
			<val>OPNIEUW PROBEREN</val>
		</str>
		<str name="renew" translate="yes">
			<val>VERLENGEN</val>
		</str>
	</set>
	
	<set name="dspExpired">
		<str name="title" translate="yes">
			<val>Abonnement verlopen</val>
		</str>
		<str name="renewOption" translate="yes">
			<val>Mijn abonnement op {0} verlengen</val>
		</str>
		<str name="renewMsg" translate="yes">
			<val>Kies Verlengen om uw product zonder onderbreking te blijven gebruiken. Als u uw abonnement zojuist hebt verlengd, wacht u vijftien minuten en probeert u het opnieuw.</val>
		</str>
		<str name="renewLinkText" translate="yes">
			<val>Verlengen</val>
		</str>
		<str name="renewLink" translate="no">
			<val>http://www.adobe.com/go/subscriptionedition</val>
		</str>
		<str name="serialOption" translate="yes">
			<val>Een nieuw serienummer opgeven</val>
		</str>
		<str name="purchaseLinkText" translate="yes">
			<val>Adobe-software aanschaffen</val>
		</str>
		<str name="serialError" translate="yes">
			<val>Dit serienummer is niet geldig voor dit product.</val>
		</str>
		<str name="locateTT" translate="yes">
			<val>Het serienummer is vermeld op de achterkant van de dvd-hoes, op het certificaat voor uw Adobe Open Options-licentie of in het bevestigingsbericht dat u hebt ontvangen van de Adobe Store (alleen voor aankopen via download).</val>
		</str>
		<str name="used" translate="yes">
			<val>Dit serienummer wordt gebruikt voor: {0}</val>
		</str>			
		<str name="agree" translate="yes">
			<val>Conform de softwarelicentieovereenkomst wordt automatisch geprobeerd om de software via internet te activeren. Zie {0}www.adobe.com/nl/activation/{1} voor meer informatie.</val>
		</str>
		<str name="activationLink" translate="yes">
			<val>http://www.adobe.com/go/activation_nl</val>
		</str>
		<str name="continue" translate="yes">
			<val>DOORGAAN</val>
		</str>
		<str name="tryAgain" translate="yes">
			<val>OPNIEUW PROBEREN</val>
		</str>
		<str name="quit" translate="yes">
			<val>AFSLUITEN</val>
		</str>
	</set>
	
	<set name="dspOverActivation">
		<str name="title" translate="yes">
			<val>Activering</val>
		</str>
		<str name="limit" translate="yes">
			<val>{0} is al geactiveerd op een andere machine</val>
		</str>
		<str name="alreadyActivated" translate="yes">
			<val>Uit onze gegevens blijkt dat dit product al is geactiveerd op een andere computer. Kies Volgende om uw abonnement op deze computer te activeren en op de andere computer te deactiveren.</val>
		</str>
		<str name="actPolicyLinkText" translate="yes">
			<val>Activeringsbeleid weergeven</val>
		</str>
		<str name="actPolicyLink" translate="yes">
			<val>http://www.adobe.com/go/activation_nl</val>
		</str>
		<str name="quit" translate="yes">
			<val>AFSLUITEN</val>
		</str>
		<str name="next" translate="yes">
			<val>VOLGENDE</val>
		</str>
	</set>
	
	<set name="dspUnableToActivate">
		<str name="title" translate="yes">
			<val>Activering</val>
		</str>
		<str name="failureMessage" translate="yes">
			<val>We kunnen {0} niet activeren</val>
		</str>
		<str name="labelHead" translate="yes">
			<val>Productactivering is vereist als u dit product wilt gebruiken</val>
		</str>
		<str name="message" translate="yes">
			<val>U moet beschikken over een werkende internetverbinding om dit product te activeren. Controleer de verbindingsinstellingen en kies Opnieuw proberen.</val>
		</str>
		<str name="activationMessage" translate="yes">
			<val>Raadpleeg het {0}Activeringsbeleid van Adobe{1} voor meer informatie over activering.</val>
		</str>
		<str name="activationLink" translate="yes">
			<val>http://www.adobe.com/go/activation_nl</val>
		</str>
		<str name="quit" translate="yes">
			<val>AFSLUITEN</val>
		</str>
		<str name="tryAgain" translate="yes">
			<val>OPNIEUW PROBEREN</val>
		</str>
	</set>
	
	<set name="dspErrorTryAgain">
		<str name="title" translate="yes">
			<val>Opnieuw proberen</val>
		</str>
		<str name="header" translate="yes">
			<val>We kunnen uw abonnement op {0} niet starten</val>
		</str>
		
		<str name="checkEntitlementGenericError_Title" translate="yes">
			<val>Kan abonnement op {0} niet starten</val>
		</str>
		<str name="checkEntitlementGenericError_Message" translate="yes">
			<val>Wacht even en probeer het opnieuw.</val>
		</str>
		<str name="checkEntitlementGenericError_LinkText" translate="yes">
			<val>Contact opnemen met de klantenondersteuning</val>
		</str>
		<str name="checkEntitlementGenericError_Link" translate="yes">
			<val>http://www.adobe.com/go/support_nl</val>
		</str>
		<str name="checkEntitlementGenericError_Next" translate="yes">
			<val>OPNIEUW PROBEREN</val>
		</str>
		<str name="checkEntitlementGenericError_Back" translate="yes">
			<val>SLUITEN</val>
		</str>
		
		<str name="checkEntitlementOfflineError_Title" translate="yes">
			<val>U hebt momenteel geen verbinding met internet</val>
		</str>
		<str name="checkEntitlementOfflineError_Message" translate="yes">
			<val>Als u dit product wilt gebruiken, moet u verbinding hebben met internet. Zorg ervoor dat uw netwerkverbinding actief is en klik op de knop om het opnieuw te proberen. Als deze fout blijft optreden, moet u contact opnemen met de klantenondersteuning.</val>
		</str>
		<str name="checkEntitlementOfflineError_LinkText" translate="yes">
			<val>Contact opnemen met de klantenondersteuning</val>
		</str>
		<str name="checkEntitlementOfflineError_Link" translate="yes">
			<val>http://www.adobe.com/go/support_nl</val>
		</str>
		<str name="checkEntitlementOfflineError_Next" translate="yes">
			<val>OPNIEUW PROBEREN</val>
		</str>
		<str name="checkEntitlementOfflineError_Back" translate="yes">
			<val>TERUG</val>
		</str>
		
		<str name="tryAgain" translate="yes">
			<val>OPNIEUW PROBEREN</val>
		</str>
		<str name="close" translate="yes">
			<val>SLUITEN</val>
		</str>
	</set>
	
	<set name="dspVerified">
		<str name="title" translate="yes">
			<val>Hartelijk dank</val>
		</str>
		<str name="verified" translate="yes">
			<val>Uw abonnement op {0} is nu actief. Kies Doorgaan om uw product te gebruiken.</val>
		</str>
		<str name="continue" translate="yes">
			<val>DOORGAAN</val>
		</str>
	</set>
	
	<set name="calendar">
		<str name="remaining" translate="yes">
			<val>{0} dagen over</val>
		</str>
		<str name="remainingAlternate" translate="yes">
			<val>{0} dag over</val>
		</str>
	</set>
	
	<set name="dspPrescreenResponse">
		<str name="header_NOT_ENABLED" translate="yes">
			<val>Uw abonnement op {0} is verlopen</val>
		</str>
		<str name="body_NOT_ENABLED" translate="yes">
			<val>Verleng uw abonnement of kies Terug om een ander serienummer in te voeren.</val>
		</str>
		<str name="linkText_NOT_ENABLED" translate="yes">
			<val>Mijn abonnement verlengen</val>
		</str>
		<str name="link_NOT_ENABLED" translate="no">
			<val>http://www.adobe.com/go/subscriptionedition</val>
		</str>
		<str name="header_OFFLINE" translate="yes">
			<val>Kan geen verbinding maken met internet</val>
		</str>
		<str name="body_OFFLINE" translate="yes">
			<val>U moet beschikken over een werkende internetverbinding om dit product te gebruiken. Controleer de verbindingsinstellingen en kies Opnieuw proberen. Als het probleem blijft optreden, kunt u contact opnemen met de klantenondersteuning.</val>
		</str>
		<str name="linkText_OFFLINE" translate="yes">
			<val>Contact opnemen met de klantenondersteuning</val>
		</str>
		<str name="link_OFFLINE" translate="yes">
			<val>http://www.adobe.com/go/support_nl</val>
		</str>
		<str name="header_GENERIC_ERROR" translate="yes">
			<val>We kunnen uw abonnement op {0} niet starten</val>
		</str>
		<str name="body_GENERIC_ERROR" translate="yes">
			<val>Wacht even en probeer het opnieuw.</val>
		</str>
		<str name="linkText_GENERIC_ERROR" translate="yes">
			<val>Contact opnemen met de klantenondersteuning</val>
		</str>
		<str name="link_GENERIC_ERROR" translate="yes">
			<val>http://www.adobe.com/go/support_nl</val>
		</str>
		<str name="back" translate="yes">
			<val>TERUG</val>
		</str>
		<str name="tryAgain" translate="yes">
			<val>OPNIEUW PROBEREN</val>
		</str>
	</set>
	
	<set name="dspSuspended">
		<str name="title_actSuspended" translate="yes">
			<val>Activering</val>
		</str>
		<str name="header_actSuspended" translate="yes">
			<val>We kunnen {0} niet activeren</val>
		</str>
		<str name="msg1_actSuspended" translate="yes">
			<val>De datum op uw computer komt niet overeen met de datum op onze server.</val>
		</str>
		<str name="msg2_actSuspended" translate="yes">
			<val>Datum Adobe-server: {0}</val>
		</str>
		<str name="msg3_actSuspended" translate="yes">
			<val>Uw systeemdatum mag maximaal drie dagen voorlopen op de datum van de Adobe-server. Controleer de datuminstellingen op uw computer en kies Opnieuw proberen. Als u nog steeds problemen ondervindt, kunt u contact opnemen met de klantenondersteuning.</val>
		</str>

		<str name="title_subSuspended" translate="yes">
			<val>Abonnement opgeschort</val>
		</str>
		<str name="header_subSuspended" translate="yes">
			<val>Het abonnement voor {0} is opgeschort</val>
		</str>
		<str name="msg1_subSuspended" translate="yes">
			<val>De datum op uw computer komt niet overeen met de datum op onze server.</val>
		</str>
		<str name="msg2_subSuspended" translate="yes">
			<val>Datum Adobe-server: {0}</val>
		</str>
		<str name="msg3_subSuspended" translate="yes">
			<val>Uw systeemdatum mag maximaal drie dagen afwijken van de datum van de Adobe-server. Controleer de datuminstellingen op uw computer en kies Opnieuw proberen. Als u nog steeds problemen ondervindt, kunt u contact opnemen met de klantenondersteuning.</val>
		</str>
		
		<str name="title_subWindback" translate="yes">
			<val>Abonnement opgeschort</val>
		</str>
		<str name="header_subWindback" translate="yes">
			<val>Het abonnement voor {0} is opgeschort</val>
		</str>
		<str name="msg1_subWindback" translate="yes">
			<val>De tijd en datum op uw computer zijn mogelijk gewijzigd.</val>
		</str>
		<str name="msg3_subWindback" translate="yes">
			<val>Controleer de datum- en tijdinstellingen op uw computer en kies Opnieuw proberen. Als u nog steeds problemen ondervindt, kunt u contact opnemen met de klantenondersteuning.</val>
		</str>

		<str name="custSuppAsst" translate="yes">
			<val>Contact opnemen met de klantenondersteuning</val>
		</str>
		<str name="supportlink" translate="yes">
			<val>http://www.adobe.com/go/support_nl</val>
		</str>
		<str name="actPolicyLinkText" translate="yes">
			<val>Activeringsbeleid weergeven</val>
		</str>
		<str name="actPolicyLink" translate="yes">
			<val>http://www.adobe.com/go/activation_nl</val>
		</str>
		<str name="quit" translate="yes">
			<val>AFSLUITEN</val>
		</str>
		<str name="tryAgain" translate="yes">
			<val>OPNIEUW PROBEREN</val>
		</str>
	</set>
	
	<set name="dateTimeFormats">
		<str name="dateFormat_Long" translate="yes">
			<val>{1} {0} {2}</val>
		</str>
	</set>

	<set name="monthsFull">
		<str name="1" translate="yes">
			<val>jan.</val>
		</str>
		<str name="2" translate="yes">
			<val>feb.</val>
		</str>
		<str name="3" translate="yes">
			<val>mrt.</val>
		</str>
		<str name="4" translate="yes">
			<val>apr.</val>
		</str>
		<str name="5" translate="yes">
			<val>mei</val>
		</str>
		<str name="6" translate="yes">
			<val>jun.</val>
		</str>
		<str name="7" translate="yes">
			<val>jul.</val>
		</str>
		<str name="8" translate="yes">
			<val>aug.</val>
		</str>
		<str name="9" translate="yes">
			<val>sep.</val>
		</str>
		<str name="10" translate="yes">
			<val>okt.</val>
		</str>
		<str name="11" translate="yes">
			<val>nov.</val>
		</str>
		<str name="12" translate="yes">
			<val>dec.</val>
		</str>
	</set>
	
	<set name="authProxy">
		<str name="instruct" translate="yes">
			<val>Gebruikersnaam en wachtwoord voor de proxyserver invoeren:</val>
		</str>
		<str name="username" translate="yes">
			<val>Gebruikersnaam:</val>
		</str>
		<str name="password" translate="yes">
			<val>Wachtwoord:</val>
		</str>
		<str name="remember" translate="yes">
			<val>Wachtwoord onthouden</val>
		</str>
		<str name="fail" translate="yes">
			<val>Kan gebruiker niet verifiëren. Controleer gebruikersnaam en wachtwoord en probeer het opnieuw.</val>
		</str>
		<str name="ok" translate="yes">
			<val>OK</val>
		</str>
		<str name="cancel" translate="yes">
			<val>ANNULEREN</val>
		</str>
	</set>

	<set name="isoToLanguage">
								<str name="ar_AE" translate="no"><val>العربية</val></str>
		<str name="en_GB" translate="no"><val>English (International)</val></str> 
		<str name="fr_CA" translate="no"><val>Français canadien</val></str>
		<str name="es_QM" translate="no"><val>Español (Middle East)</val></str>
		<str name="es_LA" translate="no"><val>Español de América Latina</val></str>
		<str name="es_NA" translate="no"><val>Español Norteamericano</val></str>
		<str name="bg_BG" translate="no"><val>Български</val></str>
		<str name="lv_LV" translate="no"><val>Latviešu</val></str>
		<str name="et_EE" translate="no"><val>Eesti</val></str>
		<str name="hr_HR" translate="no"><val>hrvatski</val></str>
		<str name="sl_SI" translate="no"><val>slovenščina</val></str>
		<str name="sk_SK" translate="no"><val>slovenčina</val></str>
		<str name="th_TH" translate="no"><val>ภาษาไทย</val></str> 
		<str name="vi_VN" translate="no"><val>Việt</val></str>
		<str name="en_XC" translate="no"><val>English (Central Europe)</val></str> 
		<str name="en_XM" translate="no"><val>English (Middle East)</val></str>
		<str name="fr_XM" translate="no"><val>Français Oriental Moyen</val></str>
		<str name="sq_AL" translate="no"><val>Shqip</val></str> 
								<str name="ar_SA" translate="no"><val>العربية</val></str>
		<str name="be_BY" translate="no"><val>Беларуская</val></str> 
		<str name="ca_ES" translate="no"><val>Català</val></str> 
								<str name="hi_IN" translate="no"><val>हिन्दी</val></str>
		<str name="is_IS" translate="no"><val>Íslenska</val></str> 
		<str name="lt_LT" translate="no"><val>Lietuvių</val></str>
		<str name="mk_MK" translate="no"><val>македонски</val></str>
		<str name="nn_NO" translate="no"><val>Norsk (Nynorsk)</val></str>
		<str name="pt_PT" translate="no"><val>Português de Portugal</val></str> 
		<str name="sh_YU" translate="no"><val>Srpsko-Hrvatski</val></str> 
		<str name="sr_YU" translate="no"><val>Cрпски</val></str> 
		<str name="kk_KZ" translate="no"><val>Қазақ</val></str>
		<str name="az_AZ" translate="no"><val>Azərbaycan dili</val></str> 
		<str name="es_MX" translate="no"><val>Español (América Latina)</val></str>
		<str name="no_NO" translate="no"><val>Norwegian</val></str> 
		<str name="cs_CZ" translate="no"><val>Česky</val></str>
		<str name="de_DE" translate="no"><val>Deutsch</val></str>
		<str name="el_GR" translate="no"><val>Ελληνικά</val></str>
		<str name="en_US" translate="no"><val>English (North America)</val></str> 
		<str name="es_ES" translate="no"><val>Español</val></str> 
		<str name="fr_FR" translate="no"><val>Français</val></str>
								<str name="he_IL" translate="no"><val>עברית</val></str> 
		<str name="hu_HU" translate="no"><val>Magyar</val></str> 
		<str name="it_IT" translate="no"><val>Italiano</val></str>
		<str name="ja_JP" translate="no"><val>日本語</val></str>
		<str name="ko_KR" translate="no"><val>한국어</val></str>
		<str name="nl_NL" translate="no"><val>Nederlands</val></str>
		<str name="pl_PL" translate="no"><val>Polski</val></str>
		<str name="ro_RO" translate="no"><val>Română</val></str>
		<str name="ru_RU" translate="no"><val>Pусский</val></str>
		<str name="sv_SE" translate="no"><val>Svenska</val></str>
		<str name="tr_TR" translate="no"><val>Türkçe</val></str>
		<str name="uk_UA" translate="no"><val>Українська</val></str>
		<str name="zh_CN" translate="no"><val>简体中文</val></str>
		<str name="zh_TW" translate="no"><val>繁體中文</val></str>
		<str name="da_DK" translate="no"><val>Dansk</val></str>
		<str name="fi_FI" translate="no"><val>Suomi</val></str>
		<str name="nb_NO" translate="no"><val>Norsk (Bokmål)</val></str> 
		<str name="pt_BR" translate="no"><val>Português do Brasil</val></str>
	</set>
		
</asf>
