<?xml version='1.0' encoding='utf-8'?>
<!DOCTYPE asf SYSTEM "http://ns.adobe.com/asf/asf_1_0.dtd" >
<asf xmlns="http://ns.adobe.com/asf" locale="nb_NO" version="1.0">
	
	<set name="common">
		<str name="windowTitle" translate="yes">
			<val>Adobe-produkt</val>
		</str>
		<str name="day" translate="yes">
			<val>dag</val>
		</str>
		<str name="days" translate="yes">
			<val>dager</val>
		</str>
	</set>
	
	<set name="eula">
		<str name="eula" translate="yes">
			<val>Lisensavtale for Adobe-programvare</val>
		</str>
		<str name="accept" translate="yes">
			<val>Godta</val>
		</str>
		<str name="quit" translate="yes">
			<val>Avslutt</val>
		</str>		
	</set>

	<set name="register">
		<set name="trial">
			<set name="online">
				<str name="title" translate="yes">
					<val>Pålogging kreves</val>
				</str>
				<str name="message" translate="yes">
					<val>Logg på med Adobe-ID-en for å bruke prøveversjonen av {0}.</val>
				</str>
				<str name="message_device" translate="yes">
					<val>Prøveversjonen blir nå registrert på Adobe-ID-en din: {0}.</val>
				</str>
				<str name="notYou" translate="yes">
					<val>(Er ikke dette din Adobe-ID?)</val>
				</str>
				<str name="signInNow" translate="yes">
					<val>Logg på nå</val>
				</str>
				<str name="signIn" translate="yes">
					<val>Logg på</val>
				</str>
				<str name="termTitle" translate="yes">
					<val>Vilkår for prøveversjoner av programvare.</val>
				</str>
				<str name="termPara1" translate="yes">
					<val>Det kan være vi ber deg om flere opplysninger slik at vi kan skreddersy innhold til deg. Du kan når som helst deaktivere denne funksjonen ved å gå til personverninnstillingene på brukeropplevelsesskjermen.</val>
				</str>
				<str name="termPara2" translate="yes">
					<val>Hvis du vil ha informasjon om dataene vi samler om din bruk av produktet, og hvordan Adobe benytter disse dataene, inkludert hvordan vi tilpasser markedsføringen til dine interesser, kan du {0}klikke her{1} og se {2}Adobes personvernerklæring på Internett{3}.</val>
				</str>
				<str name="privacyPortalLink" translate="yes">
					<val>http://www.adobe.com/go/adobe_privacy_portal_no</val>
				</str>
				<str name="privacyPolicyLink" translate="yes">
					<val>http://www.adobe.com/go/privacy_no</val>
				</str>
			</set>
		</set>
		
		<set name="subscription">
			<str name="title" translate="yes">
				<val>Pålogging kreves</val>
			</str>			
			<str name="message" translate="yes">
				<val>Du må logge på for å installere produktet og registrere det under Adobe-ID-en din. Med en Adobe-ID er det enkelt å få tilgang til serienumrene dine, Adobe Creative Cloud og fellesskapet på Adobe.com.</val>
			</str>
			<str name="userEmail" translate="yes">
				<val>Du blir logget på med følgende Adobe-ID: {0}.</val>
			</str>
			<str name="notYou" translate="yes">
				<val>(Er ikke dette din Adobe-ID?)</val>
			</str>
			<str name="signInNow" translate="yes">
				<val>Logg på nå</val>
			</str>
			<str name="signIn" translate="yes">
				<val>Logg på</val>
			</str>
			<str name="back" translate="yes">
				<val>Tilbake</val>
			</str>
		</set>
		
		
		<set name="serial">
			<set name="grace">
				<str name="title" translate="yes">
					<val>Pålogging kreves</val>
				</str>			
				<str name="message" translate="yes">
					<val>Du må logge på med en Adobe-ID og registrere {0} innen {1}, ellers slutter det å fungere.</val>
				</str>
				<str name="benefit" translate="yes">
					<val>Ved hjelp av Adobe-ID-en får du enkel tilgang til serienumrene dine, i tillegg til Adobe Creative Cloud og Adobe.com-fellesskapet.</val>
				</str>
				<str name="userEmail" translate="yes">
					<val>Vi vil logge deg på med følgende Adobe-ID: {0}.</val>
				</str>
				<str name="notYou" translate="yes">
					<val>(Er ikke dette din Adobe-ID?)</val>
				</str>
				<str name="signInNow" translate="yes">
					<val>Logg på nå</val>
				</str>
				<str name="signIn" translate="yes">
					<val>Logg på</val>
				</str>
				<str name="signInLater" translate="yes">
					<val>Logg på senere</val>
				</str>
			</set>
			
			<set name="post_grace">
				<str name="title" translate="yes">
					<val>Pålogging kreves</val>
				</str>			
				<str name="message" translate="yes">
					<val>Du må logge på med Adobe-ID-en for å registrere {0} før du bruker denne programvaren neste gang.</val>
				</str>
				<str name="benefit" translate="yes">
					<val>Ved hjelp av Adobe-ID-en får du enkel tilgang til serienumrene dine, i tillegg til Adobe Creative Cloud og Adobe.com/no-fellesskapet.</val>
				</str>
				<str name="userEmail" translate="yes">
					<val>Vi vil logge deg på med følgende Adobe-ID: {0}.</val>
				</str>
				<str name="notYou" translate="yes">
					<val>(Er ikke dette din Adobe-ID?)</val>
				</str>
				<str name="signInNow" translate="yes">
					<val>Logg på nå</val>
				</str>
				<str name="signIn" translate="yes">
					<val>Logg på</val>
				</str>
				<str name="signInLater" translate="yes">
					<val>Logg på senere</val>
				</str>
			</set>
		
			<set name="post_bonus">
				<str name="title" translate="yes">
					<val>Pålogging kreves</val>
				</str>			
				<str name="message" translate="yes">
					<val>Du kan ikke bruke {0} uten å logge på med Adobe-ID-en for å registrere deg.</val>
				</str>
				<str name="benefit" translate="yes">
					<val>Ved hjelp av Adobe-ID-en får du enkel tilgang til serienumrene dine, i tillegg til Adobe Creative Cloud og Adobe.com/no-fellesskapet.</val>
				</str>
				<str name="userEmail" translate="yes">
					<val>Vi vil logge deg på med følgende Adobe-ID: {0}.</val>
				</str>
				<str name="notYou" translate="yes">
					<val>(Er ikke dette din Adobe-ID?)</val>
				</str>
				<str name="signInNow" translate="yes">
					<val>Logg på nå</val>
				</str>
				<str name="signIn" translate="yes">
					<val>Logg på</val>
				</str>
				<str name="quit" translate="yes">
					<val>Avslutt</val>
				</str>
			</set>
		
			<set name="go_online_grace">
				<str name="title" translate="yes">
					<val>Pålogging kreves</val>
				</str>			
				<str name="message" translate="yes">
					<val>Koble til Internett. Du må logge på med Adobe-ID-en for å registrere {0} innen {1}, ellers slutter det å fungere.</val>
				</str>
				<str name="benefit" translate="yes">
					<val>Ved hjelp av Adobe-ID-en får du enkel tilgang til serienumrene dine, i tillegg til Adobe Creative Cloud og Adobe.com/no-fellesskapet.</val>
				</str>
				<str name="userEmail" translate="yes">
					<val>Du blir logget på med følgende Adobe-ID: {0}.</val>
				</str>
				<str name="notYou" translate="yes">
					<val>(Er ikke dette din Adobe-ID?)</val>
				</str>
				<str name="noInternet" translate="yes">
					<val>Har du problemer med å koble til Internett?</val>
				</str>
				<str name="signInNow" translate="yes">
					<val>Logg på nå</val>
				</str>
				<str name="signIn" translate="yes">
					<val>Logg på</val>
				</str>
				<str name="signInLater" translate="yes">
					<val>Logg på senere</val>
				</str>
			</set>
		
			<set name="go_online_post_grace">
				<str name="title" translate="yes">
					<val>Pålogging kreves</val>
				</str>			
				<str name="message" translate="yes">
					<val>Du må logge på med Adobe-ID-en for å registrere {0} før du bruker denne programvaren neste gang.</val>
				</str>
				<str name="benefit" translate="yes">
					<val>Ved hjelp av Adobe-ID-en får du enkel tilgang til serienumrene dine, i tillegg til Adobe Creative Cloud og Adobe.com/no-fellesskapet.</val>
				</str>
				<str name="userEmail" translate="yes">
					<val>Vi vil logge deg på med følgende Adobe-ID: {0}.</val>
				</str>
				<str name="notYou" translate="yes">
					<val>(Er ikke dette din Adobe-ID?)</val>
				</str>
				<str name="noInternet" translate="yes">
					<val>Har du problemer med å koble til Internett?</val>
				</str>
				<str name="signInNow" translate="yes">
					<val>Logg på nå</val>
				</str>
				<str name="signIn" translate="yes">
					<val>Logg på</val>
				</str>
				<str name="signInLater" translate="yes">
					<val>Logg på senere</val>
				</str>
			</set>
		
			<set name="go_online_post_bonus">
				<str name="title" translate="yes">
					<val>Pålogging kreves</val>
				</str>			
				<str name="message" translate="yes">
					<val>Du kan ikke bruke {0} uten å logge på med Adobe-ID-en for å registrere deg.</val>
				</str>
				<str name="benefit" translate="yes">
					<val>Ved hjelp av Adobe-ID-en får du enkel tilgang til serienumrene dine, i tillegg til Adobe Creative Cloud og Adobe.com/no-fellesskapet.</val>
				</str>
				<str name="userEmail" translate="yes">
					<val>Vi vil logge deg på med følgende Adobe-ID: {0}.</val>
				</str>
				<str name="noInternet" translate="yes">
					<val>Har du problemer med å koble til Internett?</val>
				</str>
				<str name="notYou" translate="yes">
					<val>(Er ikke dette din Adobe-ID?)</val>
				</str>
				<str name="signInNow" translate="yes">
					<val>Logg på nå</val>
				</str>
				<str name="signIn" translate="yes">
					<val>Logg på</val>
				</str>
				<str name="quit" translate="yes">
					<val>Avslutt</val>
				</str>
			</set>
		</set>
	</set>
	
	
	<set name="registerOptional">
		<set name="serial">
			<str name="title" translate="yes">
				<val>Registrer produktet</val>
			</str>			
			<str name="paragraphOneText" translate="yes">
				<val>Registrer {0} ved hjelp av Adobe-ID-en.</val>
			</str>
			<str name="paragraphOneTextWithAdobeID" translate="yes">
				<val>Registrer {0} ved hjelp av Adobe-ID-en din:</val>
			</str>
			<str name="paragraphTwoHeader" translate="yes">
				<val>Ved å registrere produktet kan du:</val>
			</str>
			<str name="pointOne" translate="yes">
				<val>Få tilgang til teknisk kundestøtte</val>
			</str>
			<str name="pointTwo" translate="yes">
				<val>Holde orden på serienummeret ditt</val>
			</str>
			<str name="pointThree" translate="yes">
				<val>Være blant de første som får oppdateringer og informasjon om {0}</val>
			</str>
			<str name="pointFour" translate="yes">
				<val>Få en {0}gratis fordel{1} når du registrerer deg.</val>
			</str>
			<str name="complementaryBenefitsLink" translate="yes">
				<val>https://www.adobe.com/go/benefit_no</val>
			</str>
			<str name="notYou" translate="yes">
				<val>(Er ikke dette deg?)</val>
			</str>
			<str name="neverCheckBoxText" translate="yes">
				<val>Ikke vis dette igjen</val>
			</str>
			<str name="registerNow" translate="yes">
				<val>Registrer nå</val>
			</str>
			<str name="skip" translate="yes">
				<val>Hopp over</val>
			</str>
		</set>
	</set>
	
	<set name="trialLaunch">
		<str name="title" translate="yes">
			<val>Prøvev. av {0}</val>
		</str>
		
		<set name="start">
			<str name="info" translate="yes">
				<val>Du kan prøve ut produktet i {0} dager.</val>
			</str>
			<str name="info_day" translate="yes">
				<val>Du kan prøve ut produktet i {0} dag.</val>
			</str>
			<str name="additionalInfo" translate="yes">
				<val>Du kan fortsette å bruke {0} etter prøveperioden ved å kjøpe programvaren.</val>
			</str>
		</set>
		
		<set name="grace">
			<str name="info" translate="yes">
				<val>Prøveversjonen utløper om {0} dager.</val>
			</str>
			<str name="info_day" translate="yes">
				<val>Prøveversjonen utløper om {0} dag.</val>
			</str>
			<str name="additionalInfo" translate="yes">
				<val>Du kan fortsette å bruke {0} etter prøveperioden ved å kjøpe programvaren.</val>
			</str>
		</set>
		
		<set name="bonus">
			<str name="info" translate="yes">
				<val>Siste oppstart av prøveversjon</val>
			</str>
			<str name="additionalInfo" translate="yes">
				<val>Prøveperioden er utløpt, men du kan bruke {0} en siste gang.</val>
			</str>
			<str name="bonusInfo" translate="yes">
				<val>Du kan fortsette å bruke {0} ved å kjøpe programvaren.</val>
			</str>
		</set>
		
		<set name="expired">
			<str name="info" translate="yes">
				<val>Prøveperioden er utløpt.</val>
			</str>
			<str name="additionalInfo" translate="yes">
				<val>Du kan fortsette å bruke {0} ved å kjøpe programvaren.</val>
			</str>
		</set>
		
		<str name="daysRemaining" translate="yes">
			<val>dager gjenstår</val>
		</str>
		<str name="dayRemaining" translate="yes">
			<val>dag gjenstår</val>
		</str>
		<str name="buy" translate="yes">
			<val>Kjøp nå</val>
		</str>
		<str name="buyLink" translate="no">
			<val>http://www.adobe.com/go/buy</val>
		</str>
		<str name="continue" translate="yes">
			<val>Fortsett med prøveversjon</val>
		</str>
		<str name="startTrial" translate="yes">
			<val>Start prøveversjon</val>
		</str>
		<str name="enterSerial" translate="yes">
			<val>Lisensier denne programvaren</val>
		</str>		
	</set>
	
	<set name="deactivate">
		<str name="title" translate="yes">
			<val>Deaktiver</val>
		</str>
		<str name="title_Fail" translate="yes">
			<val>Kan ikke deaktivere</val>
		</str>
		<str name="infoSubscription" translate="yes">
			<val>Deaktivering av programmet endrer ikke abonnementet. Gå til {0}Abonnementsbehandling{1} hvis du vil endre abonnementet.</val>
		</str>
		<str name="infoSubscriptionCCMTeam" translate="yes">
			<val>Abonnementet ditt endres ikke selv om du deaktiverer programmet.</val>
		</str>
		<str name="message" translate="yes">
			<val>Deaktivering gjør det mulig å aktivere Adobe-produktene på en annen datamaskin, forutsatt at du handler i samsvar med {0}lisensavtalen for programvare{1}. Kontroller at du er koblet til Internett før du deaktiverer. Du kan aktivere på denne maskinen igjen ved å angi serienummeret ditt på nytt.</val>
		</str>
		<str name="messageSubscription" translate="yes">
			<val>Deaktivering gjør det mulig å aktivere Adobe-produktene på en annen datamaskin, forutsatt at du handler i samsvar med {0}lisensavtalen for programvare{1}. Kontroller at du er koblet til Internett før du deaktiverer.</val>
		</str>
		<str name="deActivationMsgError" translate="yes">
			<val>Hvis problemet vedvarer, bør du kontakte {0}kundestøtte{1}. {2}</val>
		</str>
		<str name="customerSupportLink" translate="yes">
			<val>http://www.adobe.com/go/customer_support_no</val>
		</str>
		<str name="eula_Link" translate="yes">
			<val>http://www.adobe.com/go/eulas_no</val>
		</str>
		<str name="subscriptionManagerLinkForCC" translate="yes">
			<val> http://www.adobe.com/go/cc_manage_act_no</val>
		</str>
		<str name="subscriptionManagerLinkForNonCC" translate="yes">
			<val>http://www.adobe.com/go/subscriptionedition_no</val>
		</str>
		<str name="failure" translate="yes">
			<val>Kan ikke deaktivere. Prøv på nytt.</val>
		</str>
		<str name="deactivate" translate="yes">
			<val>Deaktiver</val>
		</str>		
		<str name="cancel" translate="yes">
			<val>Avbryt</val>
		</str>
		<str name="continue" translate="yes">
			<val>Fortsett</val>
		</str>
		
		<str name="offline" translate="yes">
			<val>Koble til Internett og prøv på nytt</val>
		</str>		
		<str name="offlineMsg" translate="yes">
			<val>Kan ikke deaktivere. Kontroller at du er koblet til Internett, og prøv på nytt. Ta kontakt med {0}kundestøtte{1} hvis problemet vedvarer.</val>
		</str>	
		<str name="customerSupportLink" translate="yes">
			<val>http://www.adobe.com/go/customer_support_no</val>
		</str>
	</set>
	
	<set name="trialFailed">
		<str name="title" translate="yes">
			<val>Initialisering av prøveversjon mislyktes</val>
		</str>
		<str name="warning" translate="yes">
			<val>Lisensen virker ikke lenger.</val>
		</str>
		<str name="message" translate="yes">
			<val>Det har oppstått et problem med lisensen for dette produktet. Installer produktet på nytt og prøv en gang til. Ta kontakt med {0}kundestøtte{1} for å få hjelp hvis problemet fremdeles inntreffer etter at du har installert programmet på nytt.</val>
		</str>
		<str name="customerSupportLink" translate="yes">
			<val>http://www.adobe.com/go/customer_support_no</val>
		</str>
		<str name="close" translate="yes">
			<val>Lukk</val>
		</str>
		<str name="enterSerial" translate="yes">
			<val>Lisensier denne programvaren</val>
		</str>
	</set>
	
	<set name="validateSerial">
		<str name="title" translate="yes">
			<val>Serienummervalidering</val>
		</str>
		
		<set name="grace">
			<str name="message" translate="yes">
				<val>Koble til Internett for å validere serienummeret. Det må valideres innen {0}. Hvis ikke, slutter programvaren å fungere.</val>
			</str>
		</set>
		
		<set name="post_grace">
			<str name="message" translate="yes">
				<val>Koble til Internett for å validere serienummeret. Du må koble til Internett ved neste oppstart. Hvis ikke, vil ikke programvaren fungere.</val>
			</str>
		</set>
		
		<set name="post_bonus">
			<str name="message" translate="yes">
				<val>Koble til Internett for å validere serienummeret. Denne programvaren vil ikke fungere uten aktivering og serienummervalidering. Du må koble til Internett for å fortsette.</val>
			</str>
		</set>
		
		<str name="noInternet" translate="yes">
			<val>Har du problemer med å koble til Internett?</val>
		</str>
		<str name="validate" translate="yes">
			<val>Valider</val>
		</str>
		<str name="connectLater" translate="yes">
			<val>Koble til senere</val>
		</str>
		<str name="quit" translate="yes">
			<val>Avslutt</val>
		</str>
	</set>

	<set name="deactivateSuccess">
		<str name="title" translate="yes">
			<val>Deaktivering fullført</val>
		</str>
		<str name="message" translate="yes">
			<val>Du kan nå bruke {0} på en annen datamaskin. For å bruke {0} på denne datamaskinen igjen må du angi et gyldig serienummer eller velge "Prøv" og angi Adobe-ID-en som er tilknyttet abonnementet.</val>
		</str>
		<str name="close" translate="yes">
			<val>Lukk</val>
		</str>	
	</set>
	
	<set name="offlineScrim">
		<str name="title" translate="yes">
			<val>Koble til Internett og prøv på nytt</val>
		</str>
		<str name="message" translate="yes">
			<val>Datamaskinen ser ut til å være frakoblet. Internett-tilkobling er nødvendig. Koble til Internett og prøv på nytt. Ta kontakt med {0}kundestøtte{1} hvis dette problemet vedvarer.</val>
		</str>
		<str name="offlineActivationMsg" translate="yes">
			<val>Hvis denne datamaskinen ikke kan kobles til Internett, kan du få mer informasjon på {0} ved bruk av en enhet med Internett-tilkobling.</val>
		</str>
		<str name="offlineActivationLink" translate="yes">
			<val>http://www.adobe.com/go/getactivated_no</val>
		</str>
		<str name="customerSupportLink" translate="yes">
			<val>http://www.adobe.com/go/customer_support_no</val>
		</str>
		<str name="retry" translate="yes">
			<val>Prøv på nytt</val>
		</str>
		<str name="connectLater" translate="yes">
			<val>Koble til senere</val>
		</str>
		<str name="cancel" translate="yes">
			<val>Avbryt</val>
		</str>
	</set>
	
	<set name="dspEntitlementOfflineScrim">
		<str name="title" translate="yes">
			<val>Internett-tilkobling kreves for abonnementer</val>
		</str>
		<str name="message" translate="yes">
			<val>Du må være koblet til Internett for å kunne opprette et abonnement. Hvis du har et abonnement, kobler du deg til Internett og klikker på Prøv på nytt.</val>
		</str>
		<str name="serialInfo" translate="yes">
			<val>Hvis du har et serienummer, klikker du på Skriv inn serienummer for å fortsette.</val>
		</str>
		<str name="retry" translate="yes">
			<val>Prøv på nytt</val>
		</str>
		<str name="enterSerialNumber" translate="yes">
			<val>Skriv inn serienummer</val>
		</str>
		<str name="cancel" translate="yes">
			<val>Tilbake</val>
		</str>
	</set>
	
	<set name="screenLoading">
		<str name="loading" translate="yes">
			<val>Laster inn ...</val>
		</str>
		<str name="validatingSerial" translate="yes">
			<val>Validerer serienummer. Dette kan ta litt tid ...</val>
		</str>
	</set>
	
	<set name="overActivation">
		<str name="title" translate="yes">
			<val>Serienummer</val>
		</str>
		<str name="stepMessage" translate="yes">
			<val>Serienummer {0} brukes allerede på maksimalt antall datamaskiner som er tillatt. Du må deaktivere programmet på en annen datamaskin innen {1} dager for å kunne bruke dette produktet.</val>
		</str>
		<str name="stepMessageOneDay" translate="yes">
			<val>Serienummer {0} brukes allerede på maksimalt antall datamaskiner som er tillatt. Du må deaktivere programmet på en annen datamaskin innen 1 dag for å kunne bruke dette produktet.</val>
		</str>
		<str name="stepMessageBonusLaunch" translate="yes">
			<val>Serienummer {0} brukes allerede på maksimalt antall datamaskiner som er tillatt. Du må deaktivere programmet på en annen datamaskin eller angi et annet gyldig serienummer for å kunne bruke {1} igjen på denne datamaskinen.</val>
		</str>
		<str name="radioButton1" translate="yes">
			<val>Prøv å aktivere på nytt. Jeg har allerede deaktivert programmet på en av de andre datamaskinene.</val>
		</str>
		<str name="radioButton2" translate="yes">
			<val>Angi et annet serienummer.</val>
		</str>
		<str name="continue" translate="yes">
			<val>Fortsett</val>
		</str>
	</set>
	
	<set name="activationFailure">
		<str name="title" translate="yes">
			<val>Kan ikke aktivere</val>
		</str>
		<str name="activationStepError" translate="yes">
			<val>{0} kan ikke aktiveres</val>
		</str>
		<str name="activationMsgError" translate="yes">
			<val>Kontroller innstillingene for Internett-tilkobling, og prøv på nytt. Ta kontakt med {0}kundestøtte{1} hvis problemet vedvarer. {2}</val>
		</str>
		<str name="customerSupportLink" translate="yes">
			<val>http://www.adobe.com/go/customer_support_no</val>
		</str>
		<str name="close" translate="yes">
			<val>Lukk</val>
		</str>
		<str name="retry" translate="yes">
			<val>Prøv på nytt</val>
		</str>
	</set>
	<set name="activationRequired">
		<str name="title" translate="yes">
			<val>Aktivering kreves</val>
		</str>
		<str name="activationMsgOneDay" translate="yes">
			<val>Koble til Internett. Aktivering av {0} må skje innen 1 dag, ellers vil det slutte å fungere.</val>
		</str>
		<str name="activationMsg" translate="yes">
			<val>Koble til Internett. Aktivering av {0} må skje innen {1} dager, ellers vil det slutte å fungere.</val>
		</str>
		<str name="activationMsgBonus" translate="yes">
			<val>Koble til Internett. Aktivering av {0} må skje i dag, ellers vil det slutte å fungere.</val>
		</str>
		<str name="activateLater" translate="yes">
			<val>Aktiver senere</val>
		</str>
		<str name="retry" translate="yes">
			<val>Aktiver nå</val>
		</str>
	</set>
	
	<set name="confirmationDialog">
		<str name="title" translate="yes">
			<val>Avslutt</val>
		</str>
		<str name="message" translate="yes">
			<val>Er du sikker på at du vil avslutte?</val>
		</str>
		<str name="primaryButtonLabel" translate="yes">
			<val>Ja</val>
		</str>
		<str name="secondaryButtonLabel" translate="yes">
			<val>Nei</val>
		</str>
	</set>
	
	<set name="inAppTrials">
		<str name="loading" translate="yes">
			<val>Laster inn ...</val>
		</str>
		<str name="title" translate="yes">
			<val>Prøvev. av {0}</val>
		</str>
		<str name="continue" translate="yes">
			<val>Fortsett med prøveversjon</val>
		</str>
		<str name="startTrial" translate="yes">
			<val>Start prøveversjon</val>
		</str>
		<str name="enterSerial" translate="yes">
			<val>Lisensier denne programvaren</val>
		</str>
		<str name="privacySettings" translate="yes">
			<val>Personverninnstillinger</val>
		</str>
		<str name="tutorialsList" translate="yes">
			<val>{0} av {1}</val>
		</str>
		<str name="videoLoadingError" translate="yes">
			<val>Feil ved innlasting av video.</val>
		</str>
		<str name="tryAgain" translate="yes">
			<val>Prøv på nytt</val>
		</str>
		<str name="exitFullScreen" translate="yes">
			<val>Trykk på Esc for å avslutte fullskjermmodus.</val>
		</str>
		<str name="okay" translate="yes">
			<val>OK</val>
		</str>
		<str name="cancel" translate="yes">
			<val>Avbryt</val>
		</str>
		<str name="privacyText" translate="yes">
			<val>Vi ber kanskje om at du oppgir opplysninger som gjør at vi kan skreddersy innholdet til deg, for eksempel om hvor mye erfaring du har med programvaren.</val>
		</str>
		<str name="privacyPolicyText" translate="yes">
			<val>Hvis du vil ha informasjon om dataene vi samler om din bruk av produktet, og hvordan Adobe benytter disse dataene, inkludert hvordan vi tilpasser markedsføringen til dine interesser, kan du {0}klikke her{1} og se {2}Adobes personvernerklæring på Internett{3}</val>
		</str>
		<str name="optInText" translate="yes">
			<val>Slå av visning av tilpasset prøveversjonsinnhold. Neste gang du starter prøveversjonen, vises ikke noe tilpasset innhold.</val>
		</str>
		<str name="privacyPortalLink" translate="yes">
			<val>http://www.adobe.com/go/adobe_privacy_portal_no</val>
		</str>
		<str name="privacyPolicyLink" translate="yes">
			<val>http://www.adobe.com/go/privacy_no</val>
		</str>		
		
	</set>
	
	<set name="noInternetConnection">
		<str name="title" translate="yes">
			<val>Ingen Internett-forbindelse</val>
		</str>
		<str name="para1" translate="yes">
			<val>Vi finner ingen Internett-tilkobling på denne maskinen.</val>
		</str>
		<str name="para2" translate="yes">
			<val>Aktivering og registrering må fullføres innen {0} dager. Hvis denne datamaskinen kan kobles til Internett, tar det bare noen minutter.</val>
		</str>
		<str name="para2_day" translate="yes">
			<val>Aktivering og registrering må fullføres innen 1 dag. Hvis denne datamaskinen kan kobles til Internett, tar det bare noen minutter.</val>
		</str>
		<str name="para2_end" translate="yes">
			<val>Aktivering og registrering må fullføres. Hvis denne datamaskinen kan kobles til Internett, tar det bare noen minutter.</val>
		</str>
		<str name="para2_optional" translate="yes">
			<val>Aktivering må fullføres innen {0} dager. Hvis denne datamaskinen kan kobles til Internett, tar det bare noen minutter.</val>
		</str>
		<str name="para2_day_optional" translate="yes">
			<val>Aktivering må fullføres innen 1 dag. Hvis denne datamaskinen kan kobles til Internett, tar det bare noen minutter.</val>
		</str>
		<str name="para2_end_optional" translate="yes">
			<val>Aktivering må fullføres. Hvis denne datamaskinen kan kobles til Internett, tar det bare noen minutter.</val>
		</str>
		<str name="para3" translate="yes">
			<val>Hvis denne datamaskinen ikke kan koble til Internett, klikker du på Aktivering når datamaskinen er frakoblet. Du trenger en enhet med Internett-tilgang og produktets serienummer for å aktivere programvaren når datamaskinen er frakoblet.</val>
		</str>
		<str name="para3_optional" translate="yes">
			<val>Hvis denne datamaskinen aldri kan kobles til Internett, klikker du på Aktivering når datamaskinen er frakoblet. Du trenger en enhet som kan kobles til Internett, og produktets serienummer for å fullføre aktiveringsprosessen når datamaskinen er frakoblet.</val>
		</str>
		<str name="hyperlinkText" translate="yes">
			<val>Datamaskinen er tilkoblet Internett. Jeg vet ikke hva som er problemet.</val>
		</str>
		<str name="hyperlinkTooltipText" translate="yes">
			<val>Kontakt administrator eller ring Adobes kundestøtte.</val>
		</str>
		<str name="offlineActivate" translate="yes">
			<val>Aktivering når datamaskinen er frakoblet</val>
		</str>
		<str name="back" translate="yes">
			<val>Tilbake</val>
		</str>
	</set>
	
	<set name="offlineActivation">
		<str name="title" translate="yes">
			<val>Aktivering når datamaskinen er frakoblet</val>
		</str>
		<set name="StepError">
			<str name="requestCodeExpired" translate="yes">
				<val>Svarkoden {0} er utløpt. Følg trinnene nedenfor for å fullføre aktiveringen når datamaskinen ikke er koblet til Internett.</val>
			</str>
			<str name="requestCodeGenError" translate="yes">
				<val>Vi kan ikke generere en forespørselkode. Prøv på nytt.</val>
			</str>
		</set>
		<str name="para1" translate="yes">
			<val>1. Klikk på Generer forespørselkode nedenfor. Koden er maskinspesifikk og er gyldig i 72 timer. Hvis du ikke får fullført prosessen innen 72 timer, genererer du ganske enkelt en ny kode.</val>
		</str>
		<str name="para2" translate="yes">
			<val>2. Bruk en enhet med Internett-tilkobling og gå til Adobe.com/go/getactivated_no.</val>
		</str>
		<str name="para3" translate="yes">
			<val>3. Skriv inn koden fra trinn 1 og serienummeret ditt på webområdet når du blir bedt om det. Dette vil generere en svarkode.</val>
		</str>
		<str name="para4" translate="yes">
			<val>4. Skriv inn svarkoden på maskinen som er frakoblet, og klikk på Aktiver.</val>
		</str>
		<str name="para5" translate="yes">
			<val>Klikk på Tilbake for å aktivere programvaren på Internett.</val>
		</str>
		<str name="hyperlinkText" translate="yes">
			<val>Jeg vil aktivere raskere ved å koble til Internett.</val>
		</str>
		<str name="back" translate="yes">
			<val>Tilbake</val>
		</str>
		<str name="activateLater" translate="yes">
			<val>Aktiver senere</val>
		</str>
		<str name="quit" translate="yes">
			<val>Avslutt</val>
		</str>
		<str name="generateRequestCode" translate="yes">
			<val>Generer forespørselkode</val>
		</str>
		<str name="customerSupportLink" translate="yes">
			<val>http://www.adobe.com/go/customer_support_no</val>
		</str>
	</set>
	
	<set name="offlineActivationCode">
		<str name="title" translate="yes">
			<val>Aktivering når datamaskinen er frakoblet</val>
		</str>
		<set name="StepError">
			<str name="invalidResponseCode" translate="yes">
				<val>Du anga en ugyldig svarkode. Angi den på nytt.</val>
			</str>
			<str name="requestCodeExpired" translate="yes">
				<val>Svarkoden {0} er utløpt. Følg trinnene nedenfor for å fullføre aktiveringen når datamaskinen ikke er koblet til Internett.</val>
			</str>
			<str name="verifyError" translate="yes">
				<val>Vi kan ikke bekrefte svarkoden du anga. Prøv på nytt.</val>
			</str>
		</set>
		<str name="requestCode" translate="yes">
			<val>Forespørselkode:</val>
		</str>
		<str name="para1" translate="yes">
			<val>Du har {0} på å skaffe en svarkode fra www.adobe.com/go/getactivated_no og angi den nedenfor.</val>
		</str>
		<str name="responseCode" translate="yes">
			<val>Svarkode:</val>
		</str>
		<str name="hyperlinkText" translate="yes">
			<val>Jeg vil aktivere raskere ved å koble til Internett.</val>
		</str>
		<str name="back" translate="yes">
			<val>Tilbake</val>
		</str>
		<str name="activateLater" translate="yes">
			<val>Aktiver senere</val>
		</str>
		<str name="quit" translate="yes">
			<val>Avslutt</val>
		</str>
		<str name="activate" translate="yes">
			<val>Aktiver</val>
		</str>
		<str name="hour" translate="yes">
			<val>time</val>
		</str>
		<str name="hours" translate="yes">
			<val>timer</val>
		</str>
		<str name="customerSupportLink" translate="yes">
			<val>http://www.adobe.com/go/customer_support_no</val>
		</str>
	</set>
	
	<set name="offlineActivationComplete">
		<str name="title" translate="yes">
			<val>Aktivering for frakoblet datamaskin er fullført</val>
		</str>
		<str name="message" translate="yes">
			<val>{0} er aktivert og klart til bruk.</val>
		</str>
		<str name="close" translate="yes">
			<val>Lukk</val>
		</str>
		<str name="launch" translate="yes">
			<val>Start</val>
		</str>
	</set>
	
	<set name="unableToActivate">
		<str name="title" translate="yes">
			<val>Kan ikke aktivere</val>
		</str>
		<str name="warning" translate="yes">
			<val>{0} kan ikke aktiveres</val>
		</str>
		<str name="para1" translate="yes">
			<val>Produktet må aktiveres for å kunne brukes.</val>
		</str>
		<str name="para2" translate="yes">
			<val>Du må ha en tilkobling til Internett som fungerer, for å kunne aktivere dette produktet. Kontroller tilkoblingsinnstillingene, og velg Prøv på nytt.</val>
		</str>
		<str name="tryAgain" translate="yes">
			<val>Prøv på nytt</val>
		</str>
		<str name="close" translate="yes">
			<val>Lukk</val>
		</str>
		<str name="noInternet" translate="yes">
			<val>Har du problemer med å koble til Internett?</val>
		</str>
	</set>
	
	<set name="dspSubscriptionActivated">
		<str name="title" translate="yes">
			<val>Abonnementet er aktivert</val>
		</str>
		<str name="message" translate="yes">
			<val>Takk for at du har tegnet et abonnement på {0}.</val>
		</str>
		<str name="close" translate="yes">
			<val>Lukk</val>
		</str>
	</set>
	
	<set name="dspOverActivation">
		<str name="title" translate="yes">
			<val>Maksimalt antall aktiveringer er overskredet</val>
		</str>
		<str name="warning" translate="yes">
			<val>{0} kan ikke aktiveres.</val>
		</str>
		<str name="message" translate="yes">
			<val>Et abonnement på dette produktet under denne Adobe-ID-en er allerede aktivt på to datamaskiner, som er den maksimale grensen. Velg Fortsett for å deaktivere dine andre enheter og aktivere abonnementet på denne, eller velg Lisensier denne programvaren for å logge på med en annen Adobe-ID.</val>
		</str>
		<str name="activationPolicy" translate="yes">
			<val>{0}Vis aktiveringspolicy{1}</val>
		</str>
		<str name="activationPolicyLink" translate="yes">
			<val>http://www.adobe.com/go/activation_no</val>
		</str>
		<str name="licenseThisSoftware" translate="yes">
			<val>Lisensier denne programvaren</val>
		</str>
		<str name="continue" translate="yes">
			<val>Fortsett</val>
		</str>
	</set>
	
	<set name="dspAdobeIDMismatch">
		<str name="title" translate="yes">
			<val>Prøv på nytt</val>
		</str>
		<str name="warning" translate="yes">
			<val>Feil Adobe-ID</val>
		</str>
		<str name="message" translate="yes">
			<val>Adobe-ID-en du logget deg på med, samsvarer ikke med Adobe-ID-en som er tilknyttet dette abonnementet. Logg på med Adobe-ID-en som er tilknyttet dette abonnementet.</val>
		</str>
		<str name="back" translate="yes">
			<val>Tilbake</val>
		</str>
		<str name="quit" translate="yes">
			<val>Avslutt</val>
		</str>
	</set>
	
	<set name="dspSubscriptionExpired">
		<str name="title" translate="yes">
			<val>Forny abonnementet</val>
		</str>
		<str name="message" translate="yes">
			<val>Gå til {0}Abonnementsbehandling{1} for å fornye abonnementet på {2} og fortsette å bruke produktet. Hvis du nylig har fornyet abonnementet, venter du i 15 minutter og prøver deretter på nytt.</val>
		</str>
		<str name="messageCCMTeamPara1" translate="yes">
			<val>Kontakt systemansvarlig for å fornye abonnementet og fortsette å bruke produktet.</val>
		</str>
		<str name="messageCCMTeamPara2" translate="yes">
			<val>Hvis abonnementet allerede er fornyet, venter du i 15 minutter og prøver på nytt.</val>
		</str>
		<str name="signedInMessage" translate="yes">
			<val>Du er logget på med Adobe-ID-en: {0}. Hvis du vil logge på med en annen Adobe-ID, må du kjøpe lisens for denne programvaren.</val>
		</str>
		<str name="subscriptionManagerLinkForCC" translate="yes">
			<val> http://www.adobe.com/go/cc_manage_act_no</val>
		</str>
		<str name="subscriptionManagerLinkForNonCC" translate="yes">
			<val>http://www.adobe.com/go/subscriptionedition_no</val>
		</str>
		<str name="tryAgain" translate="yes">
			<val>Prøv på nytt</val>
		</str>
		<str name="close" translate="yes">
			<val>Lukk</val>
		</str>
		<str name="licenseThisSoftware" translate="yes">
			<val>Lisensier denne programvaren</val>
		</str>
	</set>
	
	<set name="dspCheckGenericError">
		<str name="title" translate="yes">
			<val>Prøv på nytt</val>
		</str>
		<str name="warning" translate="yes">
			<val>Kan ikke starte abonnementet på {0}.</val>
		</str>
		<str name="message" translate="yes">
			<val>Vent litt og prøv på nytt.</val>
		</str>
		<str name="tryAgain" translate="yes">
			<val>Prøv på nytt</val>
		</str>
		<str name="quit" translate="yes">
			<val>Avslutt</val>
		</str>
	</set>
	
	<set name="dspSubscriptionVerified">
		<str name="title" translate="yes">
			<val>Takk!</val>
		</str>
		<str name="message" translate="yes">
			<val>Abonnementet på {0} er nå aktivt. Velg Fortsett for å bruke produktet.</val>
		</str>
		<str name="continue" translate="yes">
			<val>Fortsett</val>
		</str>
	</set>
	
	<set name="dspSubscriptionReactivation">
		<str name="title" translate="yes">
			<val>Pålogging kreves</val>
		</str>
		<str name="message" translate="yes">
			<val>Våre opplysninger tilsier at dette produktet allerede er aktivt på en annen maskin. For å aktivere {0} på denne maskinen logger du på med Adobe-ID-en.</val>
		</str>
		<str name="signIn" translate="yes">
			<val>Logg på</val>
		</str>
		<str name="quit" translate="yes">
			<val>Avslutt</val>
		</str>
	</set>
	
	<set name="dspReminder">
		<set name="ccInfoReminder">
			<str name="title" translate="yes">
				<val>Abonnementspåminnelse</val>
			</str>
			<str name="message" translate="yes">
				<val>Abonnementet utløper snart.</val>
			</str>
			<str name="info" translate="yes">
				<val>Våre opplysninger tilsier at det ikke er knyttet et kredittkort til denne abonnementskontoen. Gå til {0}Abonnementsbehandling{1} og oppgi et kredittkort for å fornye abonnementet på {2} og fortsette å bruke produktet.</val>
			</str>
			<str name="infoCCMTeam" translate="yes">
				<val>Kontakt systemansvarlig for å sikre fortsatt tilgang til produktet.</val>
			</str>
		</set>
		
		<set name="graceReminder">
			<str name="title" translate="yes">
				<val>Abonnement utløpt</val>
			</str>
			<str name="message" translate="yes">
				<val>Abonnementet på {0} er utløpt.</val>
			</str>
			<str name="info" translate="yes">
				<val>Gå til {0}Abonnementsbehandling{1} for å fornye abonnementet på {2} og fortsette å bruke produktet. Du har anledning til å fornye abonnementet innen en kort periode, men når den er utløpt, vil du ikke lenger ha tilgang til produktet.</val>
			</str>
			<str name="infoCCMTeam" translate="yes">
				<val>Kontakt systemansvarlig for å fornye abonnementet og fortsette å bruke produktet. Du har anledning til å fornye abonnementet innen en kort periode, men når den er utløpt, vil du ikke lenger ha tilgang til produktet.</val>
			</str>
		</set>
		<set name="combinedSubIssueReminder">
			<str name="title" translate="yes">
				<val>Vi har problemer med å bekrefte medlemskapet ditt</val>
			</str>
			<str name="message" translate="yes">
				<val>Du er enten frakoblet, eller så er det problemer med faktureringen knyttet til kontoen din. Gå på nettet for å administrere kontoen din og bekrefte faktureringsopplysningene. Hvis du får problemer eller har spørsmål, kan du kontakte {0}kundestøtte{1}.</val>
			</str>
			<str name="messageCCMTeam1" translate="yes">
				<val>Enten er du frakoblet eller så er det problemer med faktureringen knyttet til gruppekontoen din. Kontakt administratoren din for å løse problemer med faktureringen.</val>
			</str>
			<str name="messageCCMTeam2" translate="yes">
				<val> Hvis du har andre spørsmål, kan du kontakte {0}kundestøtte{1}.</val>
			</str>
			<str name="offlineError" translate="yes">
				<val>Gå på nettet, slik at vi kan løse problemet, eller klikk på Fortsett hvis du vil være frakoblet og heller få en påminnelse fra oss senere.</val>
			</str>
		</set>
		
		<str name="subscriptionManagerLinkForCC" translate="yes">
			<val> http://www.adobe.com/go/cc_manage_act_no</val>
		</str>
		<str name="subscriptionManagerLinkForNonCC" translate="yes">
			<val>http://www.adobe.com/go/subscriptionedition_no</val>
		</str>
		<str name="offline" translate="yes">
			<val>Kan ikke koble til Internett. Kontroller tilkoblingsinnstillingene, og velg Prøv på nytt.</val>
		</str>
		<str name="subscriptionPolicy" translate="yes">
			<val>{0}Abonnementspolicy{1}</val>
		</str>
		<str name="subscriptionPolicyLink" translate="yes">
			<val>http://www.adobe.com/go/subscription_policy_no</val>
		</str>
		<str name="customerSupportLink" translate="yes">
			<val>http://www.adobe.com/go/customer_support_no</val>
		</str>
		<str name="daysRemaining" translate="yes">
			<val>dager gjenstår</val>
		</str>
		<str name="dayRemaining" translate="yes">
			<val>dag gjenstår</val>
		</str>
		<str name="continue" translate="yes">
			<val>Fortsett</val>
		</str>
		<str name="tryAgain" translate="yes">
			<val>Prøv på nytt</val>
		</str>
		<str name="retry" translate="yes">
			<val>Prøv på nytt</val>
		</str>
	</set>
	
	<set name="dspSuspended">
		<set name="activationSuspended">
			<str name="title" translate="yes">
				<val>Kan ikke aktivere</val>
			</str>
			<str name="warning" translate="yes">
				<val>{0} kan ikke aktiveres.</val>
			</str>
			<str name="message" translate="yes">
				<val>Datoen på systemet samsvarer ikke med datoen på serveren. Systemdatoen kan være opptil tre dager feil i forhold til datoen på Adobe-serveren ({0}).</val>
			</str>
			<str name="info" translate="yes">
				<val>Kontroller datoinnstillingene på datamaskinen og prøv på nytt. Ta kontakt med {0}kundestøtte{1} hvis problemet vedvarer.</val>
			</str>
		</set>
		
		<set name="subscriptionSuspended">
			<str name="title" translate="yes">
				<val>Midlertidig deaktivering av abonnement</val>
			</str>
			<str name="warning" translate="yes">
				<val>Abonnementet på {0} er midlertidig deaktivert.</val>
			</str>
			<str name="message" translate="yes">
				<val>Datoen på systemet samsvarer ikke med datoen på serveren. Systemdatoen kan være opptil tre dager feil i forhold til datoen på Adobe-serveren ({0}).</val>
			</str>
			<str name="info" translate="yes">
				<val>Kontroller datoinnstillingene på datamaskinen og prøv på nytt. Ta kontakt med {0}kundestøtte{1} hvis problemet vedvarer.</val>
			</str>
		</set>
		
		<set name="subscriptionWindback">
			<str name="title" translate="yes">
				<val>Midlertidig deaktivering av abonnement</val>
			</str>
			<str name="warning" translate="yes">
				<val>Abonnementet på {0} er midlertidig deaktivert.</val>
			</str>
			<str name="message" translate="yes">
				<val>Systemets dato og klokkeslett er feil innstilt. Still inn systemklokken riktig og velg Prøv på nytt. Ta kontakt med {0}kundestøtte{1} hvis problemet vedvarer.</val>
			</str>
		</set>
		
		<str name="customerSupportLink" translate="yes">
			<val>http://www.adobe.com/go/customer_support_no</val>
		</str>
		<str name="activationPolicy" translate="yes">
			<val>{0}Vis aktiveringspolicy{1}</val>
		</str>
		<str name="activationPolicyLink" translate="yes">
			<val>http://www.adobe.com/go/activation_no</val>
		</str>
		<str name="subscriptionPolicy" translate="yes">
			<val>{0}Abonnementspolicy{1}</val>
		</str>
		<str name="subscriptionPolicyLink" translate="yes">
			<val>http://www.adobe.com/go/subscription_policy_no</val>
		</str>
		<str name="quit" translate="yes">
			<val>Avslutt</val>
		</str>
		<str name="tryAgain" translate="yes">
			<val>Prøv på nytt</val>
		</str>
	</set>
	
	<set name="dateTimeFormats">
		<str name="dateFormat_Long" translate="yes">
			<val>{1}. {0} {2}</val>
		</str>
	</set>

	<set name="monthsFull">
		<str name="1" translate="yes">
			<val>jan</val>
		</str>
		<str name="2" translate="yes">
			<val>feb</val>
		</str>
		<str name="3" translate="yes">
			<val>mar</val>
		</str>
		<str name="4" translate="yes">
			<val>apr</val>
		</str>
		<str name="5" translate="yes">
			<val>mai</val>
		</str>
		<str name="6" translate="yes">
			<val>jun</val>
		</str>
		<str name="7" translate="yes">
			<val>jul</val>
		</str>
		<str name="8" translate="yes">
			<val>aug</val>
		</str>
		<str name="9" translate="yes">
			<val>sep</val>
		</str>
		<str name="10" translate="yes">
			<val>okt</val>
		</str>
		<str name="11" translate="yes">
			<val>nov</val>
		</str>
		<str name="12" translate="yes">
			<val>des</val>
		</str>
	</set>
	
	<set name="dsp_IMSBusyScrim">
		<str name="WaitAMoment" translate="yes">
			<val>Vent litt ...</val>
		</str>
	</set>
	
	<set name="dspSubscriptionRevoked">
		<str name="title" translate="yes">
			<val>Midlertidig deaktivering av abonnement</val>
		</str>
		<str name="warning" translate="yes">
			<val>Abonnementet på {0} er midlertidig deaktivert.</val>
		</str>
		<str name="message" translate="yes">
			<val>Abonnementslisensen har blitt inndratt eller er ikke lenger gyldig. Ta kontakt med {0}kundestøtte{1}.</val>
		</str>
		<str name="subscriptionPolicy" translate="yes">
			<val>{0}Abonnementspolicy{1}</val>
		</str>
		<str name="subscriptionPolicyLink" translate="yes">
			<val>http://www.adobe.com/go/subscription_policy_no</val>
		</str>
		<str name="customerSupportLink" translate="yes">
			<val>http://www.adobe.com/go/customer_support_no</val>
		</str>
		<str name="quit" translate="yes">
			<val>Avslutt</val>
		</str>
	</set>
	
	<set name="isoToLanguage">
		<str name="ar_AE" translate="no"><val>العربية</val></str>
		<str name="en_GB" translate="no"><val>English (International)</val></str> 
		<str name="en_INT" translate="no"><val>English (International)</val></str> 
		<str name="fr_CA" translate="no"><val>Français canadien</val></str>
		<str name="es_QM" translate="no"><val>Español (Middle East)</val></str>
		<str name="es_LA" translate="no"><val>Español de América Latina</val></str>
		<str name="es_NA" translate="no"><val>Español Norteamericano</val></str>
		<str name="bg_BG" translate="no"><val>Български</val></str>
		<str name="lv_LV" translate="no"><val>Latviešu</val></str>
		<str name="et_EE" translate="no"><val>Eesti</val></str>
		<str name="hr_HR" translate="no"><val>hrvatski</val></str>
		<str name="sl_SI" translate="no"><val>slovenščina</val></str>
		<str name="sk_SK" translate="no"><val>Slovenčina</val></str>
		<str name="th_TH" translate="no"><val>ภาษาไทย</val></str> 
		<str name="vi_VN" translate="no"><val>Việt</val></str>
		<str name="en_XC" translate="no"><val>English (Central Europe)</val></str> 
		<str name="en_XM" translate="no"><val>English (Middle East)</val></str>
		<str name="fr_XM" translate="no"><val>Français Oriental Moyen</val></str>
		<str name="sq_AL" translate="no"><val>Shqip</val></str> 
		<str name="ar_SA" translate="no"><val>العربية</val></str>
		<str name="be_BY" translate="no"><val>Беларуская</val></str> 
		<str name="ca_ES" translate="no"><val>Català</val></str> 
		<str name="hi_IN" translate="no"><val>हिन्दी</val></str>
		<str name="is_IS" translate="no"><val>Íslenska</val></str> 
		<str name="lt_LT" translate="no"><val>Lietuvių</val></str>
		<str name="mk_MK" translate="no"><val>македонски</val></str>
		<str name="nn_NO" translate="no"><val>Norsk (Nynorsk)</val></str>
		<str name="pt_PT" translate="no"><val>Português de Portugal</val></str> 
		<str name="sh_YU" translate="no"><val>Srpsko-Hrvatski</val></str> 
		<str name="sr_YU" translate="no"><val>Cрпски</val></str> 
		<str name="kk_KZ" translate="no"><val>Қазақ</val></str>
		<str name="az_AZ" translate="no"><val>Azərbaycan dili</val></str> 
		<str name="es_MX" translate="no"><val>Español (América Latina)</val></str>
		<str name="no_NO" translate="no"><val>Norwegian</val></str> 
		<str name="cs_CZ" translate="no"><val>Česky</val></str>
		<str name="de_DE" translate="no"><val>Deutsch</val></str>
		<str name="el_GR" translate="no"><val>Ελληνικά</val></str>
		<str name="en_US" translate="no"><val>English (North America)</val></str> 
		<str name="es_ES" translate="no"><val>Español</val></str> 
		<str name="fr_FR" translate="no"><val>Français</val></str>
		<str name="he_IL" translate="no"><val>עברית</val></str> 
		<str name="hu_HU" translate="no"><val>Magyar</val></str> 
		<str name="it_IT" translate="no"><val>Italiano</val></str>
		<str name="ja_JP" translate="no"><val>日本語</val></str>
		<str name="ko_KR" translate="no"><val>한국어</val></str>
		<str name="nl_NL" translate="no"><val>Nederlands</val></str>
		<str name="pl_PL" translate="no"><val>Polski</val></str>
		<str name="ro_RO" translate="no"><val>Română</val></str>
		<str name="ru_RU" translate="no"><val>Pусский</val></str>
		<str name="sv_SE" translate="no"><val>Svenska</val></str>
		<str name="tr_TR" translate="no"><val>Türkçe</val></str>
		<str name="uk_UA" translate="no"><val>Українська</val></str>
		<str name="zh_CN" translate="no"><val>简体中文</val></str>
		<str name="zh_TW" translate="no"><val>繁體中文</val></str>
		<str name="da_DK" translate="no"><val>Dansk</val></str>
		<str name="fi_FI" translate="no"><val>Suomi</val></str>
		<str name="nb_NO" translate="no"><val>Norsk (Bokmål)</val></str> 
		<str name="pt_BR" translate="no"><val>Português do Brasil</val></str>
		<str name="en_AE" translate="no"><val>English يدعم العربية</val></str> 
		<str name="en_IL" translate="no"><val>English תומך עברית</val></str> 
		<str name="fr_MA" translate="no"><val>Français (Maroc)</val></str>
	</set>
		
</asf>
