<?xml version='1.0' encoding='utf-8'?>
<!DOCTYPE asf SYSTEM "http://ns.adobe.com/asf/asf_1_0.dtd" >
<asf xmlns="http://ns.adobe.com/asf" locale="ja_JP" version="1.0">
	<set name="install">
		<str name="next" translate="yes">
			<val>次へ</val>
		</str>
		<str name="back" translate="yes">
			<val>戻る</val>
		</str>
		<str name="exit" translate="yes">
			<val>終了</val>
		</str>
		<str name="quit" translate="yes">
			<val>終了</val>
		</str>
		<str name="stop" translate="yes">
			<val>中止</val>
		</str>
		<str name="continue" translate="yes">
			<val>続行</val>
		</str>
		<str name="cancel" translate="yes">
			<val>キャンセル</val>
		</str>
		<str name="tryAgain" translate="yes">
			<val>再試行</val>
		</str>
		<str name="decline" translate="yes">
			<val>同意しない</val>
		</str>
		<str name="accept" translate="yes">
			<val>同意する</val>
		</str>			
		<str name="create" translate="yes">
			<val>ADOBE ID の作成</val>
		</str>			
		<str name="info" translate="yes">
			<val>詳細情報</val>
		</str>
		<str name="done" translate="yes">
			<val>完了</val>
		</str>
		<str name="install" translate="yes">
			<val>インストール</val>
		</str>			
		<str name="uninstall" translate="yes">
			<val>アンインストール</val>
		</str>			
		<str name="btnOK" translate="yes">
			<val>OK</val>
		</str>
		<str name="yes" translate="yes">
			<val>はい</val>
		</str>
		<str name="no" translate="yes">
			<val>いいえ</val>
		</str>
		<str name="subscriptionEdition" translate="no">
			<val>Subscription Edition</val>
		</str>
	</set>
	
	<set name="welcome">
		<str name="welcome" translate="yes">
			<val>ようこそ</val>
		</str>
		<str name="product" translate="yes">
			<val>{0} のインストーラー</val>
		</str>
		<str name="view" translate="yes">
			<val>表示 :</val>
		</str>
		<str name="license" translate="yes">
			<val>アドビソフトウェア使用許諾契約書</val>
		</str>
		<str name="sure" translate="yes">
			<val>終了しますか？</val>
		</str>
		<str name="AppTitleInstall" translate="yes">
			<val>{0} のインストーラー</val>
		</str>
		<str name="AppTitleUninstall" translate="yes">
			<val>{0} のアンインストーラー</val>
		</str>
	</set>
	
	<set name="serial">
		<str name="welcome" translate="yes">
			<val>シリアル番号を入力</val>
		</str>
		<str name="serial" translate="yes">
			<val>シリアル番号を入力してください。</val>
		</str>
		<str name="trial" translate="yes">
			<val>この製品を体験版としてインストールします。</val>
		</str>
		<str name="lang" translate="yes">
			<val>言語 :</val>
		</str>
		<str name="license" translate="yes">
			<val>このシリアル番号は {0} で使用されます</val>
		</str>
		<str name="selectLang" translate="yes">
			<val>言語を選択</val>
		</str>
		<str name="locateTT" translate="yes">
			<val>シリアル番号は、DVD ケースの裏、Adobe Open Options ライセンス証書 (ボリューム販売の場合のみ)、Adobe オンラインストアの領収メール (ダウンロード販売の場合のみ) のいずれかに記載されています。</val>
		</str>
		<str name="invalid" translate="yes">
			<val>このシリアル番号は、この製品に対して無効です。</val>
		</str>
		<str name="also" translate="yes">
			<val>インストールの後でも、シリアル番号を入力できます。</val>
		</str>
		<str name="agree" translate="yes">
			<val>ソフトウェア使用許諾契約書に従い、ソフトウェアはインターネットを介して自動的にライセンス認証を実行します。詳しくは、{0}www.adobe.com/jp/activation{1} を参照してください。</val>
		</str>
		<str name="agreeLink" translate="yes">
			<val>http://www.adobe.com/go/activation_jp</val>
		</str>
		<str name="progressMessage" translate="yes">
			<val>サブスクリプション情報を確認しています...</val>
		</str>
	</set>
	
	<set name="options">
		<str name="title" translate="yes">
			<val>インストールオプション</val>
		</str>
		<str name="unTitle" translate="yes">
			<val>アンインストールオプション</val>
		</str>
		<str name="unInstruct" translate="yes">
			<val>すべての製品をアンインストールする場合、同時にシリアル番号のライセンス認証を解除できます。</val>
		</str>
		<str name="total" translate="yes">
			<val>合計サイズ :</val>
		</str>
		<str name="all" translate="yes">
			<val>すべてのコンポーネント</val>
		</str>
		<str name="loc" translate="yes">
			<val>インストール先 :</val>
		</str>
		<str name="deactivate" translate="yes">
			<val>ライセンス認証の解除</val>
		</str>
		<str name="deactivateTooltip1" translate="yes">
			<val>ライセンス認証を解除すると、ソフトウェアライセンス契約に従って、アドビ製品を別のコンピューターでライセンス認証することができます。ライセンス認証の解除を実行する際は、インターネットに接続していることを確認してください。</val>
		</str>
		<str name="deactivateTooltip2" translate="yes">
			<val>ライセンス許可されたアドビ製品のコンポーネントを個別にライセンス認証解除することはできません。アドビ製品を別のコンピューターにインストールしてライセンス認証を行う場合は、このコンピューターにインストールされているすべての製品をアンインストールし、ライセンス認証を解除してください。</val>
		</str>
		<str name="remove" translate="yes">
			<val>環境設定を削除</val>
		</str>
		<str name="select" translate="yes">
			<val>オプションをカスタマイズするには製品名をクリックします</val>
		</str>
		<str name="include" translate="yes">
			<val>内容 :</val>
		</str>
		<str name="decimalSeparator" translate="yes">
			<val>.</val>
		</str>
		<str name="commaSeparator" translate="yes">
			<val>,</val>
		</str>
		<str name="browse" translate="yes">
			<val>インストール先を参照する</val>
		</str>
		<str name="reqs" translate="yes">
			 <val>最小限必要なシステム構成を満たしていません。{0}詳細...{1}</val>
		</str>
		<str name="more" translate="yes">
			<val>詳細</val>
		</str>		
		<str name="morelink" translate="yes">
			<val>http://www.adobe.com/go/cs_systemreqs_jp</val>
		</str>
		<str name="infolink" translate="yes">
			<val>http://www.adobe.com/go/cs_shared_components_jp</val>
		</str>
		<str name="available" translate="yes">
			<val>利用可能</val>
		</str>
		<str name="recommend" translate="yes">
			<val>以下のプログラムにより推奨 :</val>
		</str>	
		<str name="required" translate="yes">
			<val>必須 :</val>
		</str>
		<str name="GB" translate="yes">
			<val>GB</val>
		</str>
		<str name="MB" translate="yes">
			<val>MB</val>
		</str>
		<str name="KB" translate="yes">
			<val>KB</val>
		</str>
		<str name="already" translate="yes">
			<val>インストール済み</val>
		</str>
		
		<str name="again" translate="yes">
			<val>以下のいずれかを再インストールするように選択すると、現在のファイルの場所にインストールされます。</val>
		</str>		
		<str name="uninstall" translate="yes">
			<val>アンインストール</val>
		</str>
		<str name="install" translate="yes">
			<val>インストール</val>
		</str>
		<str name="requirementError" translate="yes">
			<val>製品のシステム最低要件を満たしていません。</val>
		</str>
		<str name="conflictError" translate="yes">
			<val>この製品のプレリリース版が既にインストールされています</val>
		</str>
		<str name="upgradedError" translate="yes">
			<val>この製品の新しいバージョンが既にインストールされています</val>
		</str>
		<str name="langNotPresent" translate="yes">
			<val>選択されている言語では使用できません</val>
		</str>
		<str name="dependenciesNotEnabled" translate="yes">
			<val>必須コンポーネントが無効になっています</val>
		</str>
		<str name="avail" translate="yes">
			<val>ディスクの空き容量 :</val>
		</str>
		<str name="drive" translate="yes">
			<val>ドライブ {0}</val>
		</str>
		<str name="sure" translate="yes">
			<val>アンインストールをキャンセルしますか？</val>
		</str>
		<str name="browseErrorCaseSensitive" translate="yes">
			<val>大文字と小文字が区別されるドライブはサポートされていません。</val>
		</str>
		<str name="browseErrorMappedNetwork" translate="yes">
			<val>マップされたネットワークドライブへのインストールはサポートされていません。</val>
		</str>
		<str name="browseErrorRemovableDrive" translate="yes">
			<val>リムーバブルフラッシュドライブへのインストールはサポートされていません。</val>
		</str>
		<str name="browseErrorTooLong" translate="yes">
			<val>インストール先として指定されたパスが長すぎます。</val>
		</str>
		<str name="browseErrorLockedPath" translate="yes">
			<val>ロックされた場所へのインストールはサポートされていません。</val>
		</str>
		<str name="browseErrorGeneric" translate="yes">
			<val>選択された場所にインストールできません。</val>
		</str>
		<str name="browseErrorRootDrive" translate="yes">
			<val>ルートディレクトリにはインストールはできません。</val>
		</str>
		<str name="diskSpaceTooltip" translate="yes">
			<val>このインストールを完了するために必要なディスク容量がありません。</val>
		</str>
		<str name="diskSpaceOverlayError" translate="yes">
			<val>選択したオプションのインストールに必要なハードディスク容量が、利用可能な空き容量を超えています。十分な空き容量のあるドライブを選択して、再度インストーラーを実行してください。</val>
		</str>
		<str name="uninstallSubscriptionMessage" translate="yes">
			<val>アプリケーションをアンインストールしてもサブスクリプションに変更はありません。サブスクリプションのステータスを変更するには、サブスクリプションマネージャーに移動します。{0}ステータスを変更します{1}。</val>
		</str>
		<str name="uninstallSubscriptionMessageLink" translate="no">
			<val>http://www.adobe.com/go/subscriptionedition</val>
		</str>
	</set>

	<set name="progress">
		<str name="title" translate="yes">
			<val>インストールの進行状況</val>
		</str>
		<str name="doneErrors" translate="yes">
			<val>インストールのステータス</val>
		</str>
		<str name="curr" translate="yes">
			<val>インストール中...</val>
		</str> 
		<str name="unTitle" translate="yes">
			<val>アンインストールの進行状況</val>
		</str>
		<str name="unCurr" translate="yes">
			<val>現在アンインストール中...</val>
		</str> 
		<str name="cancelling" translate="yes">
			<val>インストールをキャンセルしています...</val>
		</str>
		<str name="removingCache" translate="yes">
			<val>キャッシュの削除中...</val>
		</str> 
		<str name="disc" translate="yes">
			<val>ディスク</val>
		</str>		
		<str name="preparing" translate="yes"> 
			<val>インストールの準備中...</val>
		</str>
		<str name="preparingun" translate="yes"> 
			<val>アンインストールの準備中...</val>
		</str>
		<str name="calculating" translate="yes"> 
			<val>合計残り時間 : 計算しています...</val>
		</str>
		<str name="calculatingun" translate="yes"> 
			<val>残り時間 : 計算しています...</val>
		</str>
		<str name="complete" translate="yes"> 
			<val>{0}% 完了</val>
		</str>
		<str name="remainTotal" translate="yes">
			<val>合計残り時間 : 約 {0} 分...</val>
		</str>
		<str name="unRemainTotal" translate="yes">
			<val>残り時間 : 約 {0} 分</val>
		</str>
		<str name="remainTotalOneMin" translate="yes">
			<val>合計残り時間 : 約 {0} 分</val>
		</str>
		<str name="unRemainTotalOneMin" translate="yes">
			<val>残り時間 : 約 {0} 分</val>
		</str>
		<str name="remainMin" translate="yes">
			<val>残り時間 : 1 分未満</val>
		</str>
		<str name="unRemainMin" translate="yes">
			<val>残り時間 : 1 分未満</val>
		</str>
		<str name="remainDisc" translate="yes">
			<val>次のディスクまでの時間 : 約 {0} 分</val>
		</str>				
		<str name="sure" translate="yes">
			<val>インストールをキャンセルしますか？</val>
		</str>
		<str name="incorrect" translate="yes">
			<val>挿入されたディスクが正しくありません。やり直してから「完了」をクリックしてください。</val>
		</str>
		<str name="insert" translate="yes">
			<val>続行するにはディスク {0} を挿入してください。</val>
		</str>
		<str name="errorClose" translate="yes">
			<val>続行するには、次のアプリケーションを終了してください。</val>
		</str>
		<str name="contact" translate="yes">
			<val>ご不明な点については{0}カスタマーサポート{1}にお問い合わせください。</val>
		</str>
		<str name="supportLink" translate="no">
			<val>http://www.adobe.com/go/support_loganalyzer</val>
		</str>
		<str name="errorLater" translate="yes">
			<val>このコンピューターを再起動したときにインストールを完了するには、「後で終了」をクリックしてください。</val>
		</str>
		<str name="finishLater" translate="yes">
			<val>後で終了</val>
		</str>
		<str name="cancelMsg" translate="yes">
			<val>インストールがキャンセルされました。</val>
		</str>
		<str name="partial" translate="yes">
			<val>正常にインストールされたアプリケーションもありますが、一部のアプリケーションでエラーが発生しました。</val>
		</str>
		<str name="installProblems" translate="yes">
			<val>インストールに問題があります。</val>
		</str>
		<str name="requiredFailWarning" translate="yes">
			<val>必須コンポーネントでインストールに失敗したものがあります。これにより、インストールしたアプリケーションの機能に影響がでることがあります。</val>
		</str>
		<str name="helpTroubleshoot" translate="yes">
			<val>この問題の解決には、{0}トラブルシューティング{1}情報が役立ちます。</val>
		</str>
		<str name="troubleshootTips" translate="yes">
			<val>トラブルシューティング情報は問題解決に役立ちます。</val>
		</str>
		<str name="tipOne" translate="yes">
			<val>1. コンピューターを再起動します</val>
		</str>
		<str name="tipTwo" translate="yes">
			<val>2. ウィルスチェッカーやファイヤーウォールソフトウェアなど、スタートアップに含まれているものも含めてすべてのアプリケーションを終了します</val>
		</str>
		<str name="tipThree" translate="yes">
			<val>3. インストーラーを起動してアプリケーションを再インストールします</val>
		</str>
		<str name="errorLogText" translate="yes">
			<val>問題が解決しない場合は、下記のエラーログファイルを確認すると問題解決に役立つ場合があります。</val>
		</str>
		<str name="customerSupport" translate="yes">
			<val>詳しい情報については{0}カスタマーサポート{1}にお問い合わせください。</val>
		</str>
		
		<str name="completely" translate="yes">
			<val>次のアプリケーションを使用する準備ができました :</val>
		</str>
		<str name="incomplete" translate="yes">
			<val>次のアプリケーションを再インストールする必要があります :</val>
		</str>
		<str name="installed" translate="yes">
			<val>インストール済み :</val>
		</str>
		<str name="notInstalled" translate="yes">
			<val>インストールされていません :</val>
		</str>
		<str name="haserrors" translate="yes">
			<val>インストールでエラーが発生しました。</val>
		</str>
		<str name="restart" translate="yes">
			<val>システムを再起動して、再度インストールを実行してください。</val>
		</str>
		<str name="timeRemaining" translate="yes">
			<val>残り時間</val>
		</str>
		<str name="unDoneTitle" translate="yes">
			<val>アンインストールのステータス</val>
		</str>
		<str name="unDoneWarning" translate="yes">
			<val>正常にアンインストールされたアプリケーションもありますが、一部のアプリケーションでエラーが発生しました。</val>
		</str>
		<str name="unComplete" translate="yes">
			<val>次のアプリケーションがアンインストールされました :</val>
		</str>
		<str name="unIncomplete" translate="yes">
			<val>次のアプリケーションはアンインストールされませんでした :</val>
		</str>
		<str name="unInstruct" translate="yes">
			<val>コンピューターを再起動してから、再度アンインストールを実行してください。それでも問題が解決しない場合は、{0}Adobe Creative Suite Cleaner ツール{1}をダウンロードして実行してください。</val>
		</str>
		<str name="unPointWarning" translate="yes">
			<val>アンインストールでエラーが発生しました。</val>
		</str>		
		<str name="cleanScriptLink" translate="no">
			<val>http://www.adobe.com/go/cscleanertool</val>
		</str>
		<str name="deactivateWarning" translate="yes">
			<val>ライセンス認証を解除するにはインターネットに接続する必要があります。解除しない場合は、前の画面で「ライセンス認証の解除」チェックマークを解除してください。</val>
		</str>
		<str name="deactivateFailureWarning" translate="yes">
			<val>ライセンス認証を解除できませんでした。製品のアンインストールは続行できますが、ライセンス認証の解除が完了していない場合、別のコンピューター上でライセンス認証を行うことはできません。</val>
		</str>		
	</set>	 

	<set name="thanks">
		<str name="title" translate="yes">
			<val>ご利用ありがとう ございます</val>
		</str>
		<str name="titleInsStatus" translate="yes">
			<val>インストールのステータス</val>
		</str>
		
		<str name="subtitle" translate="yes">
			<val>インストールが完了しました。次の手順を行い、このソフトウェアを最大限に活用してください。</val>
		</str>
		<str name="subtitle1" translate="yes">
			<val>インストールが完了しました。</val>
		</str>
		<str name="subtitle2" translate="yes">
			<val>このソフトウェアを最大限に活用するために次の手順を実行してください。</val>
		</str>
		<str name="subtitleSubsClaimFail" translate="yes">
			<val>{0} のサブスクリプションを開始できません</val>
		</str>
	
		
		<str name="unSubtitle" translate="yes">
			<val>以下のアプリケーションが正常にアンインストールされました :</val>
		</str>

		<str name="unSubtitleNoProductList" translate="yes">
			<val>アンインストールが完了しました。</val>
		</str>

		<str name="appsInstalledHeading" translate="yes">
			<val>次の製品がインストールされました</val>
		</str>
		<str name="appInstalledHeading" translate="yes">
			<val>次の製品がインストールされました</val>
		</str>

		<str name="services" translate="yes">
			<val>Adobe の製品およびサービス</val>
		</str>
		<str name="noservices" translate="yes">
			<val>Adobe 製品</val>
		</str>
		<str name="successWithServices" translate="yes">
			<val>この Adobe ID を使用して、ソフトウェアの登録処理と、Adobe CS Live サービスに対するアクセスの設定処理を実行しました。</val>
		</str>
		<str name="successWithoutServices" translate="yes">
			<val>入力いただいた Adobe ID により、お使いのソフトウェアを登録しました。</val>
		</str>
		<str name="emailVerify" translate="yes">
			<val>Adobe CS Live サービスの使用を開始するには電子メールの確認が必要です。電子メールの受信トレイを確認してください。</val>
		</str>
		<str name="skippedWithServices" translate="yes">
			<val>製品の登録と Adobe CS Live サービスの使用には、Adobe ID が必要です。Adobe ID の入力を求めるメッセージは製品を使用する際にも表示されます。</val>
		</str>
		<str name="skippedWithoutServices" translate="yes">
			<val>製品を登録するには、Adobe ID を入力する必要があります。Adobe ID の入力を求めるメッセージは製品を使用する際にも表示されます。</val>
		</str>
		<str name="trialAdobeIDtext" translate="yes">
			<val>この製品の体験版を使用するには Adobe ID が必要です。体験版の初回起動時から 7 日間以内に Adobe ID を入力してください。</val>
		</str>
		<str name="idinfo" translate="yes">
			<val>Adobe ID は、製品を登録し、CS Live サービスへのアクセスを設定するために使用されます。</val>
		</str>	
		<str name="id" translate="yes">
			<val>Adobe ID で製品を登録します。</val>
		</str>
		<str name="provided" translate="yes">
			<val>Adobe ID を入力すると、製品が登録されます。</val>
		</str>
		<str name="idservices" translate="yes">
			<val>Adobe ID で製品を登録し、無償体験版 Adobe CS Live サービスのサブスクリプションをセットアップします。</val>
		</str>
		<str name="idis" translate="yes">
			<val>Adobe ID : {0}</val>
		</str>
		<str name="idnew" translate="yes">
			<val>Adobe ID : {0}</val>
		</str>
		
		<str name="email" translate="yes">
			<val>この電子メールアドレスの確認のため、電子メールを送信しました。この処理は、Adobe CS Live サービスを使用するために必要です。</val>
		</str>
		<str name="videos" translate="yes">
			<val>ビデオチュートリアルを表示</val>
		</str>
		<str name="explore" translate="yes">
			<val>Adobe CS LIVE サービスを表示</val>
		</str>
		<str name="videolink" translate="yes">
			<val>http://www.adobe.com/go/adobetv_howto_jp</val>
		</str>		
		<str name="serviceslink" translate="yes">
			<val>http://www.adobe.com/go/cslive_jp</val>
		</str>	
	</set> 
	
	
	<set name="upgrade">
		<str name="title" translate="yes">
			<val>アップグレード用シリアル番号の入力</val>
		</str>
		<str name="instruct1" translate="yes">
			<val>入力したシリアル番号は有効ですが、対象製品がこのコンピューターに見つかりません。</val>
		</str>
		<str name="instruct2" translate="yes">
			<val>入力したシリアル番号を使用してアップグレードするには、対象製品を所有している必要があります。お持ちの製品を選択し、そのシリアル番号を入力してください :</val>
		</str>
		<str name="serial" translate="yes">
			<val>この製品のシリアル番号 :</val>
		</str>
		<str name="trial" translate="yes">
			<val>体験版をインストール</val>
		</str>
		<str name="confirm" translate="yes">
			<val>このシリアル番号は {0} のものです。</val>
		</str>
		<str name="second" translate="yes">
			<val>このアップグレードにはもう 1 つの対象製品が必要です。所有する 2 つ目の製品を選択して、その製品のシリアル番号を入力してください :</val>
		</str>
		<str name="selproduct" translate="yes">
			<val>製品を選択してください</val>
		</str>
		<str name="nogood" translate="yes">
			<val>このシリアル番号は、対象製品に対応していません。正しいシリアル番号を入力してください。</val>
		</str>
		<str name="account" translate="yes">
			<val>以前に製品を登録したことがある場合は、{0}アカウントページ{1}にアクセスして、既存のシリアル番号を確認することができます。</val>
		</str>
		<str name="support" translate="yes">
			<val>ご不明な点については{0}カスタマーサポート{1}にお問い合わせください。</val>
		</str>
		<str name="supportlink" translate="no">
			<val>http://www.adobe.com/go/support_loganalyzer</val>
		</str>
		<str name="accountlink" translate="yes">
			<val>http://www.adobe.com/go/adobemembership_jp</val>
		</str>
	</set>
	
	<set name="upcode">
		<str name="header" translate="yes">
			<val>アップグレードコードを入力してください。</val>
		</str>
		<str name="instruct1" translate="yes">
			<val>要求された場合は、次のコードをサービス担当者にお伝えください。</val>
		</str>
		<str name="challenge" translate="yes">
			<val>チャレンジコード</val>
		</str>
		<str name="instruct2" translate="yes">
			<val>サービス担当者から提供されたコードを入力してください :</val>
		</str>
		<str name="support" translate="yes">
			<val>サポートコード</val>
		</str>
		<str name="codeError" translate="yes">
			<val>無効なサポートコード</val>
		</str>
		
	</set>
	
	<set name="dvanote">
		<str name="header" translate="yes">
			<val>重要事項</val>
		</str>
		<str name="warning32bit" translate="yes">
			<val>このコンピューターは、32 ビットオペレーティングシステム上で実行されています。Adobe Premiere Pro CS5.5、Adobe Premiere Pro CS5、After Effects CS5.5 および After Effects CS5 は 64 ビット OS 上でのみ動作します。これらのアプリケーションを使用する場合は、ご使用中のオペレーションシステムをアップグレードするか、32 ビット版の CS4 バージョンをインストールしてください。CS4 バージョンの場所やインストールについては、{0}詳細情報{1}をご覧ください。</val>
		</str>
		<str name="learnMoreLink" translate="yes">
			<val>http://www.adobe.com/go/32bit_installation_jp</val>
		</str>
	</set>

	<set name="nav">
		<str name="welcome" translate="yes">
			<val>ようこそ</val>
		</str>
		<str name="serial" translate="yes">
			<val>シリアル番号</val>
		</str>
		<str name="id" translate="yes">
			<val>ADOBE ID</val>
		</str>
		<str name="options" translate="yes">
			<val>オプション</val>
		</str>
		<str name="unoptions" translate="yes">
			<val>オプション</val>
		</str>
		<str name="install" translate="yes">
			<val>インストール</val>
		</str>
		<str name="uninstall" translate="yes">
			<val>アンインストール</val>
		</str>
		<str name="thanks" translate="yes">
			<val>終了</val>
		</str>
	</set>
	
	
	<set name="systemReq">
		<str name="ram" translate="yes">
			<val>{0} の RAM を推奨</val>
		</str>
		<str name="processor" translate="yes">
			<val>{0} プロセッサーを推奨</val>
		</str>
		<str name="osWin" translate="yes">
			<val>Windows {0} を推奨</val>
		</str>
		<str name="osMac" translate="yes">
			<val>Mac {0} を推奨</val>
		</str>
		<str name="screen" translate="yes">
			<val>{0} の画面解像度を推奨</val>
		</str>
	</set>
	
	<set name="installErrorCode">
		<str name="code0" translate="yes">
			<val>正常にインストールされました</val>
		</str>
		<str name="code6" translate="yes">
			<val>エラーで終了しました</val>
		</str>
		<str name="code7in" translate="yes">
			<val>インストールに失敗しました</val>
		</str>
		<str name="code7un" translate="yes">
			<val>アンインストールに失敗しました</val>
		</str>
		<str name="code8" translate="yes">
			<val>終了しました。プロセスを完了するには、システムを再起動する必要があります。</val>
		</str>
		<str name="code11" translate="yes">
			<val>別の展開プロセスが実行中です</val>
		</str>
		<str name="code14" translate="yes">
			<val>インストールするには管理者権限が必要です</val>
		</str>
		<str name="code14un" translate="yes">
			<val>アンインストールするには管理者権限が必要です</val>
		</str>
		<str name="code19" translate="yes">
			<val>競合するプロセスが実行中です</val>
		</str>
		<str name="code24" translate="yes">
			<val>インストールがキャンセルされました</val>
		</str>
		<str name="code15" translate="yes">
			<val>インストーラーデータベースに不整合があります。コンピューターを再起動してもう一度インストールを実行してください。</val>
		</str>
		<str name="code31" translate="yes">
			<val>選択したオプションのインストールに必要なハードディスク容量が、利用可能な空き容量を超えています。十分な空き容量のあるドライブを選択して、再度インストーラーを実行してください。</val>
		</str>
		<str name="code9999" translate="yes">
			<val>内部エラーが発生しました</val>
		</str>
		<str name="internalError" translate="yes">
			<val>セットアップでインストール中にエラーが発生しました ({0})。コンピューターを再起動して、もう一度実行してください。</val>
		</str>
		<str name="uninternalError" translate="yes">
			<val>セットアップでアンインストール中にエラーが発生しました ({0})。コンピューターを再起動して、もう一度実行してください。</val>
		</str>
	</set>
	
	<set name="prescreenResponse">
		<str name="header_NOT_ENABLED" translate="yes">
			<val>{0} のサブスクリプションは有効期限が切れています</val>
		</str>
		<str name="body_NOT_ENABLED" translate="yes">
			<val>サブスクリプションを更新するか、「戻る」を選択してこの製品を体験版としてインストールしてください。</val>
		</str>
		<str name="footerLinkText_NOT_ENABLED" translate="yes">
			<val>サブスクリプションを更新</val>
		</str>
		<str name="footerLink_NOT_ENABLED" translate="no">
			<val>http://www.adobe.com/go/subscriptionedition</val>
		</str>
		
		<str name="header_OFFLINE" translate="yes">
			<val>インターネットに接続できません</val>
		</str>
		<str name="body_OFFLINE" translate="yes">
			<val>この製品を使用するには、インターネットに接続している必要があります。接続設定を確認してから、「再試行」を選択してください。引き続き問題が発生する場合は、カスタマーサポートに問い合わせるか、「戻る」を選択してこの製品を体験版としてインストールしてください。</val>
		</str>
		<str name="footerLinkText_OFFLINE" translate="yes">
			<val>カスタマーサポートに問い合わせる</val>
		</str>
		<str name="footerLink_OFFLINE" translate="yes">
			<val>http://www.adobe.com/go/support_jp</val>
		</str>
		
		<str name="header_GENERIC_ERROR" translate="yes">
			<val>{0} のサブスクリプションを開始できません</val>
		</str>
		<str name="body_GENERIC_ERROR" translate="yes">
			<val>このインストールを完了するには、この製品を体験版としてインストールするオプションを選択します。ソフトウェアをインストールし、アプリケーションを起動すると、サブスクリプションを開始するよう求められます。</val>
		</str>
		<str name="footerLinkText_GENERIC_ERROR" translate="yes">
			<val>カスタマーサポートに問い合わせる</val>
		</str>
		<str name="footerLink_GENERIC_ERROR" translate="yes">
			<val>http://www.adobe.com/go/support_jp</val>
		</str>
	</set>
	
	<set name="subsClaimResponse">
		<str name="failureStatusHeading" translate="yes">
			<val>{0} のサブスクリプションを開始できません</val>
		</str>
		<str name="successStatusHeading" translate="yes">
			<val>アドビの製品およびサービス</val>
		</str>
		
		<str name="adobeIDInfo" translate="yes">
			<val>この Adobe ID を使用して、{0} のサブスクリプションの開始処理と、Adobe CS Live サービスに対するアクセスの設定処理を実行しました。</val>
		</str>
		
		<str name="idis" translate="yes">
			<val>Adobe ID : {0}</val>
		</str>
		<str name="idnew" translate="yes">
			<val>Adobe ID : {0}</val>
		</str>
		
		<str name="emailVerify" translate="yes">
			<val>Adobe CS Live サービスの使用を開始するには電子メールの確認が必要です。電子メールの受信トレイを確認してください。</val>
		</str>
		

		<str name="supLinkURL_EXCEPTION_DECODE_FAILED" translate="yes">
			<val>http://www.adobe.com/go/support_jp</val>
		</str>			
		<str name="supLinkURL_EXCEPTION_NO_SUCH_USER" translate="yes">
			<val>http://www.adobe.com/go/support_jp</val>
		</str>		
		<str name="supLinkURL_EXCEPTION_INVALID_DATA" translate="yes">
			<val>http://www.adobe.com/go/support_jp</val>
		</str>
		<str name="supLinkURL_EXCEPTION_SKU_LOOKUP_FAILED" translate="yes">
			<val>http://www.adobe.com/go/support_jp</val>
		</str>		
		<str name="supLinkURL_EXCEPTION_AUTHENTICATION_TIMEOUT" translate="yes">
			<val>http://www.adobe.com/go/support_jp</val>
		</str>
		<str name="supLinkURL_EXCEPTION_SNSERVER_TIMEOUT" translate="yes">
			<val>http://www.adobe.com/go/support_jp</val>
		</str>
		<str name="supLinkURL_EXCEPTION_INTERNAL_TIMEOUT" translate="yes">
			<val>http://www.adobe.com/go/support_jp</val>
		</str>
		<str name="supLinkURL_EXCEPTION_INTERNAL_SERVER_ERROR" translate="yes">
			<val>http://www.adobe.com/go/support_jp</val>
		</str>
		<str name="supLinkURL_EXCEPTION_SYSTEM_UNAVAILABLE_time" translate="yes">
			<val>http://www.adobe.com/go/support_jp</val>
		</str>
		<str name="supLinkURL_EXCEPTION_SYSTEM_UNAVAILABLE" translate="yes">
			<val>http://www.adobe.com/go/support_jp</val>
		</str>
		<str name="supLinkURL_EXCEPTION_COMPANY_CODE_MISMATCH" translate="yes">
			<val>http://www.adobe.com/go/subscription_learnmore_jp</val>
		</str>
		<str name="supLinkURL_EXCEPTION_SUBSCRIPTION_ALREADY_CLAIMED_DIFF_ADOBEID" translate="yes">
			<val>http://www.adobe.com/go/support_jp</val>
		</str>
		<str name="supLinkURL_ERROR_WITH_INFO" translate="yes">
			<val>http://www.adobe.com/go/support_jp</val>
		</str>
		<str name="supLinkURL_GENERIC" translate="yes">
			<val>http://www.adobe.com/go/support_jp</val>
		</str>
		
		
		<str name="supLinkLbl_EXCEPTION_DECODE_FAILED" translate="yes">
			<val>カスタマーサポートに問い合わせる</val>
		</str>			
		<str name="supLinkLbl_EXCEPTION_NO_SUCH_USER" translate="yes">
			<val>カスタマーサポートに問い合わせる</val>
		</str>		
		<str name="supLinkLbl_EXCEPTION_INVALID_DATA" translate="yes">
			<val>カスタマーサポートに問い合わせる</val>
		</str>
		<str name="supLinkLbl_EXCEPTION_SKU_LOOKUP_FAILED" translate="yes">
			<val>カスタマーサポートに問い合わせる</val>
		</str>		
		<str name="supLinkLbl_EXCEPTION_AUTHENTICATION_TIMEOUT" translate="yes">
			<val>カスタマーサポートに問い合わせる</val>
		</str>
		<str name="supLinkLbl_EXCEPTION_SNSERVER_TIMEOUT" translate="yes">
			<val>カスタマーサポートに問い合わせる</val>
		</str>
		<str name="supLinkLbl_EXCEPTION_INTERNAL_TIMEOUT" translate="yes">
			<val>カスタマーサポートに問い合わせる</val>
		</str>
		<str name="supLinkLbl_EXCEPTION_INTERNAL_SERVER_ERROR" translate="yes">
			<val>カスタマーサポートに問い合わせる</val>
		</str>
		<str name="supLinkLbl_EXCEPTION_SYSTEM_UNAVAILABLE_time" translate="yes">
			<val>カスタマーサポートに問い合わせる</val>
		</str>
		<str name="supLinkLbl_EXCEPTION_SYSTEM_UNAVAILABLE" translate="yes">
			<val>カスタマーサポートに問い合わせる</val>
		</str>
		<str name="supLinkLbl_EXCEPTION_SUBSCRIPTION_ALREADY_CLAIMED_DIFF_ADOBEID" translate="yes">
			<val>カスタマーサポートに問い合わせる</val>
		</str>
		<str name="supLinkLbl_EXCEPTION_COMPANY_CODE_MISMATCH" translate="yes">
			<val>詳細情報</val>
		</str>
		<str name="supLinkLbl_ERROR_WITH_INFO" translate="yes">
			<val>カスタマーサポートに問い合わせる</val>
		</str>
		<str name="supLinkLbl_GENERIC" translate="yes">
			<val>カスタマーサポートに問い合わせる</val>
		</str>
		
		
		<str name="code_EXCEPTION_DECODE_FAILED" translate="yes">
			<val>製品を起動すると、サブスクリプションを開始するよう求められます。</val>
		</str>			
		<str name="code_EXCEPTION_NO_SUCH_USER" translate="yes">
			<val>製品を起動すると、サブスクリプションを開始するよう求められます。</val>
		</str>		
		<str name="code_EXCEPTION_INVALID_DATA" translate="yes">
			<val>製品を起動すると、サブスクリプションを開始するよう求められます。</val>
		</str>
		<str name="code_EXCEPTION_SKU_LOOKUP_FAILED" translate="yes">
			<val>製品を起動すると、サブスクリプションを開始するよう求められます。</val>
		</str>		
		<str name="code_EXCEPTION_AUTHENTICATION_TIMEOUT" translate="yes">
			<val>しばらくしてから、もう一度実行してください。製品を起動すると、サブスクリプションを開始するよう求められます。</val>
		</str>
		<str name="code_EXCEPTION_SNSERVER_TIMEOUT" translate="yes">
			<val>しばらくしてから、もう一度実行してください。製品を起動すると、サブスクリプションを開始するよう求められます。</val>
		</str>
		<str name="code_EXCEPTION_INTERNAL_TIMEOUT" translate="yes">
			<val>しばらくしてから、もう一度実行してください。製品を起動すると、サブスクリプションを開始するよう求められます。</val>
		</str>
		<str name="code_EXCEPTION_INTERNAL_SERVER_ERROR" translate="yes">
			<val>しばらくしてから、もう一度実行してください。製品を起動すると、サブスクリプションを開始するよう求められます。</val>
		</str>
		<str name="code_EXCEPTION_SYSTEM_UNAVAILABLE_time" translate="yes">
			<val>定期メンテナンスのため、アドビサーバーは現在オフラインになっています。ご迷惑をおかけして申し訳ありません。{0} にもう一度実行してください。製品を起動すると、サブスクリプションを開始するよう求められます。</val>
		</str>
		<str name="code_EXCEPTION_SYSTEM_UNAVAILABLE" translate="yes">
			<val>定期メンテナンスのため、アドビサーバーは現在オフラインになっています。ご迷惑をおかけして申し訳ありません。製品を起動すると、サブスクリプションを開始するよう求められます。</val>
		</str>
		<str name="code_EXCEPTION_COMPANY_CODE_MISMATCH" translate="yes">
			<val>この製品を購入した国名が、アドビアカウントで指定されている国名と一致しません。製品を起動すると、別の Adobe ID を使用してログインするよう求められます。</val>
		</str>
		<str name="code_EXCEPTION_SUBSCRIPTION_ALREADY_CLAIMED_DIFF_ADOBEID" translate="yes">
			<val>記録によると、このサブスクリプションは現在別の Adobe ID に割り当てられています。製品を起動すると、別の Adobe ID を使用してログインするよう求められます。引き続きこの問題が発生する場合は、カスタマーサポートにお問い合わせください。</val>
		</str>
		<str name="code_ESS_TIMEOUT" translate="yes">
			<val>しばらくしてから、もう一度実行してください。製品を起動すると、サブスクリプションを開始するよう求められます。</val>
		</str>
		
		<str name="code_ESS_FAILURE" translate="yes">
			<val>しばらくしてから、もう一度実行してください。製品を起動すると、サブスクリプションを開始するよう求められます。</val>
		</str>
		
		<str name="code_GENERIC" translate="yes">
			<val>製品を起動すると、サブスクリプションを開始するよう求められます。</val>
		</str>
	</set>
	
	<set name="claimResponse">
		<str name="code_" translate="yes">
			<val></val>
		</str>
		<str name="code_NonSaas_FAILURE" translate="yes">
			<val>現在、製品の登録処理ができません。しばらく待ってからもう一度実行してください。</val>
		</str>
		<str name="code_EXCEPTION_DECODE_FAILED" translate="yes">
			<val>シリアル番号が無効です。Adobe CS Live サブスクリプションを開始できませんでした。</val>
		</str>
		<str name="code_EXCEPTION_NO_SUCH_USER" translate="yes">
			<val>Adobe CS Live サブスクリプションを開始できませんでした。しばらく待ってからもう一度実行してください。</val>
		</str>
		<str name="code_EXCEPTION_INVALID_DATA" translate="yes">
			<val>Adobe CS Live サブスクリプションを開始できませんでした。しばらく待ってからもう一度実行してください。</val>
		</str>
		<str name="code_EXCEPTION_WCD_TIMEOUT" translate="yes">
			<val>Adobe CS Live サブスクリプションを開始できませんでした。しばらく待ってからもう一度実行してください。</val>
		</str>
		<str name="code_EXCEPTION_AUTHENTICATION_TIMEOUT" translate="yes">
			<val>Adobe CS Live サブスクリプションを開始できませんでした。しばらく待ってからもう一度実行してください。</val>
		</str>
		<str name="code_EXCEPTION_SNSERVER_TIMEOUT" translate="yes">
			<val>Adobe CS Live サブスクリプションを開始できませんでした。しばらく待ってからもう一度実行してください。</val>
		</str>
		<str name="code_EXCEPTION_WCD_SESSION_TIMEOUT" translate="yes">
			<val>Adobe CS Live サブスクリプションを開始できませんでした。しばらく待ってからもう一度実行してください。</val>
		</str>
		<str name="code_ESS_TIMEOUT" translate="yes">
			<val>Adobe CS Live サブスクリプションを開始できませんでした。しばらく待ってからもう一度実行してください。</val>
		</str>
		<str name="code_ESS_FAILURE" translate="yes">
			<val>Adobe CS Live サブスクリプションを開始できませんでした。しばらく待ってからもう一度実行してください。</val>
		</str>
		<str name="code_EXCEPTION_INTERNAL_TIMEOUT" translate="yes">
			<val>Adobe CS Live サブスクリプションを開始できませんでした。しばらく待ってからもう一度実行してください。</val>
		</str>
		<str name="code_EXCEPTION_INTERNAL_SERVER_ERROR" translate="yes">
			<val>Adobe CS Live サブスクリプションを開始できませんでした。しばらく待ってからもう一度実行してください。</val>
		</str>
		<str name="code_EXCEPTION_SUBSCRIPTION_ALREADY_CLAIMED" translate="yes">
			<val>Adobe CS Live にサインアップ済みです。サインインしてサービスをご利用ください。</val>
		</str>
		<str name="code_EXCEPTION_CLAIM_ALREADY_PROCESSED" translate="yes">
			<val>このシリアル番号は、既に Adobe CS Live サブスクリプションに関連付けられています。サインインしてサービスをご利用ください。</val>
		</str>
		<str name="code_EXCEPTION_SYSTEM_UNAVAILABLE_time" translate="yes">
			<val>アドビの登録サーバーは現在メンテナンス中であり、{0} に利用可能となる予定です。ご迷惑をおかけして申し訳ありません。利用可能となった後にもう一度実行してください。</val>
		</str>
		<str name="code_EXCEPTION_SYSTEM_UNAVAILABLE" translate="yes">
			<val>アドビの登録サーバーは現在メンテナンス中です。ご迷惑をおかけして申し訳ありません。しばらく待ってからもう一度実行してください。</val>
		</str>
		<str name="code_EXCEPTION_SYSTEM_UNAVAILABLE_time_saas" translate="yes">
			<val>Adobe CS Live は現在メンテナンス中であり、{0} に利用可能となる予定です。ご迷惑をおかけして申し訳ありません。利用可能となった後にもう一度実行してください。</val>
		</str>
		<str name="code_EXCEPTION_SYSTEM_UNAVAILABLE_saas" translate="yes">
			<val>Adobe CS Live は現在メンテナンス中です。ご迷惑をおかけして申し訳ありません。しばらく待ってからもう一度実行してください。</val>
		</str>
	</set>	
	
	<set name="alert">
		<str name="alertHeader" translate="yes">
			<val>アドビインストーラー</val>
		</str>
		<str name="workflowCloseError" translate="yes">
			<val>他の非展開ワークフローを閉じる際に問題が発生しました。それらのワークフローを閉じ、「インストール」をクリックしてインストール処理を再開してください</val>
		</str>
		<str name="workflowNeedCloseMessage" translate="yes">
			<val>Adobe Application Manager の別のインスタンスが動作していますが、終了する必要があります。続行するにはインスタンスを終了してください。</val>
		</str>
		<str name="cancelMsg" translate="yes">
			<val>キャンセルしますか？</val>
		</str>
		<str name="payloadDataError" translate="yes">
			<val>インストーラーの初期化に失敗しました</val>
		</str>
		<str name="payloadMappingError" translate="yes">
			<val>インストーラーの初期化に失敗しました</val>
		</str>
		<str name="driverSystemRequirementError" translate="yes">
			<val>この製品の最低眼のシステム要件を満たしていません。</val>
		</str>
		<str name="driverConflictError" translate="yes">
			<val>{0} と競合するバージョンまたはプレリリースバージョンが、このコンピューター上にあります。競合するバージョンがある場合は、インストールする前に現在のメディアから削除する必要があります。</val>
		</str>
		<str name="eulaDeclineMsg" translate="yes">
			<val>続行するには、アドビエンドユーザー使用許諾契約書に同意する必要があります。同意せずに終了してよろしいですか？</val>
		</str>
		<str name="authAdobeID" translate="yes">
			<val>Adobe ID の認証中です...</val>
		</str>
		<str name="sharedComponentMsgInstall" translate="yes">
			<val>共用コンポーネントのインストール中です。しばらくお待ちください。インストール済みコンポーネントの状況によって数分ほどかかることがあります。</val>
		</str>
		<str name="sharedComponentMsgUninstall" translate="yes">
			<val>共用コンポーネントのアンインストール中です。しばらくお待ちください。インストール済みコンポーネントの状況によって数分ほどかかることがあります。</val>
		</str>
		<str name="diskPrompt" translate="yes">
			<val>ディスク「{0}」をドライブ {1} に挿入してください</val>
		</str>
		<str name="noDriverError" translate="yes">
			<val>ドライバーデータソースが見つかりません</val>
		</str>
		<str name="installerNotApplicable" translate="yes">
			<val>{0} は 64 ビットシステムにのみインストールできます</val>
		</str>
		<str name="deactivateMessage" translate="yes">
			<val>ライセンス認証を解除しています。お待ちください...</val>
		</str>
		<str name="deactivateFailMessage" translate="yes">
			<val>製品のライセンス認証を解除できません。</val>
		</str>
		<str name="restartMessage" translate="yes">
			<val>コンピューターを再起動することをお勧めします。</val>
		</str>
		
		<str name="connecting" translate="yes">
			<val>接続中...</val>
		</str>
		
	</set>	
	
	
	<set name="isoToLanguage">
		<str name="ar_AE" translate="no"><val>العربية</val></str>
		<str name="en_GB" translate="no"><val>English (International)</val></str> 
		<str name="fr_CA" translate="no"><val>Français canadien</val></str>
		<str name="es_QM" translate="no"><val>Español (Middle East)</val></str>
		<str name="es_LA" translate="no"><val>Español de América Latina</val></str>
		<str name="es_NA" translate="no"><val>Español Norteamericano</val></str>
		<str name="bg_BG" translate="no"><val>Български</val></str>
		<str name="lv_LV" translate="no"><val>Latviešu</val></str>
		<str name="et_EE" translate="no"><val>Eesti</val></str>
		<str name="hr_HR" translate="no"><val>hrvatski</val></str>
		<str name="sl_SI" translate="no"><val>slovenščina</val></str>
		<str name="sk_SK" translate="no"><val>slovenčina</val></str>
		<str name="th_TH" translate="no"><val>ภาษาไทย</val></str> 
		<str name="vi_VN" translate="no"><val>Việt</val></str>
		<str name="en_XC" translate="no"><val>English (Central Europe)</val></str> 
		<str name="en_XM" translate="no"><val>English (Middle East)</val></str>
		<str name="fr_XM" translate="no"><val>Français Oriental Moyen</val></str>
		<str name="sq_AL" translate="no"><val>Shqip</val></str> 
		<str name="ar_SA" translate="no"><val>العربية</val></str>
		<str name="be_BY" translate="no"><val>Беларуская</val></str> 
		<str name="ca_ES" translate="no"><val>Català</val></str> 
		<str name="hi_IN" translate="no"><val>हिन्दी</val></str>
		<str name="is_IS" translate="no"><val>Íslenska</val></str> 
		<str name="lt_LT" translate="no"><val>Lietuvių</val></str>
		<str name="mk_MK" translate="no"><val>македонски</val></str>
		<str name="nn_NO" translate="no"><val>Norsk (Nynorsk)</val></str>
		<str name="pt_PT" translate="no"><val>Português de Portugal</val></str> 
		<str name="sh_YU" translate="no"><val>Srpsko-Hrvatski</val></str> 
		<str name="sr_YU" translate="no"><val>Cрпски</val></str> 
		<str name="kk_KZ" translate="no"><val>Қазақ</val></str>
		<str name="az_AZ" translate="no"><val>Azərbaycan dili</val></str> 
		<str name="es_MX" translate="no"><val>Español (América Latina)</val></str>
		<str name="no_NO" translate="no"><val>Norwegian</val></str> 
		<str name="cs_CZ" translate="no"><val>Česky</val></str>
		<str name="de_DE" translate="no"><val>Deutsch</val></str>
		<str name="el_GR" translate="no"><val>Ελληνικά</val></str>
		<str name="en_US" translate="no"><val>English (North America)</val></str> 
		<str name="es_ES" translate="no"><val>Español</val></str> 
		<str name="fr_FR" translate="no"><val>Français</val></str>
		<str name="he_IL" translate="no"><val>עברית</val></str> 
		<str name="hu_HU" translate="no"><val>Magyar</val></str> 
		<str name="it_IT" translate="no"><val>Italiano</val></str>
		<str name="ja_JP" translate="no"><val>日本語</val></str>
		<str name="ko_KR" translate="no"><val>한국어</val></str>
		<str name="nl_NL" translate="no"><val>Nederlands</val></str>
		<str name="pl_PL" translate="no"><val>Polski</val></str>
		<str name="ro_RO" translate="no"><val>Română</val></str>
		<str name="ru_RU" translate="no"><val>Pусский</val></str>
		<str name="sv_SE" translate="no"><val>Svenska</val></str>
		<str name="tr_TR" translate="no"><val>Türkçe</val></str>
		<str name="uk_UA" translate="no"><val>Українська</val></str>
		<str name="zh_CN" translate="no"><val>简体中文</val></str>
		<str name="zh_TW" translate="no"><val>繁體中文</val></str>
		<str name="da_DK" translate="no"><val>Dansk</val></str>
		<str name="fi_FI" translate="no"><val>Suomi</val></str>
		<str name="nb_NO" translate="no"><val>Norsk (Bokmål)</val></str> 
		<str name="pt_BR" translate="no"><val>Português do Brasil</val></str>
	</set>	
</asf>
