<?xml version='1.0' encoding='utf-8'?>
<!DOCTYPE asf SYSTEM "http://ns.adobe.com/asf/asf_1_0.dtd" >
<asf xmlns="http://ns.adobe.com/asf" locale="es_ES" version="1.0">
	<set name="install">
		<str name="next" translate="yes">
			<val>SIGUIENTE</val>
		</str>
		<str name="back" translate="yes">
			<val>ATRÁS</val>
		</str>
		<str name="exit" translate="yes">
			<val>SALIR</val>
		</str>
		<str name="quit" translate="yes">
			<val>SALIR</val>
		</str>
		<str name="stop" translate="yes">
			<val>PARAR</val>
		</str>
		<str name="continue" translate="yes">
			<val>CONTINUAR</val>
		</str>
		<str name="cancel" translate="yes">
			<val>CANCELAR</val>
		</str>
		<str name="tryAgain" translate="yes">
			<val>INTENTAR DE NUEVO</val>
		</str>
		<str name="decline" translate="yes">
			<val>RECHAZAR</val>
		</str>
		<str name="accept" translate="yes">
			<val>ACEPTAR</val>
		</str>			
		<str name="create" translate="yes">
			<val>CREAR ID DE ADOBE</val>
		</str>			
		<str name="info" translate="yes">
			<val>Más información</val>
		</str>
		<str name="done" translate="yes">
			<val>TERMINADO</val>
		</str>
		<str name="install" translate="yes">
			<val>INSTALAR</val>
		</str>			
		<str name="uninstall" translate="yes">
			<val>DESINSTALAR</val>
		</str>			
		<str name="btnOK" translate="yes">
			<val>Aceptar</val>
		</str>
		<str name="yes" translate="yes">
			<val>SÍ</val>
		</str>
		<str name="no" translate="yes">
			<val>NO</val>
		</str>
		<str name="subscriptionEdition" translate="no">
			<val>Subscription Edition</val>
		</str>
	</set>
	
	<set name="welcome">
		<str name="welcome" translate="yes">
			<val>Bienvenido</val>
		</str>
		<str name="product" translate="yes">
			<val>Instalador de {0}</val>
		</str>
		<str name="view" translate="yes">
			<val>Ver en:</val>
		</str>
		<str name="license" translate="yes">
			<val>Acuerdo de licencia de software de Adobe</val>
		</str>
		<str name="sure" translate="yes">
			<val>¿Seguro que desea salir?</val>
		</str>
		<str name="AppTitleInstall" translate="yes">
			<val>Instalador de {0}</val>
		</str>
		<str name="AppTitleUninstall" translate="yes">
			<val>Desinstalador de {0}</val>
		</str>
	</set>
	
	<set name="serial">
		<str name="welcome" translate="yes">
			<val>Introducir el número de serie</val>
		</str>
		<str name="serial" translate="yes">
			<val>Proporcione un número de serie.</val>
		</str>
		<str name="trial" translate="yes">
			<val>Instale este producto como una prueba.</val>
		</str>
		<str name="lang" translate="yes">
			<val>Idioma:</val>
		</str>
		<str name="license" translate="yes">
			<val>Este número de serie se utilizará para: {0}</val>
		</str>
		<str name="selectLang" translate="yes">
			<val>Seleccione idioma</val>
		</str>
		<str name="locateTT" translate="yes">
			<val>El número de serie está situado en el dorso del estuche del DVD, en el certificado de licencia de Adobe Open Options (sólo para compras por volumen) o en el mensaje de correo electrónico que recibió de Adobe Store (sólo compras mediante descarga).</val>
		</str>
		<str name="invalid" translate="yes">
			<val>El número de serie no es válido para este producto.</val>
		</str>
		<str name="also" translate="yes">
			<val>También podrá introducir un número de serie tras la instalación.</val>
		</str>
		<str name="agree" translate="yes">
			<val>Según lo establecido en el acuerdo de licencia del software, el software intentará activar la licencia automáticamente a través de Internet. Consulte {0}www.adobe.com/activation{1} para obtener más información.</val>
		</str>
		<str name="agreeLink" translate="yes">
			<val>http://www.adobe.com/go/activation_la</val>
		</str>
		<str name="progressMessage" translate="yes">
			<val>Comprobando la información de su suscripción...</val>
		</str>
	</set>
	
	<set name="options">
		<str name="title" translate="yes">
			<val>Opciones de instalación</val>
		</str>
		<str name="unTitle" translate="yes">
			<val>Opciones de desinstalación</val>
		</str>
		<str name="unInstruct" translate="yes">
			<val>Si selecciona la desinstalación del producto completo, también puede desactivar el número de serie a la vez.</val>
		</str>
		<str name="total" translate="yes">
			<val>Instalación total:</val>
		</str>
		<str name="all" translate="yes">
			<val>Todos los componentes</val>
		</str>
		<str name="loc" translate="yes">
			<val>Ubicación:</val>
		</str>
		<str name="deactivate" translate="yes">
			<val>Desactivar</val>
		</str>
		<str name="deactivateTooltip1" translate="yes">
			<val>La desactivación permite activar el producto de Adobe en otro equipo, siempre que actúe según lo establecido en el Acuerdo de licencia del software. Asegúrese de que está conectado a Internet antes de desactivarlo.</val>
		</str>
		<str name="deactivateTooltip2" translate="yes">
			<val>No se pueden desactivar componentes individuales de un producto de Adobe con licencia. Si desea instalar y activar el producto de Adobe en otro equipo, primero deberá desinstalar y desactivar el producto completo en este equipo.</val>
		</str>
		<str name="remove" translate="yes">
			<val>Eliminar preferencias</val>
		</str>
		<str name="select" translate="yes">
			<val>Haga clic en un nombre de producto para personalizar las opciones</val>
		</str>
		<str name="include" translate="yes">
			<val>Incluye:</val>
		</str>
		<str name="decimalSeparator" translate="yes">
			<val>,</val>
		</str>
		<str name="commaSeparator" translate="yes">
			<val>,</val>
		</str>
		<str name="browse" translate="yes">
			<val>Examinar para ubicar la instalación</val>
		</str>
		<str name="reqs" translate="yes">
			 <val>El sistema no cumple los requisitos mínimos. {0}Más información...{1}</val>
		</str>
		<str name="more" translate="yes">
			<val>Más</val>
		</str>		
		<str name="morelink" translate="yes">
			<val>http://www.adobe.com/go/cs_systemreqs_la</val>
		</str>
		<str name="infolink" translate="yes">
			<val>http://www.adobe.com/go/cs_shared_components_la</val>
		</str>
		<str name="available" translate="yes">
			<val>disponibles</val>
		</str>
		<str name="recommend" translate="yes">
			<val>Recomendado por:</val>
		</str>	
		<str name="required" translate="yes">
			<val>Requisitos de:</val>
		</str>
		<str name="GB" translate="yes">
			<val>GB</val>
		</str>
		<str name="MB" translate="yes">
			<val>MB</val>
		</str>
		<str name="KB" translate="yes">
			<val>KB</val>
		</str>
		<str name="already" translate="yes">
			<val>Ya está instalado</val>
		</str>
		
		<str name="again" translate="yes">
			<val>Si selecciona volver a instalar alguna de las siguientes opciones, se instalará en su ubicación de archivo actual.</val>
		</str>		
		<str name="uninstall" translate="yes">
			<val>DESINSTALAR</val>
		</str>
		<str name="install" translate="yes">
			<val>INSTALAR</val>
		</str>
		<str name="requirementError" translate="yes">
			<val>El sistema no cumple los requisitos mínimos.</val>
		</str>
		<str name="conflictError" translate="yes">
			<val>Ya hay una versión preliminar de este producto instalada</val>
		</str>
		<str name="upgradedError" translate="yes">
			<val>Ya hay una versión más nueva de este producto instalada</val>
		</str>
		<str name="langNotPresent" translate="yes">
			<val>No está disponible para el idioma seleccionado</val>
		</str>
		<str name="dependenciesNotEnabled" translate="yes">
			<val>Se han desactivado componentes obligatorios</val>
		</str>
		<str name="avail" translate="yes">
			<val>Espacio del disco:</val>
		</str>
		<str name="drive" translate="yes">
			<val>Unidad {0}</val>
		</str>
		<str name="sure" translate="yes">
			<val>¿Seguro que desea cancelar la desinstalación?</val>
		</str>
		<str name="browseErrorCaseSensitive" translate="yes">
			<val>Las unidades que distinguen mayúsculas y minúsculas no son compatibles.</val>
		</str>
		<str name="browseErrorMappedNetwork" translate="yes">
			<val>No se admite la instalación en unidades de red asignadas.</val>
		</str>
		<str name="browseErrorRemovableDrive" translate="yes">
			<val>No se admite la instalación en unidades flash extraíbles.</val>
		</str>
		<str name="browseErrorTooLong" translate="yes">
			<val>La ruta elegida para la instalación es demasiado larga.</val>
		</str>
		<str name="browseErrorLockedPath" translate="yes">
			<val>No se admite la instalación en una ubicación bloqueada.</val>
		</str>
		<str name="browseErrorGeneric" translate="yes">
			<val>No se puede realizar la instalación en la ubicación elegida.</val>
		</str>
		<str name="browseErrorRootDrive" translate="yes">
			<val>No se admite la instalación en una ubicación de unidad raíz.</val>
		</str>
		<str name="diskSpaceTooltip" translate="yes">
			<val>Espacio en disco insuficiente para completar la instalación.</val>
		</str>
		<str name="diskSpaceOverlayError" translate="yes">
			<val>El tamaño de las opciones seleccionadas es superior al espacio disponible en el disco duro. Seleccione un disco duro con espacio suficiente y ejecute de nuevo el instalador.</val>
		</str>
		<str name="uninstallSubscriptionMessage" translate="yes">
			<val>La desinstalación de aplicaciones no modificará sus suscripciones. Para cambiar el estado de la suscripción, visite el administrador de suscripciones. {0}Cambiar el estado de su suscripción.{1}</val>
		</str>
		<str name="uninstallSubscriptionMessageLink" translate="no">
			<val>http://www.adobe.com/go/subscriptionedition</val>
		</str>
	</set>

	<set name="progress">
		<str name="title" translate="yes">
			<val>Avance de la instalación</val>
		</str>
		<str name="doneErrors" translate="yes">
			<val>Estado de instalación</val>
		</str>
		<str name="curr" translate="yes">
			<val>Instalando actualmente...</val>
		</str> 
		<str name="unTitle" translate="yes">
			<val>Avance de la desinstalación</val>
		</str>
		<str name="unCurr" translate="yes">
			<val>Desinstalando actualmente...</val>
		</str> 
		<str name="cancelling" translate="yes">
			<val>Cancelando instalación…</val>
		</str>
		<str name="removingCache" translate="yes">
			<val>Eliminando caché...</val>
		</str> 
		<str name="disc" translate="yes">
			<val>Disco</val>
		</str>		
		<str name="preparing" translate="yes"> 
			<val>Preparando para instalar…</val>
		</str>
		<str name="preparingun" translate="yes"> 
			<val>Preparando para desinstalar…</val>
		</str>
		<str name="calculating" translate="yes"> 
			<val>Tiempo total restante: calculando…</val>
		</str>
		<str name="calculatingun" translate="yes"> 
			<val>Tiempo restante: calculando…</val>
		</str>
		<str name="complete" translate="yes"> 
			<val>{0}% completado</val>
		</str>
		<str name="remainTotal" translate="yes">
			<val>Tiempo total restante: {0} minutos aproximadamente</val>
		</str>
		<str name="unRemainTotal" translate="yes">
			<val>Tiempo restante: {0} minutos aproximadamente</val>
		</str>
		<str name="remainTotalOneMin" translate="yes">
			<val>Tiempo total restante: {0} minuto aproximadamente</val>
		</str>
		<str name="unRemainTotalOneMin" translate="yes">
			<val>Tiempo restante: {0} minuto aproximadamente</val>
		</str>
		<str name="remainMin" translate="yes">
			<val>Tiempo total restante: menos de un minuto</val>
		</str>
		<str name="unRemainMin" translate="yes">
			<val>Tiempo restante: menos de un minuto</val>
		</str>
		<str name="remainDisc" translate="yes">
			<val>Tiempo hasta el siguiente disco: {0} minutos aproximadamente</val>
		</str>				
		<str name="sure" translate="yes">
			<val>¿Seguro que desea cancelar la instalación?</val>
		</str>
		<str name="incorrect" translate="yes">
			<val>El disco introducido no es correcto. Reinténtelo y haga clic en Hecho.</val>
		</str>
		<str name="insert" translate="yes">
			<val>Introduzca el disco {0} para continuar.</val>
		</str>
		<str name="errorClose" translate="yes">
			<val>Cierre las aplicaciones siguientes para continuar:</val>
		</str>
		<str name="contact" translate="yes">
			<val>Si necesita ayuda, póngase en contacto con el {0}servicio de atención al cliente{1}.</val>
		</str>
		<str name="supportLink" translate="no">
			<val>http://www.adobe.com/go/support_loganalyzer</val>
		</str>
		<str name="errorLater" translate="yes">
			<val>Para finalizar esta instalación al reiniciar el equipo, haga clic en Finalizar más tarde.</val>
		</str>
		<str name="finishLater" translate="yes">
			<val>Finalizar más tarde</val>
		</str>
		<str name="cancelMsg" translate="yes">
			<val>Se ha cancelado la instalación.</val>
		</str>
		<str name="partial" translate="yes">
			<val>Algunas aplicaciones se han instalado correctamente pero en otras se han producido errores.</val>
		</str>
		<str name="installProblems" translate="yes">
			<val>Ha habido problemas con su instalación</val>
		</str>
		<str name="requiredFailWarning" translate="yes">
			<val>Es posible que algunos componentes necesarios no se hayan instalado. Esto podría afectar a las funciones de las aplicaciones instaladas.</val>
		</str>
		<str name="helpTroubleshoot" translate="yes">
			<val>Para ayudarle a solucionar este problema, revise la información de {0}Solución de problemas{1}</val>
		</str>
		<str name="troubleshootTips" translate="yes">
			<val>Puede que estos consejos de solución de problemas solucionen el problema:</val>
		</str>
		<str name="tipOne" translate="yes">
			<val>1. Reinicie su equipo</val>
		</str>
		<str name="tipTwo" translate="yes">
			<val>2. Cierre todas las aplicaciones, incluidos los elementos de inicio, la comprobación de virus y el software de cortafuegos</val>
		</str>
		<str name="tipThree" translate="yes">
			<val>3. Inicie el programa de instalación y vuelva a instalar las aplicaciones</val>
		</str>
		<str name="errorLogText" translate="yes">
			<val>Si sigue el problema, el archivo de registro de errores que aparece a continuación puede ayudarle a identificar el problema.</val>
		</str>
		<str name="customerSupport" translate="yes">
			<val>Póngase en contacto con la  {0}Asistencia al cliente{1} y proporcione estos detalles.</val>
		</str>
		
		<str name="completely" translate="yes">
			<val>Estas aplicaciones están listas para su uso:</val>
		</str>
		<str name="incomplete" translate="yes">
			<val>Es necesario instalar estas aplicaciones de nuevo.</val>
		</str>
		<str name="installed" translate="yes">
			<val>Se ha instalado:</val>
		</str>
		<str name="notInstalled" translate="yes">
			<val>No se ha instalado:</val>
		</str>
		<str name="haserrors" translate="yes">
			<val>Se han producido errores en la instalación.</val>
		</str>
		<str name="restart" translate="yes">
			<val>Intente reiniciar el sistema y realice la instalación de nuevo.</val>
		</str>
		<str name="timeRemaining" translate="yes">
			<val>Tiempo restante</val>
		</str>
		<str name="unDoneTitle" translate="yes">
			<val>Estado de la desinstalación</val>
		</str>
		<str name="unDoneWarning" translate="yes">
			<val>Algunas aplicaciones se han desinstalado correctamente, pero en otras se han producido errores.</val>
		</str>
		<str name="unComplete" translate="yes">
			<val>Se han desinstalado estas aplicaciones:</val>
		</str>
		<str name="unIncomplete" translate="yes">
			<val>No se han desinstalado estas aplicaciones:</val>
		</str>
		<str name="unInstruct" translate="yes">
			<val>Intente reiniciar el equipo y desinstalar de nuevo. Si no se soluciona el problema, descargue y ejecute {0}Adobe Creative Suite Cleaner Tool{1}.</val>
		</str>
		<str name="unPointWarning" translate="yes">
			<val>Se han producido errores en la desinstalación.</val>
		</str>		
		<str name="cleanScriptLink" translate="no">
			<val>http://www.adobe.com/go/cscleanertool</val>
		</str>
		<str name="deactivateWarning" translate="yes">
			<val>Para llevar a cabo la desactivación, conéctese a Internet. De lo contrario, desmarque la casilla Desactivar de la pantalla anterior.</val>
		</str>
		<str name="deactivateFailureWarning" translate="yes">
			<val>No se ha realizado correctamente la desactivación. Puede continuar desinstalando el producto, pero no podrá activarlo en otro equipo sin haber completado la desactivación.</val>
		</str>		
	</set>	 

	<set name="thanks">
		<str name="title" translate="yes">
			<val>Gracias</val>
		</str>
		<str name="titleInsStatus" translate="yes">
			<val>Estado de la instalación</val>
		</str>
		
		<str name="subtitle" translate="yes">
			<val>La instalación se ha completado. Lleve a cabo los pasos siguientes para sacar el máximo partido del software.</val>
		</str>
		<str name="subtitle1" translate="yes">
			<val>La instalación se ha completado.</val>
		</str>
		<str name="subtitle2" translate="yes">
			<val>Lleve a cabo los pasos siguientes para sacar el máximo partido del software.</val>
		</str>
		<str name="subtitleSubsClaimFail" translate="yes">
			<val>No se ha podido iniciar su suscripción a {0}.</val>
		</str>
	
		
		<str name="unSubtitle" translate="yes">
			<val>Las siguientes aplicaciones se han desinstalado correctamente:</val>
		</str>

		<str name="unSubtitleNoProductList" translate="yes">
			<val>La desinstalación ha finalizado.</val>
		</str>

		<str name="appsInstalledHeading" translate="yes">
			<val>Se instalaron los productos siguientes.</val>
		</str>
		<str name="appInstalledHeading" translate="yes">
			<val>Se instaló el producto siguiente.</val>
		</str>

		<str name="services" translate="yes">
			<val>Primeros pasos: productos y servicios de Adobe</val>
		</str>
		<str name="noservices" translate="yes">
			<val>Primeros pasos: productos de Adobe</val>
		</str>
		<str name="successWithServices" translate="yes">
			<val>Se ha utilizado su ID de Adobe para registrar el software y configurar el acceso a los servicios de Adobe CS Live.</val>
		</str>
		<str name="successWithoutServices" translate="yes">
			<val>Al proporcionar un ID de Adobe, ha registrado el software.</val>
		</str>
		<str name="emailVerify" translate="yes">
			<val>Se necesita un correo electrónico de verificación para comenzar a utilizar los servicios Adobe CS Live. Compruebe la bandeja de entrada del correo electrónico.</val>
		</str>
		<str name="skippedWithServices" translate="yes">
			<val>Se requiere un ID de Adobe para registrar el software y acceder a los servicios de Adobe CS Live. Se le recordará que proporcione un ID de Adobe cuando utilice el software.</val>
		</str>
		<str name="skippedWithoutServices" translate="yes">
			<val>Se requiere un ID de Adobe para registrar el software. Se le recordará que proporcione un ID de Adobe cuando utilice el software.</val>
		</str>
		<str name="trialAdobeIDtext" translate="yes">
			<val>Se requiere un ID de Adobe para utilizar este software como una prueba. Dispondrá de 7 días desde el primer uso del producto de prueba para introducir un ID de Adobe.</val>
		</str>
		<str name="idinfo" translate="yes">
			<val>Se ha utilizado su ID de Adobe para registrar el producto y configurar el acceso a los servicios en línea de Adobe CS Live.</val>
		</str>	
		<str name="id" translate="yes">
			<val>Sus productos se registran mediante su ID de Adobe.</val>
		</str>
		<str name="provided" translate="yes">
			<val>Al proporcionar el ID de Adobe, ha registrado el producto.</val>
		</str>
		<str name="idservices" translate="yes">
			<val>Mediante su ID de Adobe, se registran los productos y se define la suscripción gratuita a los servicios de Adobe CS Live.</val>
		</str>
		<str name="idis" translate="yes">
			<val>Su ID de Adobe es: {0}</val>
		</str>
		<str name="idnew" translate="yes">
			<val>Su ID de Adobe es: {0}</val>
		</str>
		
		<str name="email" translate="yes">
			<val>Se ha enviado un correo electrónico para verificar esta dirección. Esta verificación es necesaria antes de utilizar los servicios Adobe CS Live.</val>
		</str>
		<str name="videos" translate="yes">
			<val>Ver tutoriales de vídeo</val>
		</str>
		<str name="explore" translate="yes">
			<val>Explorar servicios Adobe CS Live</val>
		</str>
		<str name="videolink" translate="yes">
			<val>http://www.adobe.com/go/adobetv_howto</val>
		</str>		
		<str name="serviceslink" translate="yes">
			<val>http://www.adobe.com/go/cslive_la</val>
		</str>	
	</set> 
	
	
	<set name="upgrade">
		<str name="title" translate="yes">
			<val>Introduzca n.º serie de la actualización</val>
		</str>
		<str name="instruct1" translate="yes">
			<val>El número de serie introducido es válido, pero no puede encontrarse un producto que cumpla los requisitos en este equipo.</val>
		</str>
		<str name="instruct2" translate="yes">
			<val>Para utilizar el número de serie introducido para la actualización, debe poseer uno de estos productos. Seleccione el que posea e introduzca el número de serie.</val>
		</str>
		<str name="serial" translate="yes">
			<val>Número de serie para este producto:</val>
		</str>
		<str name="trial" translate="yes">
			<val>INSTALAR COMO PRODUCTO DE PRUEBA</val>
		</str>
		<str name="confirm" translate="yes">
			<val>Este número de serie confirma {0}.</val>
		</str>
		<str name="second" translate="yes">
			<val>Esta actualización necesita un segundo producto que cumpla los requisitos. Seleccione el segundo producto que posee e introduzca su número de serie:</val>
		</str>
		<str name="selproduct" translate="yes">
			<val>Seleccione un producto</val>
		</str>
		<str name="nogood" translate="yes">
			<val>Este número de serie no es para un producto que cumple los requisitos. Intente con otro producto.</val>
		</str>
		<str name="account" translate="yes">
			<val>Si ha registrado productos anteriormente, puede ir a la {0}página de su cuenta{1} para buscar los números de serie existentes.</val>
		</str>
		<str name="support" translate="yes">
			<val>Si necesita ayuda, póngase en contacto con el {0}servicio de atención al cliente{1}.</val>
		</str>
		<str name="supportlink" translate="no">
			<val>http://www.adobe.com/go/support_loganalyzer</val>
		</str>
		<str name="accountlink" translate="yes">
			<val>http://www.adobe.com/go/adobemembership_la</val>
		</str>
	</set>
	
	<set name="upcode">
		<str name="header" translate="yes">
			<val>Introduzca su código de actualización.</val>
		</str>
		<str name="instruct1" translate="yes">
			<val>Vuelva a introducir el código siguiente para su representante de servicios cuando se solicite:</val>
		</str>
		<str name="challenge" translate="yes">
			<val>Código de desafío</val>
		</str>
		<str name="instruct2" translate="yes">
			<val>Introduzca el código que su representante de servicios le proporciona:</val>
		</str>
		<str name="support" translate="yes">
			<val>Código de atención al cliente</val>
		</str>
		<str name="codeError" translate="yes">
			<val>Código de atención al cliente no válido</val>
		</str>
		
	</set>
	
	<set name="dvanote">
		<str name="header" translate="yes">
			<val>Aviso importante</val>
		</str>
		<str name="warning32bit" translate="yes">
			<val>Este equipo se está ejecutando en un sistema operativo de 32 bits. Adobe Premiere Pro CS5.5, Adobe Premiere Pro CS5 y After Effects CS5.5 y After Effects CS5 solo se pueden ejecutar en un sistema operativo de 64 bits. Si desea utilizar estas aplicaciones, puede actualizar el sistema o instalar las versiones de CS4 de 32 bits. {0}Obtenga más información{1} sobre cómo encontrar e instalar las versiones de CS4.</val>
		</str>
		<str name="learnMoreLink" translate="yes">
			<val>http://www.adobe.com/go/32bit_installation_la</val>
		</str>
	</set>

	<set name="nav">
		<str name="welcome" translate="yes">
			<val>BIENVENIDO</val>
		</str>
		<str name="serial" translate="yes">
			<val>NÚMERO DE SERIE</val>
		</str>
		<str name="id" translate="yes">
			<val>ID DE ADOBE</val>
		</str>
		<str name="options" translate="yes">
			<val>OPCIONES</val>
		</str>
		<str name="unoptions" translate="yes">
			<val>OPCIONES</val>
		</str>
		<str name="install" translate="yes">
			<val>INSTALAR</val>
		</str>
		<str name="uninstall" translate="yes">
			<val>DESINSTALAR</val>
		</str>
		<str name="thanks" translate="yes">
			<val>FINALIZAR</val>
		</str>
	</set>
	
	
	<set name="systemReq">
		<str name="ram" translate="yes">
			<val>{0} de RAM recomendados</val>
		</str>
		<str name="processor" translate="yes">
			<val>Procesador {0} recomendado</val>
		</str>
		<str name="osWin" translate="yes">
			<val>Windows {0} recomendado</val>
		</str>
		<str name="osMac" translate="yes">
			<val>Mac {0} recomendado</val>
		</str>
		<str name="screen" translate="yes">
			<val>Resolución de pantalla de {0} recomendada</val>
		</str>
	</set>
	
	<set name="installErrorCode">
		<str name="code0" translate="yes">
			<val>Instalación correcta</val>
		</str>
		<str name="code6" translate="yes">
			<val>Listo con errores</val>
		</str>
		<str name="code7in" translate="yes">
			<val>Error de instalación</val>
		</str>
		<str name="code7un" translate="yes">
			<val>Error de desinstalación</val>
		</str>
		<str name="code8" translate="yes">
			<val>Listo. Es necesario reiniciar el sistema para finalizar el flujo de trabajo.</val>
		</str>
		<str name="code11" translate="yes">
			<val>Ya está funcionando otra instancia de la implementación</val>
		</str>
		<str name="code14" translate="yes">
			<val>Se requieren privilegios de administrador para efectuar una instalación</val>
		</str>
		<str name="code14un" translate="yes">
			<val>Para desinstalar, se necesitan privilegios de administrador</val>
		</str>
		<str name="code19" translate="yes">
			<val>Hay procesos en conflicto que se están ejecutando</val>
		</str>
		<str name="code24" translate="yes">
			<val>Instalación cancelada</val>
		</str>
		<str name="code15" translate="yes">
			<val>Incoherencia en la base de datos del instalador. Reinicie el equipo e inténtelo de nuevo.</val>
		</str>
		<str name="code31" translate="yes">
			<val>El tamaño de las opciones seleccionadas es superior al espacio disponible en el disco duro. Seleccione un disco duro con espacio suficiente y ejecute de nuevo el instalador.</val>
		</str>
		<str name="code9999" translate="yes">
			<val>Se ha producido un error interno</val>
		</str>
		<str name="internalError" translate="yes">
			<val>Se ha producido un error({0}) en la Configuración durante la instalación. Reinicie el equipo e inténtelo de nuevo.</val>
		</str>
		<str name="uninternalError" translate="yes">
			<val>Se ha producido un error({0}) en la Configuración durante la desinstalación. Reinicie el equipo e inténtelo de nuevo.</val>
		</str>
	</set>
	
	<set name="prescreenResponse">
		<str name="header_NOT_ENABLED" translate="yes">
			<val>Su suscripción a {0} ha caducado.</val>
		</str>
		<str name="body_NOT_ENABLED" translate="yes">
			<val>Renueve su suscripción o seleccione Atrás e instale el producto en modo de prueba.</val>
		</str>
		<str name="footerLinkText_NOT_ENABLED" translate="yes">
			<val>Renovar mi suscripción</val>
		</str>
		<str name="footerLink_NOT_ENABLED" translate="no">
			<val>http://www.adobe.com/go/subscriptionedition</val>
		</str>
		
		<str name="header_OFFLINE" translate="yes">
			<val>No se ha podido establecer la conexión a Internet.</val>
		</str>
		<str name="body_OFFLINE" translate="yes">
			<val>Para utilizar este producto, deberá disponer de una conexión a Internet operativa. Compruebe la configuración de su conexión y seleccione Intentar de nuevo. Si sigue experimentando problemas, póngase en contacto con el servicio de Asistencia al cliente o seleccione Atrás para instalar este producto en modo de prueba.</val>
		</str>
		<str name="footerLinkText_OFFLINE" translate="yes">
			<val>Póngase en contacto con el servicio de Asistencia al cliente</val>
		</str>
		<str name="footerLink_OFFLINE" translate="yes">
			<val>http://www.adobe.com/go/support_la</val>
		</str>
		
		<str name="header_GENERIC_ERROR" translate="yes">
			<val>No se ha podido iniciar su suscripción a {0}.</val>
		</str>
		<str name="body_GENERIC_ERROR" translate="yes">
			<val>Para completar la instalación, seleccione la instalación de este producto en modo de prueba. Cuando haya instalado el software e iniciado la aplicación, se le indicará que inicie su suscripción.</val>
		</str>
		<str name="footerLinkText_GENERIC_ERROR" translate="yes">
			<val>Póngase en contacto con el servicio de Asistencia al cliente</val>
		</str>
		<str name="footerLink_GENERIC_ERROR" translate="yes">
			<val>http://www.adobe.com/go/support_la</val>
		</str>
	</set>
	
	<set name="subsClaimResponse">
		<str name="failureStatusHeading" translate="yes">
			<val>No se ha podido iniciar su suscripción a {0}.</val>
		</str>
		<str name="successStatusHeading" translate="yes">
			<val>Primeros pasos: productos y servicios de Adobe</val>
		</str>
		
		<str name="adobeIDInfo" translate="yes">
			<val>Se ha utilizado su ID de Adobe para iniciar su suscripción a {0} y configurar el acceso a los servicios de Adobe CS Live.</val>
		</str>
		
		<str name="idis" translate="yes">
			<val>Su ID de Adobe es: {0}</val>
		</str>
		<str name="idnew" translate="yes">
			<val>Su ID de Adobe es: {0}</val>
		</str>
		
		<str name="emailVerify" translate="yes">
			<val>Se necesita un correo electrónico de verificación para comenzar a utilizar los servicios de Adobe CS Live. Compruebe la bandeja de entrada del correo electrónico.</val>
		</str>
		

		<str name="supLinkURL_EXCEPTION_DECODE_FAILED" translate="yes">
			<val>http://www.adobe.com/go/support_la</val>
		</str>			
		<str name="supLinkURL_EXCEPTION_NO_SUCH_USER" translate="yes">
			<val>http://www.adobe.com/go/support_la</val>
		</str>		
		<str name="supLinkURL_EXCEPTION_INVALID_DATA" translate="yes">
			<val>http://www.adobe.com/go/support_la</val>
		</str>
		<str name="supLinkURL_EXCEPTION_SKU_LOOKUP_FAILED" translate="yes">
			<val>http://www.adobe.com/go/support_la</val>
		</str>		
		<str name="supLinkURL_EXCEPTION_AUTHENTICATION_TIMEOUT" translate="yes">
			<val>http://www.adobe.com/go/support_la</val>
		</str>
		<str name="supLinkURL_EXCEPTION_SNSERVER_TIMEOUT" translate="yes">
			<val>http://www.adobe.com/go/support_la</val>
		</str>
		<str name="supLinkURL_EXCEPTION_INTERNAL_TIMEOUT" translate="yes">
			<val>http://www.adobe.com/go/support_la</val>
		</str>
		<str name="supLinkURL_EXCEPTION_INTERNAL_SERVER_ERROR" translate="yes">
			<val>http://www.adobe.com/go/support_la</val>
		</str>
		<str name="supLinkURL_EXCEPTION_SYSTEM_UNAVAILABLE_time" translate="yes">
			<val>http://www.adobe.com/go/support_la</val>
		</str>
		<str name="supLinkURL_EXCEPTION_SYSTEM_UNAVAILABLE" translate="yes">
			<val>http://www.adobe.com/go/support_la</val>
		</str>
		<str name="supLinkURL_EXCEPTION_COMPANY_CODE_MISMATCH" translate="yes">
			<val>http://www.adobe.com/go/subscription_learnmore_la</val>
		</str>
		<str name="supLinkURL_EXCEPTION_SUBSCRIPTION_ALREADY_CLAIMED_DIFF_ADOBEID" translate="yes">
			<val>http://www.adobe.com/go/support_la</val>
		</str>
		<str name="supLinkURL_ERROR_WITH_INFO" translate="yes">
			<val>http://www.adobe.com/go/support_la</val>
		</str>
		<str name="supLinkURL_GENERIC" translate="yes">
			<val>http://www.adobe.com/go/support_la</val>
		</str>
		
		
		<str name="supLinkLbl_EXCEPTION_DECODE_FAILED" translate="yes">
			<val>Póngase en contacto con el servicio de Asistencia al cliente</val>
		</str>			
		<str name="supLinkLbl_EXCEPTION_NO_SUCH_USER" translate="yes">
			<val>Póngase en contacto con el servicio de Asistencia al cliente</val>
		</str>		
		<str name="supLinkLbl_EXCEPTION_INVALID_DATA" translate="yes">
			<val>Póngase en contacto con el servicio de Asistencia al cliente</val>
		</str>
		<str name="supLinkLbl_EXCEPTION_SKU_LOOKUP_FAILED" translate="yes">
			<val>Póngase en contacto con el servicio de Asistencia al cliente</val>
		</str>		
		<str name="supLinkLbl_EXCEPTION_AUTHENTICATION_TIMEOUT" translate="yes">
			<val>Póngase en contacto con el servicio de Asistencia al cliente</val>
		</str>
		<str name="supLinkLbl_EXCEPTION_SNSERVER_TIMEOUT" translate="yes">
			<val>Póngase en contacto con el servicio de Asistencia al cliente</val>
		</str>
		<str name="supLinkLbl_EXCEPTION_INTERNAL_TIMEOUT" translate="yes">
			<val>Póngase en contacto con el servicio de Asistencia al cliente</val>
		</str>
		<str name="supLinkLbl_EXCEPTION_INTERNAL_SERVER_ERROR" translate="yes">
			<val>Póngase en contacto con el servicio de Asistencia al cliente</val>
		</str>
		<str name="supLinkLbl_EXCEPTION_SYSTEM_UNAVAILABLE_time" translate="yes">
			<val>Póngase en contacto con el servicio de Asistencia al cliente</val>
		</str>
		<str name="supLinkLbl_EXCEPTION_SYSTEM_UNAVAILABLE" translate="yes">
			<val>Póngase en contacto con el servicio de Asistencia al cliente</val>
		</str>
		<str name="supLinkLbl_EXCEPTION_SUBSCRIPTION_ALREADY_CLAIMED_DIFF_ADOBEID" translate="yes">
			<val>Póngase en contacto con el servicio de Asistencia al cliente</val>
		</str>
		<str name="supLinkLbl_EXCEPTION_COMPANY_CODE_MISMATCH" translate="yes">
			<val>Más información</val>
		</str>
		<str name="supLinkLbl_ERROR_WITH_INFO" translate="yes">
			<val>Póngase en contacto con el servicio de Asistencia al cliente</val>
		</str>
		<str name="supLinkLbl_GENERIC" translate="yes">
			<val>Póngase en contacto con el servicio de Asistencia al cliente</val>
		</str>
		
		
		<str name="code_EXCEPTION_DECODE_FAILED" translate="yes">
			<val>Una vez iniciado el producto, se le indicará que inicie su suscripción.</val>
		</str>			
		<str name="code_EXCEPTION_NO_SUCH_USER" translate="yes">
			<val>Una vez iniciado el producto, se le indicará que inicie su suscripción.</val>
		</str>		
		<str name="code_EXCEPTION_INVALID_DATA" translate="yes">
			<val>Una vez iniciado el producto, se le indicará que inicie su suscripción.</val>
		</str>
		<str name="code_EXCEPTION_SKU_LOOKUP_FAILED" translate="yes">
			<val>Una vez iniciado el producto, se le indicará que inicie su suscripción.</val>
		</str>		
		<str name="code_EXCEPTION_AUTHENTICATION_TIMEOUT" translate="yes">
			<val>Espere unos momentos y vuelva a intentarlo. Cuando haya iniciado el producto, también se le indicará que inicie su suscripción.</val>
		</str>
		<str name="code_EXCEPTION_SNSERVER_TIMEOUT" translate="yes">
			<val>Espere unos momentos y vuelva a intentarlo. Cuando haya iniciado el producto, también se le indicará que inicie su suscripción.</val>
		</str>
		<str name="code_EXCEPTION_INTERNAL_TIMEOUT" translate="yes">
			<val>Espere unos momentos y vuelva a intentarlo. Cuando haya iniciado el producto, también se le indicará que inicie su suscripción.</val>
		</str>
		<str name="code_EXCEPTION_INTERNAL_SERVER_ERROR" translate="yes">
			<val>Espere unos momentos y vuelva a intentarlo. Cuando haya iniciado el producto, también se le indicará que inicie su suscripción.</val>
		</str>
		<str name="code_EXCEPTION_SYSTEM_UNAVAILABLE_time" translate="yes">
			<val>Actualmente, nuestros servidores se encuentran fuera de línea debido a las tareas de mantenimiento programadas. Disculpe el retraso. Vuelva a intentarlo a las {0}. Cuando haya iniciado el producto, se le indicará que inicie su suscripción.</val>
		</str>
		<str name="code_EXCEPTION_SYSTEM_UNAVAILABLE" translate="yes">
			<val>Actualmente, nuestros servidores se encuentran fuera de línea debido a las tareas de mantenimiento programadas. Disculpe el retraso. Cuando haya iniciado el producto, se le indicará que inicie su suscripción.</val>
		</str>
		<str name="code_EXCEPTION_COMPANY_CODE_MISMATCH" translate="yes">
			<val>El país en el que se adquirió este producto no coincide con el país especificado en su cuenta de Adobe. Cuando inicie el producto, se le indicará que inicie una sesión con un ID de Adobe diferente.</val>
		</str>
		<str name="code_EXCEPTION_SUBSCRIPTION_ALREADY_CLAIMED_DIFF_ADOBEID" translate="yes">
			<val>Nuestros registros indican que su suscripción está asignada actualmente a un ID de Adobe diferente. Se le solicitará que inicie sesión con un ID de Adobe diferente al iniciar el producto. Si el problema continúa, póngase en contacto con el servicio de Asistencia al cliente de Adobe.</val>
		</str>
		<str name="code_ESS_TIMEOUT" translate="yes">
			<val>Espere unos momentos y vuelva a intentarlo. Cuando haya iniciado el producto, también se le indicará que inicie su suscripción.</val>
		</str>
		
		<str name="code_ESS_FAILURE" translate="yes">
			<val>Espere unos momentos y vuelva a intentarlo. Cuando haya iniciado el producto, también se le indicará que inicie su suscripción.</val>
		</str>
		
		<str name="code_GENERIC" translate="yes">
			<val>Una vez iniciado el producto, se le indicará que inicie su suscripción.</val>
		</str>
	</set>
	
	<set name="claimResponse">
		<str name="code_" translate="yes">
			<val></val>
		</str>
		<str name="code_NonSaas_FAILURE" translate="yes">
			<val>No se ha podido registrar su producto en este momento. Inténtelo de nuevo más tarde.</val>
		</str>
		<str name="code_EXCEPTION_DECODE_FAILED" translate="yes">
			<val>Número de serie no válido. No se ha podido iniciar su suscripción a Adobe CS Live.</val>
		</str>
		<str name="code_EXCEPTION_NO_SUCH_USER" translate="yes">
			<val>No se ha podido iniciar su suscripción a Adobe CS Live. Inténtelo de nuevo más tarde.</val>
		</str>
		<str name="code_EXCEPTION_INVALID_DATA" translate="yes">
			<val>No se ha podido iniciar su suscripción a Adobe CS Live. Inténtelo de nuevo más tarde.</val>
		</str>
		<str name="code_EXCEPTION_WCD_TIMEOUT" translate="yes">
			<val>No se ha podido iniciar su suscripción a Adobe CS Live. Inténtelo de nuevo más tarde.</val>
		</str>
		<str name="code_EXCEPTION_AUTHENTICATION_TIMEOUT" translate="yes">
			<val>No se ha podido iniciar su suscripción a Adobe CS Live. Inténtelo de nuevo más tarde.</val>
		</str>
		<str name="code_EXCEPTION_SNSERVER_TIMEOUT" translate="yes">
			<val>No se ha podido iniciar su suscripción a Adobe CS Live. Inténtelo de nuevo más tarde.</val>
		</str>
		<str name="code_EXCEPTION_WCD_SESSION_TIMEOUT" translate="yes">
			<val>No se ha podido iniciar su suscripción a Adobe CS Live. Inténtelo de nuevo más tarde.</val>
		</str>
		<str name="code_ESS_TIMEOUT" translate="yes">
			<val>No se ha podido iniciar su suscripción a Adobe CS Live. Inténtelo de nuevo más tarde.</val>
		</str>
		<str name="code_ESS_FAILURE" translate="yes">
			<val>No se ha podido iniciar su suscripción a Adobe CS Live. Inténtelo de nuevo más tarde.</val>
		</str>
		<str name="code_EXCEPTION_INTERNAL_TIMEOUT" translate="yes">
			<val>No se ha podido iniciar su suscripción a Adobe CS Live. Inténtelo de nuevo más tarde.</val>
		</str>
		<str name="code_EXCEPTION_INTERNAL_SERVER_ERROR" translate="yes">
			<val>No se ha podido iniciar su suscripción a Adobe CS Live. Inténtelo de nuevo más tarde.</val>
		</str>
		<str name="code_EXCEPTION_SUBSCRIPTION_ALREADY_CLAIMED" translate="yes">
			<val>Ya se ha inscrito en Adobe CS Live. Regístrese para usar los servicios.</val>
		</str>
		<str name="code_EXCEPTION_CLAIM_ALREADY_PROCESSED" translate="yes">
			<val>Este número de serie ya tiene asociada una suscripción de Adobe CS Live. Regístrese para usar los servicios.</val>
		</str>
		<str name="code_EXCEPTION_SYSTEM_UNAVAILABLE_time" translate="yes">
			<val>En estos momentos, el servidor de registro de Adobe está realizando tareas de mantenimiento. Se estima que volverá a estar disponible a las {0}. Vuelva a intentarlo a esa hora. Disculpe las molestias.</val>
		</str>
		<str name="code_EXCEPTION_SYSTEM_UNAVAILABLE" translate="yes">
			<val>En estos momentos, el servidor de registro de Adobe está realizando tareas de mantenimiento. Vuelva a intentarlo más tarde. Disculpe las molestias.</val>
		</str>
		<str name="code_EXCEPTION_SYSTEM_UNAVAILABLE_time_saas" translate="yes">
			<val>En estos momentos, Adobe CS Live está realizando tareas de mantenimiento. Se estima que volverá a estar disponible a las {0}. Vuelva a intentarlo a esa hora. Disculpe las molestias.</val>
		</str>
		<str name="code_EXCEPTION_SYSTEM_UNAVAILABLE_saas" translate="yes">
			<val>En estos momentos, Adobe CS Live está realizando tareas de mantenimiento. Vuelva a intentarlo más tarde. Disculpe las molestias.</val>
		</str>
	</set>	
	
	<set name="alert">
		<str name="alertHeader" translate="yes">
			<val>Instalador de Adobe</val>
		</str>
		<str name="workflowCloseError" translate="yes">
			<val>Se ha producido algún problema al cerrar otros flujos de trabajo de Sin implementación. Ciérrelos y haga clic en Instalar para comenzar de nuevo la instalación.</val>
		</str>
		<str name="workflowNeedCloseMessage" translate="yes">
			<val>Se están ejecutando otras instancias de Adobe Application Manager, que se deben cerrar. Ciérrelas para continuar.</val>
		</str>
		<str name="cancelMsg" translate="yes">
			<val>¿Seguro que desea cancelar?</val>
		</str>
		<str name="payloadDataError" translate="yes">
			<val>El instalador no se ha podido inicializar.</val>
		</str>
		<str name="payloadMappingError" translate="yes">
			<val>El instalador no se ha podido inicializar.</val>
		</str>
		<str name="driverSystemRequirementError" translate="yes">
			<val>El sistema no cumple los requisitos mínimos para este producto.</val>
		</str>
		<str name="driverConflictError" translate="yes">
			<val>Existe una versión problemática o preliminar de {0} en este equipo. Debe eliminarse la versión problemática antes de instalar desde el soporte actual.</val>
		</str>
		<str name="eulaDeclineMsg" translate="yes">
			<val>Debe aceptar el Acuerdo de licencia de usuario final de Adobe. ¿Seguro que desea rechazar?</val>
		</str>
		<str name="authAdobeID" translate="yes">
			<val>Autenticando ID de Adobe...</val>
		</str>
		<str name="sharedComponentMsgInstall" translate="yes">
			<val>Instalando Shared Components. Espere... Puede tardar unos minutos; el tiempo dependerá de los componentes instalados previamente.</val>
		</str>
		<str name="sharedComponentMsgUninstall" translate="yes">
			<val>Desinstalando Shared Components. Espere... Puede tardar unos minutos; el tiempo dependerá de los componentes instalados previamente.</val>
		</str>
		<str name="diskPrompt" translate="yes">
			<val>Introduzca el disco con la etiqueta {0} en la unidad {1}</val>
		</str>
		<str name="noDriverError" translate="yes">
			<val>No se encuentra la carga útil del controlador</val>
		</str>
		<str name="installerNotApplicable" translate="yes">
			<val>{0} sólo se puede instalar en un sistema de 64 bits</val>
		</str>
		<str name="deactivateMessage" translate="yes">
			<val>Desactivando. Espere...</val>
		</str>
		<str name="deactivateFailMessage" translate="yes">
			<val>No se ha podido desactivar el producto.</val>
		</str>
		<str name="restartMessage" translate="yes">
			<val>Se recomienda reiniciar el equipo.</val>
		</str>
		
		<str name="connecting" translate="yes">
			<val>Conectando...</val>
		</str>
		
	</set>	
	
	
	<set name="isoToLanguage">
		<str name="ar_AE" translate="no"><val>العربية</val></str>
		<str name="en_GB" translate="no"><val>English (International)</val></str> 
		<str name="fr_CA" translate="no"><val>Français canadien</val></str>
		<str name="es_QM" translate="no"><val>Español (Middle East)</val></str>
		<str name="es_LA" translate="no"><val>Español de América Latina</val></str>
		<str name="es_NA" translate="no"><val>Español Norteamericano</val></str>
		<str name="bg_BG" translate="no"><val>Български</val></str>
		<str name="lv_LV" translate="no"><val>Latviešu</val></str>
		<str name="et_EE" translate="no"><val>Eesti</val></str>
		<str name="hr_HR" translate="no"><val>hrvatski</val></str>
		<str name="sl_SI" translate="no"><val>slovenščina</val></str>
		<str name="sk_SK" translate="no"><val>slovenčina</val></str>
		<str name="th_TH" translate="no"><val>ภาษาไทย</val></str> 
		<str name="vi_VN" translate="no"><val>Việt</val></str>
		<str name="en_XC" translate="no"><val>English (Central Europe)</val></str> 
		<str name="en_XM" translate="no"><val>English (Middle East)</val></str>
		<str name="fr_XM" translate="no"><val>Français Oriental Moyen</val></str>
		<str name="sq_AL" translate="no"><val>Shqip</val></str> 
		<str name="ar_SA" translate="no"><val>العربية</val></str>
		<str name="be_BY" translate="no"><val>Беларуская</val></str> 
		<str name="ca_ES" translate="no"><val>Català</val></str> 
		<str name="hi_IN" translate="no"><val>हिन्दी</val></str>
		<str name="is_IS" translate="no"><val>Íslenska</val></str> 
		<str name="lt_LT" translate="no"><val>Lietuvių</val></str>
		<str name="mk_MK" translate="no"><val>македонски</val></str>
		<str name="nn_NO" translate="no"><val>Norsk (Nynorsk)</val></str>
		<str name="pt_PT" translate="no"><val>Português de Portugal</val></str> 
		<str name="sh_YU" translate="no"><val>Srpsko-Hrvatski</val></str> 
		<str name="sr_YU" translate="no"><val>Cрпски</val></str> 
		<str name="kk_KZ" translate="no"><val>Қазақ</val></str>
		<str name="az_AZ" translate="no"><val>Azərbaycan dili</val></str> 
		<str name="es_MX" translate="no"><val>Español (América Latina)</val></str>
		<str name="no_NO" translate="no"><val>Norwegian</val></str> 
		<str name="cs_CZ" translate="no"><val>Česky</val></str>
		<str name="de_DE" translate="no"><val>Deutsch</val></str>
		<str name="el_GR" translate="no"><val>Ελληνικά</val></str>
		<str name="en_US" translate="no"><val>English (North America)</val></str> 
		<str name="es_ES" translate="no"><val>Español</val></str> 
		<str name="fr_FR" translate="no"><val>Français</val></str>
		<str name="he_IL" translate="no"><val>עברית</val></str> 
		<str name="hu_HU" translate="no"><val>Magyar</val></str> 
		<str name="it_IT" translate="no"><val>Italiano</val></str>
		<str name="ja_JP" translate="no"><val>日本語</val></str>
		<str name="ko_KR" translate="no"><val>한국어</val></str>
		<str name="nl_NL" translate="no"><val>Nederlands</val></str>
		<str name="pl_PL" translate="no"><val>Polski</val></str>
		<str name="ro_RO" translate="no"><val>Română</val></str>
		<str name="ru_RU" translate="no"><val>Pусский</val></str>
		<str name="sv_SE" translate="no"><val>Svenska</val></str>
		<str name="tr_TR" translate="no"><val>Türkçe</val></str>
		<str name="uk_UA" translate="no"><val>Українська</val></str>
		<str name="zh_CN" translate="no"><val>简体中文</val></str>
		<str name="zh_TW" translate="no"><val>繁體中文</val></str>
		<str name="da_DK" translate="no"><val>Dansk</val></str>
		<str name="fi_FI" translate="no"><val>Suomi</val></str>
		<str name="nb_NO" translate="no"><val>Norsk (Bokmål)</val></str> 
		<str name="pt_BR" translate="no"><val>Português do Brasil</val></str>
	</set>	
</asf>
