<?xml version='1.0' encoding='utf-8'?>
<!DOCTYPE asf SYSTEM "http://ns.adobe.com/asf/asf_1_0.dtd" >
<asf xmlns="http://ns.adobe.com/asf" locale="uk_UA" version="1.0">

	<set name="ButtonLabel">
		<str name="Yes" translate="yes">
			<val>Так</val>
		</str>
		<str name="No" translate="yes">
			<val>Ні</val>
		</str>
		<str name="Accept" translate="yes">
			<val>Прийняти</val>
		</str>
		<str name="Install" translate="yes">
			<val>Установити</val>
		</str>
		<str name="Uninstall" translate="yes">
			<val>Видалити</val>
		</str>
		<str name="OK" translate="yes">
			<val>ОК</val>
		</str>
		<str name="Continue" translate="yes">
			<val>Продовжити</val>
		</str>
		<str name="Back" translate="yes">
			<val>Назад</val>
		</str>
		<str name="Cancel" translate="yes">
			<val>Скасувати</val>
		</str>
        <str name="Close" translate="yes">
            <val>Закрити</val>
        </str>
		<str name="Quit" translate="yes">
			<val>Вийти</val>
		</str>
		<str name="SignIn" translate="yes">
			<val>Увійти</val>
		</str>
		<str name="SignInNow" translate="yes">
			<val>Увійти зараз</val>
		</str>
		<str name="SignInLater" translate="yes">
			<val>Увійти пізніше</val>
		</str>
		<str name="StartAgain" translate="yes">
			<val>Розпочати знову</val>
		</str>
		<str name="Retry" translate="yes">
			<val>Повторити</val>
		</str>
		<str name="Verify" translate="yes">
			<val>Підтвердити</val>
		</str>
		<str name="ConnectLater" translate="yes">
			<val>Підключитися пізніше</val>
		</str>
	</set>
	
	<set name="DialogueTitle">
		<str name="Quit" translate="yes">
			<val>Вихід</val>
		</str>
	</set>

	<set name="Welcome">
		<str name="Title" translate="yes">
			<val>Вітаємо</val>
		</str>
		<str name="OptionOne" translate="yes">
			<val>Установити за допомогою серійного номера</val>
		</str>
		<str name="OptionOneInfo" translate="yes">
			<val>У мене є серійний номер.</val>
		</str>
		<str name="OptionTwo" translate="yes">
			<val>Розпочати підписку</val>
		</str>
		<str name="OptionTwoInfo" translate="yes">
			<val>У мене є підписка.</val>
		</str>
		<str name="OptionThree" translate="yes">
			<val>Установити пробну версію</val>
		</str>
		<str name="OptionThreeInfo" translate="yes">
			<val>Я хочу випробувати {0} упродовж обмеженого періоду часу.</val>
		</str>
		<set name="MBLS">
			<str name="OptionOne" translate="yes">
				<val>Установити</val>
			</str>
			<str name="OptionOneInfo" translate="yes">
				<val>Продукт придбано</val>
			</str>
			<str name="OptionTwo" translate="yes">
				<val>Випробувати</val>
			</str>
			<str name="OptionTwoInfo" translate="yes">
				<val>Я хочу випробувати {0} упродовж обмеженого періоду часу</val>
			</str>
		</set>
	</set>
	
	<set name="EULA">
		<str name="Title" translate="yes">
			<val>Ліцензійна угода щодо програмного забезпечення Adobe</val>
		</str>
		<str name="Para1" translate="yes">
			<val>Ця угода регламентує встановлення та використання продуктів {0}, зокрема цього програмного забезпечення. Переглянути прийняті угоди можна на сайті www.adobe.com/go/myaccount_ua.</val>
		</str>
	</set>

	<set name="Register">
		<str name="Title" translate="yes">
			<val>Необхідно ввійти</val>
		</str>
		<set name="Trial">
			<str name="FirstTime" translate="yes">
				<val>Увійдіть за допомогою свого Adobe ID, щоб розпочати використання пробної версії {0}.</val>
			</str>
			<str name="Subsequent" translate="yes">
				<val>Цю пробну версію буде зареєстровано на ваш Adobe ID: {0}.</val>
			</str>
			<set name="TnC">
				<str name="Title" translate="yes">
					<val>Умови та положення використання пробного програмного забезпечення</val>
				</str>
				<str name="Paragraph1" translate="yes">
					<val>Вам може бути запропоновано надати нам додаткову інформацію, аби ми могли персоналізувати вміст відповідно до ваших потреб. Персоналізований вміст можна вимкнути у будь-який час, відкривши «Параметри конфіденційності» на екрані пробної версії.</val>
				</str>
				<str name="Paragraph2" translate="yes">
					<val>Щоб дізнатись, які дані стосовно використання вами продукту збирає Adobe та як їх використовує, у тому числі, як здійснює рекламні кампанії згідно з вашими інтересами, натисніть {0}це посилання{1} та ознайомтесь із {2}Онлайновою політикою конфіденційності Adobe{3}.</val>
				</str>
			</set>
			<set name="EntitlementInTrial">
				<str name="Title" translate="yes">
					<val>Знайдено чинну ліцензію</val>
				</str>
				<str name="Para1" translate="yes">
					<val>Ви обрали випробування, проте ваш Adobe ID {0} надає право на використання повної версії цього програмного забезпечення. Виконайте установку та користуйтеся ліцензійною копією продукту.</val>
				</str>
				<str name="Para2" translate="yes">
					<val>Для встановлення натисніть «Продовжити».</val>
				</str>
				<str name="DiffAdobeID" translate="yes">
					<val>У вас є інший Adobe ID?</val>
				</str>
			</set>						
		</set>
		<set name="Serial">
			<str name="Paragraph1" translate="yes">
				<val>Серійний номер для {0} перевірено.</val>
			</str>
			<str name="Paragraph2" translate="yes">
				<val>Щоб установити цей продукт і зареєструвати його під своїм Adobe ID, потрібно виконати вхід. Ідентифікатор Adobe ID надає зручний доступ до своїх серійних номерів, до послуги Adobe Creative Cloud і до спільноти Adobe.com/ua.</val>
			</str>
			<str name="SubsequentParagraph3" translate="yes">
				<val>Вхід буде виконано з таким Adobe ID: {0}.</val>
			</str>
		</set>
		<set name="MBLS">
			<str name="Paragraph1" translate="yes">
				<val>Щоб установити цей продукт, потрібно виконати вхід за допомогою Adobe ID. Крім того, Adobe ID надає зручний доступ до інтернет-служб Adobe і спільноти Adobe.com.</val>
			</str>
			<set name="Offline">
				<str name="Title" translate="yes">
					<val>Підключіться до Інтернету та повторіть спробу</val>
				</str>
				<set name="Install">
					<str name="Paragraph1" translate="yes">
						<val>Для оформлення підписки потрібне інтернет-з'єднання. Якщо у вас є підписка, підключіться до Інтернету та натисніть кнопку «Повторити».</val>
					</str>
					<str name="Paragraph2" translate="yes">
						<val>Якщо у вас є серійний номер, але наразі ви не маєте можливості підключитися до Інтернету, натисніть кнопку «Підключитися пізніше». Вам доведеться підтвердити серійний номер упродовж 7 днів, в іншому разі ваше програмне забезпечення припинить працювати. Якщо цей комп'ютер не підключено до Інтернету, для отримання додаткової інформації відвідайте сайт {0} з іншого пристрою з підтримкою Інтернету.</val>
					</str>
				</set>
				<set name="Trial">
					<str name="Paragraph1" translate="yes">
						<val>Комп’ютер не підключено до Інтернету, через що виникає помилка з’єднання. Підключення до Інтернету обов’язкове. Підключіться до Інтернету та повторіть спробу. Якщо проблема не зникне, зверніться до {0}служби підтримки клієнтів{1}.</val>
					</str>
				</set>
			</set>
		</set>
		<str name="NotYou" translate="yes">
			<val>(Не ваш Adobe ID?)</val>
		</str>
		<set name="Subscription">
			<set name="FirstTime">
				<str name="Paragraph" translate="yes">
					<val>Буде виконано вхід за допомогою Adobe ID, аби ви мали змогу отримати доступ до вашої підписки.</val>
				</str>
			</set>
			<set name="Subsequent">
				<str name="Title" translate="yes">
					<val>Перевірка підписки</val>
				</str>
				<str name="Paragraph" translate="yes">
					<val>Необхідно перевірити вашу підписку за допомогою Adobe ID: {0}.</val>
				</str>
				<str name="Paragraph2" translate="yes">
					<val>Ми бажаємо упевнитись, що у вас є всі необхідні програми.</val>
				</str>
			</set>
			<set name="EntitlementCallScrim">
				<str name="WaitAMoment" translate="yes">
					<val>Зачекайте...</val>
				</str>
			</set>
			
			<set name="OfflineScrim">
				<str name="Title" translate="yes">
					<val>Для оформлення підписки потрібне інтернет-з'єднання.</val>
				</str>
				<str name="Message" translate="yes">
					<val>Переконайтесь у наявності інтернет-з'єднання та натисніть кнопку «Повторити». Якщо проблема не зникне, зверніться до {0}служби підтримки клієнтів Adobe{1}.</val>
				</str>
			</set>
			
			<set name="NoSubscriptionFound">
	        	<str name="Title" translate="yes">
	        		<val>Підписку не знайдено</val>
	        	</str>
	        	<str name="ParagraphOneText" translate="yes">
	        		<val>Не вдалося знайти підписку {0}{1}{2}, пов'язану з цим Adobe ID. Можна придбати {3}нову підписку{4} або натиснути кнопку «Назад», щоб ввести інший Adobe ID. Якщо ви маєте підписку, але не в змозі отримати до неї доступ, зверніться до {5}служби підтримки клієнтів{6}.</val>
	        	</str>
	        	<str name="ParagraphTwoText" translate="yes">
	        		<val>Також можна встановити пробну версію або встановити за допомогою дійсного серійного номера, натиснувши кнопку {0}Розпочати знову{1}.</val>	
	        	</str>
	        </set>
		</set>
	</set>
	
	<set name="InstallOptions">
		<str name="Title" translate="yes">
			<val>Параметри</val>
		</str>
		<str name="SelectAppInfo" translate="yes">
			<val>Натисніть назву продукту, щоб указати параметри</val>
		</str>
		<str name="NoComponentInfo" translate="yes">
			<val>Настроюваних компонентів немає.</val>
		</str>
		<str name="Components" translate="yes">
			<val>Компоненти: {0}</val>
		</str>
		<str name="TotalInstall" translate="yes">
			<val>Повна установка: {0}</val>
		</str>
		<str name="Language" translate="yes">
			<val>Мова:</val>
		</str>
		<str name="Location" translate="yes">
			<val>Місце:</val>
		</str>
		<str name="Available" translate="yes">
			<val>{0} доступно</val>
		</str>
		<str name="SpaceRequired" translate="yes">
			<val>Необхідно місця: {0}</val>
		</str>
		<str name="SpaceWarning" translate="yes">
			<val>Необхідно місця на диску: {0}. Доступно: {1}</val>
		</str>
        <str name="InsufficientDiskSpace" translate="yes">
			<val>Недостатньо місця на диску для завершення цієї установки.</val>
        </str>
		<str name="DefaultDriveWarning" translate="yes">
			<val>Деякі файли також буде записано в {0}</val>
		</str>
		
		<set name="PayloadError">
			<str name="TrialInstall" translate="yes">
				<val>Цей продукт буде встановлено як ознайомлювальну версію.</val>
			</str>
			<str name="LicensedInstall" translate="yes">
				<val>Буде встановлено ліцензійну копію цього програмного забезпечення.</val>
			</str>
			<str name="AlreadyInstalled" translate="yes">
				<val>Було виявлено ранішу інсталяцію цього продукту. Цей продукт буде встановлено до вихідного розташування.</val>
			</str>
			<set name="SystemRequirements">
				<set name="OS">
					<str name="Header" translate="yes">
						<val>Вимоги щодо ОС не виконано.</val>
					</str>
					<str name="CurrentOS" translate="yes">
						<val>- Поточна ОС: {0} {1}</val>
					</str>
					<str name="MacRecommended" translate="yes">
						<val>- Рекомендована Mac OS версії {0} або вище.</val>
					</str>
					<str name="MacServer" translate="yes">
						<val>- Рекомендовано Mac Server.</val>
					</str>
					<str name="WinNotRecommended" translate="yes">
						<val>- {0} не рекомендовано.</val>
					</str>
					<str name="SPRecommended" translate="yes">
						<val>- Рекомендований пакет оновлення {0}.</val>
					</str>
					<str name="64BitRecommended" translate="yes">
						<val>- Рекомендована 64-розрядна ОС.</val>
					</str>
					<str name="32BitRecommended" translate="yes">
						<val>- Рекомендована 32-розрядна ОС.</val>
					</str>
					<str name="MacRequired" translate="yes">
						<val>- Потрібна Mac OS версії {0} або вище.</val>
					</str>
					<str name="MacServerRequired" translate="yes">
						<val>- Потрібна ОС Mac Server.</val>
					</str>
					<str name="WinNotRequired" translate="yes">
						<val>- {0} не підтримується.</val>
					</str>
					<str name="SPRequired" translate="yes">
						<val>- Потрібен пакет оновлення {0}.</val>
					</str>
					<str name="64BitRequired" translate="yes">
						<val>- Потрібна 64-розрядна ОС.</val>
					</str>
					<str name="32BitRequired" translate="yes">
						<val>- Потрібна 32-розрядна ОС.</val>
					</str>
				</set>
				<str name="RAM" translate="yes">
					<val>Рекомендований обсяг оперативної пам’яті: {0}.</val>
				</str>
				<str name="CPU" translate="yes">
					<val>Вимоги щодо процесора не виконано.</val>
				</str>
				<str name="ScreenResolution" translate="yes">
					<val>Рекомендовано роздільну здатність не нижчу за {0}x{1}.</val>
				</str>
				<str name="Footer" translate="yes">
					<val>Натисніть значок попередження, щоб отримати додаткову інформацію.</val>
				</str>
			</set>
			<str name="Conflicting" translate="yes">
				<val>На цьому комп’ютері існує конфліктуюча або попередня версія {0}. Перед встановленням цього продукту з поточного носія видаліть версію, що конфліктує.</val>
			</str>
			<str name="AlreadyUpgraded" translate="yes">
				<val>Уже встановлено новішу версію цього продукту</val>
			</str>
			<str name="Language" translate="yes">
				<val>Недоступно вибраною мовою</val>
			</str>
			<str name="RequiredDisabled" translate="yes">
				<val>Необхідні компоненти відключено</val>
			</str>
		</set>
		
		<set name="InstallPathError">
			<str name="LongPath" translate="yes">
				<val>Указано задовгий шлях установки.</val>
			</str>
			<str name="RootDrive" translate="yes">
				<val>Установка в кореневий каталог диска не підтримується.</val>
			</str>
			<str name="RemovableDrive" translate="yes">
				<val>Установка на USB-носій не підтримується.</val>
			</str>
			<str name="MappedDrive" translate="yes">
				<val>Установка на підключений мережний диск не підтримується.</val>
			</str>
			<str name="CaseSensitive" translate="yes">
				<val>Установка на том з урахуванням регістру не підтримується.</val>
			</str>
			<str name="LockedPath" translate="yes">
				<val>Установка в заблоковану папку не підтримується.</val>
			</str>
			<str name="Generic" translate="yes">
				<val>Не вдається встановити в указану папку.</val>
			</str>
		</set>
		
		<set name="WorkflowNeedClose">
			<str name="Title" translate="yes">
				<val>Застереження</val>
			</str>
			<str name="Message" translate="yes">
				<val>Запущено інші екземпляри програми Adobe Application Manager, які потрібно закрити, щоб продовжити.</val>
			</str>
		</set>
	</set>
	
	<set name="UninstallOptions">
		<str name="Title" translate="yes">
			<val>Параметри видалення</val>
		</str>
		<str name="RemovePreferences" translate="yes">
			<val>Видалити параметри</val>
		</str>
		<str name="ToolTipInfo" translate="yes">
			<val>Скасувати параметри сповіщень, звітності або будь-які інші параметри для вибраних продуктів.</val>
		</str>
	</set>
	
	<set name="Progress">
		<str name="MinutesRemaining" translate="yes">
			<val>Залишилося приблизно {0} хв.</val>
		</str>
		<str name="MinuteRemaining" translate="yes">
			<val>Залишилося приблизно {0} хв.</val>
		</str>
		<str name="LTMinuteRemaining" translate="yes">
			<val>Залишилося менше хвилини</val>
		</str>
		<str name="PctComplete" translate="yes">
			<val>(завершено {0} %)</val>
		</str>
		
		<set name="ConflictingProcess">
			<str name="Title" translate="yes">
				<val>Щоб продовжити, закрийте вказані програми</val>
			</str>
			<str name="SubText1" translate="yes">
				<val>(Якщо це повідомлення з’являється навіть після закриття програми, можливо, деякі з її процесів досі працюють у фоновому режимі. {0}Дізнайтеся більше{1} про завершення фонових процесів.)</val>
			</str>
			<str name="BackgroundProcessesLink" translate="yes">
				<val>http://www.adobe.com/go/learn_bgprocesses_ua</val>
			</str>
			<str name="SubText2" translate="yes">
				<val>Перелік програм, які потрібно закрити:</val>
			</str>
		</set>
		
		<set name="DiskPrompt">
			<str name="Title" translate="yes">
				<val>Щоб продовжити, вставте диск {0}.</val>
			</str>
		</set>
		
		<set name="Install">
			<str name="Title" translate="yes">
				<val>Установити</val>
			</str>
			<str name="Preparing" translate="yes">
				<val>Підготовка до установки</val>
			</str>
			<str name="Currently" translate="yes">
				<val>Триває встановлення {0}</val>
			</str>
			<str name="Confirmation" translate="yes">
				<val>Дійсно скасувати установку?</val>
			</str>
			
			<str name="AdministratorPrivileges" translate="yes">
				<val>Для встановлення необхідні права адміністратора. Увійдіть як адміністратор.</val>
			</str>
		</set>
		<set name="Uninstall">
			<str name="Title" translate="yes">
				<val>Видалення</val>
			</str>
			<str name="Preparing" translate="yes">
				<val>Підготовка до видалення</val>
			</str>
			<str name="Currently" translate="yes">
				<val>Триває видалення {0}</val>
			</str>
			<str name="Confirmation" translate="yes">
				<val>Дійсно скасувати видалення?</val>
			</str>
			
			<str name="AdministratorPrivileges" translate="yes">
				<val>Для видалення необхідні права адміністратора. Увійдіть як адміністратор.</val>
			</str>
		</set>
	</set>
	
	<set name="Success">
		<set name="Install">
			<str name="Title" translate="yes">
				<val>Установку завершено</val>
			</str>
			<str name="MyAdobeLink" translate="yes">
				<val>http://www.adobe.com/go/adobemembership_ua</val>
			</str>
			<str name="Link1Text" translate="yes">
				<val>Персональний кабінет Adobe</val>
			</str>
			<str name="Link1" translate="yes">
				<val>http://www.adobe.com/go/adobemembership_ua</val>
			</str>
			<str name="Link2Text" translate="yes">
				<val>Відеопосібники</val>
			</str>
			<str name="Link2" translate="yes">
				<val>http://www.adobe.com/go/adobetv_howto_ua</val>
			</str>
			<str name="AdditionalInfo" translate="yes">
				<val>Для управління цією або іншими автентичними програмами Adobe перейдіть на сторінку {0}.</val>
			</str>
			<str name="BtnLblLaunchNow" translate="yes">
				<val>Запустити зараз</val>
			</str>
			<str name="BtnLblClose" translate="yes">
				<val>Закрити</val>
			</str>
			<set name="PP">
				<str name="CompletedText" translate="yes">
					<val>Програма {0} успішно встановлена та готова до використання.</val>
				</str>
				<str name="RestartText" translate="yes">
				<val>Перед використанням рекомендується перезавантажити систему.</val>
				</str>
			</set>
			<set name="Suite">
				<str name="CompletedText" translate="yes">
					<val>Ці програми готові до використання.</val>
				</str>
				<str name="RestartText" translate="yes">
				<val>Перед використанням деяких із них рекомендується перезавантажити систему.</val>
				</str>
			</set>
		</set>
		
		<set name="Uninstall">
			<str name="Title" translate="yes">
				<val>Видалення завершено</val>
			</str>
			<str name="RestartText" translate="yes">
				<val>Перезавантажте комп’ютер.</val>
			</str>
			<set name="PP">
				<str name="CompletedText" translate="yes">
					<val>{0} успішно видалено.</val>
				</str>
			</set>
			<set name="Suite">
				<str name="CompletedText" translate="yes">
					<val>Нижчевказані програми успішно видалено.</val>
				</str>
			</set>
		</set>
	</set>
	
    <set name="DoneWithError">
	    <set name="Install">
	        <str name="Title" translate="yes">
	            <val>Установку завершено</val>
	        </str>
	        <str name="CompleteText" translate="yes">
	            <val>Установка пройшла успішно. Програми готові до використання.</val>
	        </str>
	        <str name="IncompleteWarning" translate="yes">
	            <val>Не вдалося встановити деякі елементи вказаних далі продуктів.</val>
	        </str>
			<set name="PP">
				<str name="RestartText" translate="yes">
					<val>Перед використанням рекомендується перезавантажити систему.</val>
				</str>
			</set>
			<set name="Suite">
				<str name="RestartText" translate="yes">
					<val>Перед використанням деяких із них рекомендується перезавантажити систему.</val>
				</str>
			</set>
			<set name="Cancelled">
		        <str name="Title" translate="yes">
		            <val>Установлення скасовано</val>
		        </str>
		        <str name="CompleteText" translate="yes">
	            	<val>Однак перед тим як було натиснуто кнопку «Скасувати», було встановлено наведені нижче програми. Ці програми можна видалити вручну.</val>
		        </str>
	        </set>
            <str name="DiskSpaceText" translate="yes">
                <val>Бракує вільного місця на диску; звільніть місце та спробуйте встановити ще раз.</val>
            </str>
		</set>
	    <set name="Uninstall">
	        <str name="Title" translate="yes">
	            <val>Видалення завершено</val>
	        </str>
	        <str name="CompleteText" translate="yes">
	            <val>Нижчевказані програми успішно видалено</val>
	        </str>
	        <str name="IncompleteWarning" translate="yes">
	            <val>Не вдалося встановити деякі компоненти.</val>
	        </str>
	        <str name="CleanerToolText" translate="yes">
            	<val>Щоб виконати чищення, завантажте й запустіть {0}інструмент видалення{1}.</val>
        </str>
	    </set>
    </set>

    <set name="Failure">
	    <set name="Install">
	        <str name="Title" translate="yes">
	            <val>Помилка встановлення</val>
	        </str>
	        <str name="WarningText" translate="yes">
	            <val>Під час встановлення програми сталися помилки.</val>
	        </str>
			<str name="InitializeTroubleshootingTips" translate="yes">
			    <val>Додаткові поради стосовно виправлення неполадок. {0}1. Перезавантажте комп’ютер.{0}2. Припиніть роботу всіх програм, включно з програмами у списку автозавантаження, антивірусними програмами та брандмауерами.{0}3. Запустіть програму встановлення та перевстановіть потрібні програми.</val>
            </str>
			<str name="TroubleshootingTips" translate="yes">
			    <val>Додаткові поради стосовно виправлення неполадок. {0}1. Перезавантажте комп’ютер.{0}2. Закрийте всі програми, включаючи програми у списку автозавантаження, антивірусні програми та брандмауер.{0}3. Закрийте це вікно та перезапустіть програму встановлення, щоб перевстановити потрібні програми.</val>
            </str>
	        
	        <set name="Cancelled">
		        <str name="Title" translate="yes">
		            <val>Установлення скасовано</val>
		        </str>
		        <str name="WarningText" translate="yes">
		            <val>Установку скасовано. Спробуйте ще раз пізніше.</val>
		        </str>
	        </set>
	        
	        <set name="AGVFailure">
		        <str name="WarningText" translate="yes">
		            <val>Не вдалося перевірити автентичність програмного забезпечення Adobe</val>
		        </str>
		        <str name="ParagraphOneText" translate="yes">
					<val>Продукт, який ви намагаєтеся встановити, не є автентичною програмою Adobe і може бути підробним. {0}Повідомте про піратство{1} або зверніться до служби {2}підтримки клієнтів{3} за допомогою.</val>
		        </str>
		        <str name="ReportPiracyLink" translate="yes">
		            <val>http://www.adobe.com/go/reportpiracy_ua</val>
		        </str>
	        </set>
	        
	        <set name="SyncFail">
	            <str name="WarningText" translate="yes">
	                <val>Несумісність у базі даних програми установки. Перезавантажте комп’ютер і спробуйте встановити програму ще раз.</val>
	            </str>
	        </set>
	        
	        <set name="MSIRunning">
	            <str name="ParagraphOneText" translate="yes">
	                <val>Програму встановлення вже запущено. Закрийте всі запущені програми встановлення, перш ніж продовжити встановлення цього продукту.</val>
	            </str>
	        </set>
	        
	        <set name="DiskSpace">
	            <str name="ParagraphOneText" translate="yes">
	                <val>Бракує вільного місця на диску; звільніть місце та спробуйте встановити ще раз.</val>
	            </str>
	        </set>
	    </set>
	    
	    <set name="Uninstall">
	        <str name="Title" translate="yes">
	            <val>Помилка видалення</val>
	        </str>
	        <str name="WarningText" translate="yes">
	            <val>Під час видалення програми сталися помилки.</val>
	        </str>
			<str name="InitializeTroubleshootingTips" translate="yes">
			    <val>Поради щодо усунення неполадок:{0}1. Перезавантажте комп’ютер.{0}2. Закрийте всі програми, включаючи програми у списку автозавантаження, антивірусні програми та брандмауер.{0}3. Повторіть видалення.</val>
            </str>
	        <str name="TroubleshootingTips" translate="yes">
			    <val>Додаткові поради стосовно виправлення неполадок.{0}1. Перезавантажте комп’ютер.{0}2. Закрийте всі програми, включаючи програми у списку автозавантаження, антивірусні програми та брандмауер.{0}3. Повторіть видалення.</val>
            </str>
            <str name="CleanerToolText" translate="yes">
            	<val>Також можна завантажити й запустити {0}Інструмент видалення{1}.</val>
        	</str>
        	<str name="MSIRunning" translate="yes">
	            <val>Уже запущено іншу програму встановлення. Закрийте всі запущені програми встановлення, перш ніж видаляти цей продукт.</val>
	        </str> 	        
	    </set>
	    
        <set name="InitializationFailed">
            <str name="Paragraph1" translate="yes">
                <val>Не вдалося ініціалізувати програму установки. Можливо, помилка сталася через відсутність потрібного файлу.</val>
            </str>
        </set>
        
        <set name="ConflictingPayload">
            <str name="Paragraph1" translate="yes">
                <val>На цьому комп’ютері існує конфліктуюча або попередня версія {0}. Перед встановленням цього продукту з поточного носія видаліть версію, що конфліктує.</val>
            </str>
        </set>
        
        <set name="x64BitOn32Bit">
            <str name="Paragraph1" translate="yes">
                <val>Цей продукт можна встановити лише на 64-розрядній системі.</val>
            </str>
        </set>
    </set>
    
	<set name="Common">
		<str name="DefaultProductName" translate="yes">
			<val>Продукт Adobe</val>
		</str>
		<str name="QuitConfirmation" translate="yes">
            <val>Дійсно вийти?</val>
        </str>
		
        <str name="ErrorSummaryText" translate="yes">
            <val>Файл {0}зведення помилок{1} може допомогти у пошуку причини.</val>
        </str>
        <str name="CustomerSupportText" translate="yes">
            <val>Якщо проблеми не зникають, зверніться до служби {0}підтримки клієнтів{1} за допомогою.</val>
        </str>
        <str name="CustomerSupportLink" translate="yes">
            <val>http://www.adobe.com/go/customer_support_ua</val>
        </str>
        <str name="NewSubscriptionLink" translate="yes">
        	<val>http://www.adobe.com/go/products_ua</val>
        </str>
        <str name="CleanerToolLink" translate="yes">
            <val>http://www.adobe.com/go/cscleanertool_ua</val>
        </str>
        
        <str name="SystemRequirementsLink" translate="yes">
            <val>http://www.adobe.com/go/cs_systemreqs_ua</val>
        </str>

		<str name="PrivacyPortalLink" translate="yes">
			<val>http://www.adobe.com/go/adobe_privacy_portal_ua</val>
		</str>
		
		<str name="PrivacyPolicyLink" translate="yes">
			<val>http://www.adobe.com/go/privacy_ua</val>
		</str>
		<str name="GetActivated" translate="yes">
			<val>http://www.adobe.com/go/getactivated_ua</val>
		</str>
		<str name="GB" translate="yes">
			<val>ГБ</val>
		</str>
		<str name="MB" translate="yes">
			<val>МБ</val>
		</str>
		<str name="KB" translate="yes">
			<val>КБ</val>
		</str>
		<str name="decimalSeparator" translate="yes">
			<val>,</val>
		</str>
		<str name="commaSeparator" translate="yes">
			<val> </val>
		</str>
	</set>
	
	<set name="OSName">
		<str name="6.2.1" translate="no"><val>Windows Server 2012</val></str>
		<str name="6.2.0" translate="no"><val>Windows 8</val></str>
		<str name="Win8" translate="no"><val>Windows 8</val></str>
		<str name="Win7" translate="no"><val>Windows 7</val></str>
		<str name="Server2008R2" translate="no"><val>Windows Server 2008 R2</val></str>
		<str name="Vista" translate="no"><val>Windows Vista</val></str>
		<str name="Server2008" translate="no"><val>Windows Server 2008</val></str>
		<str name="Server2003" translate="no"><val>Windows Server 2003</val></str>
		<str name="XP" translate="no"><val>Windows XP</val></str>
		<str name="2000" translate="no"><val>Windows 2000</val></str>
		<str name="ME" translate="no"><val>Windows ME</val></str>
		<str name="98" translate="no"><val>Windows 98</val></str>
		<str name="NT4.0" translate="no"><val>Windows NT 4.0</val></str>
		<str name="95" translate="no"><val>Windows 95</val></str>
		<str name="UNKNOWN" translate="no"><val>Windows</val></str>
	</set>
	
	<set name="isoToLanguage">
		<str name="en_US" translate="no"><val>English (North America)</val></str>
		<str name="en_GB" translate="no"><val>English (International)</val></str>
		<str name="en_INT" translate="no"><val>English (International)</val></str>
		<str name="en_AE" translate="no"><val>English يدعم العربية</val></str>
		<str name="en_IL" translate="no"><val>English תומך עברית</val></str>
		<str name="en_XC" translate="no"><val>English (Central Europe)</val></str>
		<str name="en_XM" translate="no"><val>English (Middle East)</val></str>
		
		<str name="fr_FR" translate="no"><val>Français</val></str>
		<str name="fr_CA" translate="no"><val>Français (Canada)</val></str>
		<str name="fr_MA" translate="no"><val>Français (Maroc)</val></str>
		<str name="fr_XM" translate="no"><val>Français (Moyen-Orient)</val></str>
		
		<str name="es_ES" translate="no"><val>Español</val></str>
		<str name="es_MX" translate="no"><val>Español (América Latina)</val></str>
		<str name="es_LA" translate="no"><val>Español de América Latina</val></str>
		<str name="es_NA" translate="no"><val>Español Norteamericano</val></str>
		<str name="es_QM" translate="no"><val>Español (Middle East)</val></str>
		
		<str name="ar_AE" translate="no"><val>العربية</val></str>
		<str name="bg_BG" translate="no"><val>Български</val></str>
		<str name="lv_LV" translate="no"><val>Latviešu</val></str>
		<str name="et_EE" translate="no"><val>Eesti</val></str>
		<str name="hr_HR" translate="no"><val>hrvatski</val></str>
		<str name="sl_SI" translate="no"><val>slovenščina</val></str>
		<str name="sk_SK" translate="no"><val>slovenčina</val></str>
		<str name="th_TH" translate="no"><val>ภาษาไทย</val></str>
		<str name="vi_VN" translate="no"><val>Việt</val></str>
		<str name="sq_AL" translate="no"><val>Shqip</val></str>
		<str name="ar_SA" translate="no"><val>العربية</val></str>
		<str name="be_BY" translate="no"><val>Беларуская</val></str>
		<str name="ca_ES" translate="no"><val>Català</val></str>
		<str name="hi_IN" translate="no"><val>हिन्दी</val></str>
		<str name="is_IS" translate="no"><val>Íslenska</val></str>
		<str name="lt_LT" translate="no"><val>Lietuvių</val></str>
		<str name="mk_MK" translate="no"><val>македонски</val></str>
		<str name="nn_NO" translate="no"><val>Norsk (Nynorsk)</val></str>
		<str name="pt_PT" translate="no"><val>Português de Portugal</val></str>
		<str name="sh_YU" translate="no"><val>Srpsko-Hrvatski</val></str>
		<str name="sr_YU" translate="no"><val>Cрпски</val></str>
		<str name="kk_KZ" translate="no"><val>Қазақ</val></str>
		<str name="az_AZ" translate="no"><val>Azərbaycan dili</val></str>
		<str name="no_NO" translate="no"><val>Norwegian</val></str>
		<str name="cs_CZ" translate="no"><val>česky</val></str>
		<str name="de_DE" translate="no"><val>Deutsch</val></str>
		<str name="el_GR" translate="no"><val>Ελληνικά</val></str>
		<str name="he_IL" translate="no"><val>עברית</val></str>
		<str name="hu_HU" translate="no"><val>magyar</val></str>
		<str name="it_IT" translate="no"><val>Italiano</val></str>
		<str name="ja_JP" translate="no"><val>日本語</val></str>
		<str name="ko_KR" translate="no"><val>한국어</val></str>
		<str name="nl_NL" translate="no"><val>Nederlands</val></str>
		<str name="pl_PL" translate="no"><val>polski</val></str>
		<str name="ro_RO" translate="no"><val>Română</val></str>
		<str name="ru_RU" translate="no"><val>русский</val></str>
		<str name="sv_SE" translate="no"><val>Svenska</val></str>
		<str name="tr_TR" translate="no"><val>Türkçe</val></str>
		<str name="uk_UA" translate="no"><val>українська</val></str>
		<str name="zh_CN" translate="no"><val>简体中文</val></str>
		<str name="zh_TW" translate="no"><val>繁體中文</val></str>
		<str name="da_DK" translate="no"><val>Dansk</val></str>
		<str name="fi_FI" translate="no"><val>suomi</val></str>
		<str name="nb_NO" translate="no"><val>Norsk (Bokmål)</val></str>
		<str name="pt_BR" translate="no"><val>Português do Brasil</val></str>
	</set>

</asf>
