<?xml version='1.0' encoding='utf-8'?>
<!DOCTYPE asf SYSTEM "http://ns.adobe.com/asf/asf_1_0.dtd" >
<asf xmlns="http://ns.adobe.com/asf" locale="pt_BR" version="1.0">

	<set name="ButtonLabel">
		<str name="Yes" translate="yes">
			<val>Sim</val>
		</str>
		<str name="No" translate="yes">
			<val>Não</val>
		</str>
		<str name="Accept" translate="yes">
			<val>Aceitar</val>
		</str>
		<str name="Install" translate="yes">
			<val>Instalar</val>
		</str>
		<str name="Uninstall" translate="yes">
			<val>Desinstalar</val>
		</str>
		<str name="OK" translate="yes">
			<val>OK</val>
		</str>
		<str name="Continue" translate="yes">
			<val>Continuar</val>
		</str>
		<str name="Back" translate="yes">
			<val>Voltar</val>
		</str>
		<str name="Cancel" translate="yes">
			<val>Cancelar</val>
		</str>
        <str name="Close" translate="yes">
            <val>Fechar</val>
        </str>
		<str name="Quit" translate="yes">
			<val>Fechar</val>
		</str>
		<str name="SignIn" translate="yes">
			<val>Entrar</val>
		</str>
		<str name="SignInNow" translate="yes">
			<val>Entrar agora</val>
		</str>
		<str name="SignInLater" translate="yes">
			<val>Entrar mais tarde</val>
		</str>
		<str name="StartAgain" translate="yes">
			<val>Iniciar novamente</val>
		</str>
		<str name="Retry" translate="yes">
			<val>Tentar novamente</val>
		</str>
		<str name="Verify" translate="yes">
			<val>Verificar</val>
		</str>
		<str name="ConnectLater" translate="yes">
			<val>Conectar depois</val>
		</str>
	</set>
	
	<set name="DialogueTitle">
		<str name="Quit" translate="yes">
			<val>Fechar</val>
		</str>
	</set>

	<set name="Welcome">
		<str name="Title" translate="yes">
			<val>Boas-vindas</val>
		</str>
		<str name="OptionOne" translate="yes">
			<val>Instalar com um número de série</val>
		</str>
		<str name="OptionOneInfo" translate="yes">
			<val>Tenho um número de série.</val>
		</str>
		<str name="OptionTwo" translate="yes">
			<val>Iniciar minha assinatura</val>
		</str>
		<str name="OptionTwoInfo" translate="yes">
			<val>Eu tenho uma assinatura.</val>
		</str>
		<str name="OptionThree" translate="yes">
			<val>Instalar uma versão de avaliação</val>
		</str>
		<str name="OptionThreeInfo" translate="yes">
			<val>Quero experimentar o produto {0} por um tempo limitado.</val>
		</str>
		<set name="MBLS">
			<str name="OptionOne" translate="yes">
				<val>Instalar</val>
			</str>
			<str name="OptionOneInfo" translate="yes">
				<val>Já fiz a compra</val>
			</str>
			<str name="OptionTwo" translate="yes">
				<val>Avaliar</val>
			</str>
			<str name="OptionTwoInfo" translate="yes">
				<val>Quero experimentar o produto {0} por um tempo limitado</val>
			</str>
		</set>
	</set>
	
	<set name="EULA">
		<str name="Title" translate="yes">
			<val>Contrato de licença de software da Adobe</val>
		</str>
		<str name="Para1" translate="yes">
			<val>Este contrato diz respeito à instalação e ao uso dos produtos {0}, inclusive deste software. Você pode revisar os contratos aceitos até agora em www.adobe.com/go/myaccount_br.</val>
		</str>
	</set>

	<set name="Register">
		<str name="Title" translate="yes">
			<val>Entrada necessária</val>
		</str>
		<set name="Trial">
			<str name="FirstTime" translate="yes">
				<val>Entre com sua ID da Adobe para iniciar a versão de avaliação do produto {0}.</val>
			</str>
			<str name="Subsequent" translate="yes">
				<val>A versão de avaliação será registrada com sua ID da Adobe: {0}.</val>
			</str>
			<set name="TnC">
				<str name="Title" translate="yes">
					<val>Termos e condições do software de avaliação.</val>
				</str>
				<str name="Paragraph1" translate="yes">
					<val>Poderemos solicitar o fornecimento de informações opcionais para adaptar o conteúdo para você. Você poderá desativar o conteúdo personalizado a qualquer momento indo até Configurações de privacidade na tela de avaliação.</val>
				</str>
				<str name="Paragraph2" translate="yes">
					<val>Para obter informações sobre dados que coletamos sobre seu uso do produto e como a Adobe usa esses dados, inclusive como divulgamos produtos de acordo com seus interesses, clique {0}aqui{1} e veja a {2}Política de privacidade on-line da Adobe{3}.</val>
				</str>
			</set>
			<set name="EntitlementInTrial">
				<str name="Title" translate="yes">
					<val>Licença válida encontrada</val>
				</str>
				<str name="Para1" translate="yes">
					<val>Você optou por uma versão de avaliação, mas possui acesso à versão completa deste software na ID da Adobe {0}. Aproveite os recursos de sua cópia licenciada do software ao término da instalação.</val>
				</str>
				<str name="Para2" translate="yes">
					<val>Clique em continuar para instalar.</val>
				</str>
				<str name="DiffAdobeID" translate="yes">
					<val>Tem uma ID da Adobe diferente?</val>
				</str>
			</set>						
		</set>
		<set name="Serial">
			<str name="Paragraph1" translate="yes">
				<val>O número de série do produto {0} foi validado.</val>
			</str>
			<str name="Paragraph2" translate="yes">
				<val>É necessário entrar para instalar este produto e registrá-lo com seu ID da Adobe. O ID da Adobe permite acessar os números de série, o Adobe Creative Cloud e a comunidade Adobe.com/br.</val>
			</str>
			<str name="SubsequentParagraph3" translate="yes">
				<val>Você entrará com a ID da Adobe: {0}.</val>
			</str>
		</set>
		<set name="MBLS">
			<str name="Paragraph1" translate="yes">
				<val>É necessário fazer logon com uma ID da Adobe para instalar este produto. A ID da Adobe também é uma maneira simples de acessar uma variedade de serviços online da Adobe e a comunidade Adobe.com.</val>
			</str>
			<set name="Offline">
				<str name="Title" translate="yes">
					<val>Conecte-se à Internet e tente novamente</val>
				</str>
				<set name="Install">
					<str name="Paragraph1" translate="yes">
						<val>É necessário ter uma conexão com a Internet para iniciar uma assinatura. Se você tiver uma assinatura, conecte-se à Internet e selecione Tentar novamente.</val>
					</str>
					<str name="Paragraph2" translate="yes">
						<val>Se você possui um número de série e não pode conectar-se à Internet no momento, selecione Conectar depois. É necessário validar seu número de série dentro de sete dias, caso contrário, o software deixará de funcionar. Se este computador não pode acessar a Internet, consulte {0} em um dispositivo com acesso à Internet para obter mais detalhes.</val>
					</str>
				</set>
				<set name="Trial">
					<str name="Paragraph1" translate="yes">
						<val>Seu computador está offline, causando um erro de conexão. É necessário ter uma conexão com a Internet. Conecte-se à Internet e tente novamente. Se o problema persistir, entre em contato com o {0}Suporte ao cliente{1}.</val>
					</str>
				</set>
			</set>
		</set>
		<str name="NotYou" translate="yes">
			<val>(Não é sua ID da Adobe?)</val>
		</str>
		<set name="Subscription">
			<set name="FirstTime">
				<str name="Paragraph" translate="yes">
					<val>Vamos permitir seu acesso com a ID da Adobe para você acessar sua assinatura.</val>
				</str>
			</set>
			<set name="Subsequent">
				<str name="Title" translate="yes">
					<val>Verificar sua assinatura</val>
				</str>
				<str name="Paragraph" translate="yes">
					<val>Precisamos que você verifique sua assinatura com sua ID da Adobe: {0}.</val>
				</str>
				<str name="Paragraph2" translate="yes">
					<val>Queremos nos certificar de que você obtenha os aplicativos corretos.</val>
				</str>
			</set>
			<set name="EntitlementCallScrim">
				<str name="WaitAMoment" translate="yes">
					<val>Aguarde....</val>
				</str>
			</set>
			
			<set name="OfflineScrim">
				<str name="Title" translate="yes">
					<val>É necessário estar conectado à Internet para iniciar sua assinatura.</val>
				</str>
				<str name="Message" translate="yes">
					<val>Verifique se você está conectado à Internet e clique em Tentar novamente. Se o problema persistir, entre em contato com o {0}Atendimento ao cliente da Adobe{1}.</val>
				</str>
			</set>
			
			<set name="NoSubscriptionFound">
	        	<str name="Title" translate="yes">
	        		<val>Assinatura não encontrada</val>
	        	</str>
	        	<str name="ParagraphOneText" translate="yes">
	        		<val>Não encontramos uma assinatura de {0}{1}{2} associada à esta ID da Adobe. Você pode comprar uma {3}nova assinatura{4} ou clicar em Voltar para inserir uma ID da Adobe diferente. Se você já tiver uma assinatura, mas não conseguir acessá-la, entre em contato com o {5}Suporte ao cliente{6}.</val>
	        	</str>
	        	<str name="ParagraphTwoText" translate="yes">
	        		<val>Você também pode instalar uma versão de avaliação ou instalar o produto com número de série válido clicando em {0}Iniciar novamente{1}.</val>	
	        	</str>
	        </set>
		</set>
	</set>
	
	<set name="InstallOptions">
		<str name="Title" translate="yes">
			<val>Opções</val>
		</str>
		<str name="SelectAppInfo" translate="yes">
			<val>Clique no nome do produto para personalizar as opções</val>
		</str>
		<str name="NoComponentInfo" translate="yes">
			<val>Nenhum componente a ser personalizado.</val>
		</str>
		<str name="Components" translate="yes">
			<val>Componentes do {0}</val>
		</str>
		<str name="TotalInstall" translate="yes">
			<val>Instalação total: {0}</val>
		</str>
		<str name="Language" translate="yes">
			<val>Idioma:</val>
		</str>
		<str name="Location" translate="yes">
			<val>Local:</val>
		</str>
		<str name="Available" translate="yes">
			<val>{0} disponíveis</val>
		</str>
		<str name="SpaceRequired" translate="yes">
			<val>Espaço exigido: {0}</val>
		</str>
		<str name="SpaceWarning" translate="yes">
			<val>Espaço necessário: {0}, disponível: {1}</val>
		</str>
        <str name="InsufficientDiskSpace" translate="yes">
			<val>Espaço em disco insuficiente para concluir esta instalação.</val>
        </str>
		<str name="DefaultDriveWarning" translate="yes">
			<val>Alguns arquivos também serão instalados no {0}</val>
		</str>
		
		<set name="PayloadError">
			<str name="TrialInstall" translate="yes">
				<val>Este produto só pode ser instalado como versão de avaliação.</val>
			</str>
			<str name="LicensedInstall" translate="yes">
				<val>Uma cópia licenciada deste software será instalada.</val>
			</str>
			<str name="AlreadyInstalled" translate="yes">
				<val>Uma versão anterior deste produto foi encontrada. Ele será instalado no local original.</val>
			</str>
			<set name="SystemRequirements">
				<set name="OS">
					<str name="Header" translate="yes">
						<val>Requisitos de sistema operacional não atendidos.</val>
					</str>
					<str name="CurrentOS" translate="yes">
						<val>- Sistema operacional atual: {0} {1}</val>
					</str>
					<str name="MacRecommended" translate="yes">
						<val>- Mac OS {0} ou posterior recomendado.</val>
					</str>
					<str name="MacServer" translate="yes">
						<val>- Servidor Mac recomendado.</val>
					</str>
					<str name="WinNotRecommended" translate="yes">
						<val>- {0} não recomendado.</val>
					</str>
					<str name="SPRecommended" translate="yes">
						<val>- Service Pack {0} recomendado.</val>
					</str>
					<str name="64BitRecommended" translate="yes">
						<val>- Sistema operacional de 64 bits recomendado.</val>
					</str>
					<str name="32BitRecommended" translate="yes">
						<val>- Sistema operacional de 32 bits recomendado.</val>
					</str>
					<str name="MacRequired" translate="yes">
						<val>- Mac OS {0} ou posterior exigido.</val>
					</str>
					<str name="MacServerRequired" translate="yes">
						<val>- Requer o Mac Server.</val>
					</str>
					<str name="WinNotRequired" translate="yes">
						<val>- {0} não é compatível.</val>
					</str>
					<str name="SPRequired" translate="yes">
						<val>- Requer Service Pack {0}.</val>
					</str>
					<str name="64BitRequired" translate="yes">
						<val>- Requer sistema operacional de 64 bits.</val>
					</str>
					<str name="32BitRequired" translate="yes">
						<val>- Requer sistema operacional de 32 bits.</val>
					</str>
				</set>
				<str name="RAM" translate="yes">
					<val>{0} de RAM recomendado.</val>
				</str>
				<str name="CPU" translate="yes">
					<val>Requisitos de CPU não atendidos.</val>
				</str>
				<str name="ScreenResolution" translate="yes">
					<val>A resolução mínima de {0}x{1} é recomendada.</val>
				</str>
				<str name="Footer" translate="yes">
					<val>Clique no ícone de aviso para obter mais detalhes.</val>
				</str>
			</set>
			<str name="Conflicting" translate="yes">
				<val>Existe uma versão conflitante ou de pré-lançamento de {0} neste computador. Para fazer a instalação a partir da mídia atual, remova a versão conflitante.</val>
			</str>
			<str name="AlreadyUpgraded" translate="yes">
				<val>Uma versão mais recente deste produto já está instalada</val>
			</str>
			<str name="Language" translate="yes">
				<val>Não disponível para o idioma selecionado</val>
			</str>
			<str name="RequiredDisabled" translate="yes">
				<val>Os componentes exigidos estão desativados</val>
			</str>
		</set>
		
		<set name="InstallPathError">
			<str name="LongPath" translate="yes">
				<val>O caminho de instalação escolhido é muito longo.</val>
			</str>
			<str name="RootDrive" translate="yes">
				<val>Não há suporte para a instalação em um local na raiz da unidade.</val>
			</str>
			<str name="RemovableDrive" translate="yes">
				<val>Não há suporte para a instalação em uma unidade flash removível.</val>
			</str>
			<str name="MappedDrive" translate="yes">
				<val>Não há suporte para a instalação em uma unidade de rede mapeada.</val>
			</str>
			<str name="CaseSensitive" translate="yes">
				<val>Não há suporte para a instalação em volumes que diferenciam maiúsculas de minúsculas.</val>
			</str>
			<str name="LockedPath" translate="yes">
				<val>Não há suporte para a instalação em um local bloqueado.</val>
			</str>
			<str name="Generic" translate="yes">
				<val>Não é possível instalar no local escolhido.</val>
			</str>
		</set>
		
		<set name="WorkflowNeedClose">
			<str name="Title" translate="yes">
				<val>Alerta</val>
			</str>
			<str name="Message" translate="yes">
				<val>Há outras instâncias do Adobe Application Manager em execução que devem ser fechadas. Feche-as para continuar.</val>
			</str>
		</set>
	</set>
	
	<set name="UninstallOptions">
		<str name="Title" translate="yes">
			<val>Opções de desinstalação</val>
		</str>
		<str name="RemovePreferences" translate="yes">
			<val>Remover preferências</val>
		</str>
		<str name="ToolTipInfo" translate="yes">
			<val>Remova notificações, alertas, relatórios ou outras preferências para os produtos selecionados.</val>
		</str>
	</set>
	
	<set name="Progress">
		<str name="MinutesRemaining" translate="yes">
			<val>Cerca de {0} minutos restantes</val>
		</str>
		<str name="MinuteRemaining" translate="yes">
			<val>Cerca de {0} minuto restante</val>
		</str>
		<str name="LTMinuteRemaining" translate="yes">
			<val>Menos de um minuto restante</val>
		</str>
		<str name="PctComplete" translate="yes">
			<val>({0}% concluído)</val>
		</str>
		
		<set name="ConflictingProcess">
			<str name="Title" translate="yes">
				<val>Feche estes aplicativos para continuar:</val>
			</str>
			<str name="SubText1" translate="yes">
				<val>(Caso esta mensagem seja exibida mesmo depois que você tiver fechado um aplicativo, talvez alguns de seus processos ainda estejam em execução em segundo plano. {0}Saiba mais{1} sobre o encerramento de processos em segundo plano.)</val>
			</str>
			<str name="BackgroundProcessesLink" translate="yes">
				<val>http://www.adobe.com/go/learn_bgprocesses_br</val>
			</str>
			<str name="SubText2" translate="yes">
				<val>Lista de aplicativos a serem fechados:</val>
			</str>
		</set>
		
		<set name="DiskPrompt">
			<str name="Title" translate="yes">
				<val>Insira o disco {0} para continuar.</val>
			</str>
		</set>
		
		<set name="Install">
			<str name="Title" translate="yes">
				<val>Instalar</val>
			</str>
			<str name="Preparing" translate="yes">
				<val>Preparando para instalar...</val>
			</str>
			<str name="Currently" translate="yes">
				<val>Instalando o {0} no momento</val>
			</str>
			<str name="Confirmation" translate="yes">
				<val>Tem certeza de que deseja cancelar a instalação?</val>
			</str>
			
			<str name="AdministratorPrivileges" translate="yes">
				<val>É necessário ter privilégios de administrador para fazer a instalação. Faça logon como administrador.</val>
			</str>
		</set>
		<set name="Uninstall">
			<str name="Title" translate="yes">
				<val>Desinstalar</val>
			</str>
			<str name="Preparing" translate="yes">
				<val>Preparando para desinstalar...</val>
			</str>
			<str name="Currently" translate="yes">
				<val>Desinstalando o produto {0}</val>
			</str>
			<str name="Confirmation" translate="yes">
				<val>Tem certeza de que deseja cancelar a desinstalação?</val>
			</str>
			
			<str name="AdministratorPrivileges" translate="yes">
				<val>É necessário ter privilégios de administrador para fazer a desinstalação. Faça logon como administrador.</val>
			</str>
		</set>
	</set>
	
	<set name="Success">
		<set name="Install">
			<str name="Title" translate="yes">
				<val>Instalação concluída</val>
			</str>
			<str name="MyAdobeLink" translate="yes">
				<val>http://www.adobe.com/go/adobemembership_br</val>
			</str>
			<str name="Link1Text" translate="yes">
				<val>Minha Adobe</val>
			</str>
			<str name="Link1" translate="yes">
				<val>http://www.adobe.com/go/adobemembership_br</val>
			</str>
			<str name="Link2Text" translate="yes">
				<val>Tutoriais em vídeo</val>
			</str>
			<str name="Link2" translate="yes">
				<val>http://www.adobe.com/go/adobetv_howto_br</val>
			</str>
			<str name="AdditionalInfo" translate="yes">
				<val>Para gerenciar este ou outro software original da Adobe, vá para {0}.</val>
			</str>
			<str name="BtnLblLaunchNow" translate="yes">
				<val>Iniciar agora</val>
			</str>
			<str name="BtnLblClose" translate="yes">
				<val>Fechar</val>
			</str>
			<set name="PP">
				<str name="CompletedText" translate="yes">
					<val>O produto {0} foi instalado com êxito e está pronto para uso.</val>
				</str>
				<str name="RestartText" translate="yes">
				<val>É recomendável reiniciar o sistema antes do uso.</val>
				</str>
			</set>
			<set name="Suite">
				<str name="CompletedText" translate="yes">
					<val>Estes aplicativos estão prontos para uso.</val>
				</str>
				<str name="RestartText" translate="yes">
				<val>Para alguns desses softwares, é recomendável reiniciar o sistema antes de usá-los.</val>
				</str>
			</set>
		</set>
		
		<set name="Uninstall">
			<str name="Title" translate="yes">
				<val>Desinstalação concluída</val>
			</str>
			<str name="RestartText" translate="yes">
				<val>Reinicie o sistema.</val>
			</str>
			<set name="PP">
				<str name="CompletedText" translate="yes">
					<val>O {0} foi desinstalado com êxito.</val>
				</str>
			</set>
			<set name="Suite">
				<str name="CompletedText" translate="yes">
					<val>Os seguintes aplicativos foram desinstalados com êxito.</val>
				</str>
			</set>
		</set>
	</set>
	
    <set name="DoneWithError">
	    <set name="Install">
	        <str name="Title" translate="yes">
	            <val>Instalação concluída</val>
	        </str>
	        <str name="CompleteText" translate="yes">
	            <val>A instalação está concluída e os aplicativos estão prontos para uso.</val>
	        </str>
	        <str name="IncompleteWarning" translate="yes">
	            <val>Alguns itens dos produtos a seguir não foram instalados com êxito.</val>
	        </str>
			<set name="PP">
				<str name="RestartText" translate="yes">
					<val>É recomendável reiniciar o sistema antes do uso.</val>
				</str>
			</set>
			<set name="Suite">
				<str name="RestartText" translate="yes">
					<val>Para alguns desses softwares, é recomendável reiniciar o sistema antes de usá-los.</val>
				</str>
			</set>
			<set name="Cancelled">
		        <str name="Title" translate="yes">
		            <val>Instalação cancelada</val>
		        </str>
		        <str name="CompleteText" translate="yes">
	            	<val>No entanto, os aplicativos a seguir foram instalados antes de você pressionar o botão Cancelar. É possível desinstalá-los manualmente.</val>
		        </str>
	        </set>
            <str name="DiskSpaceText" translate="yes">
                <val>Espaço insuficiente em disco; libere espaço e tente instalar novamente.</val>
            </str>
		</set>
	    <set name="Uninstall">
	        <str name="Title" translate="yes">
	            <val>Desinstalação concluída</val>
	        </str>
	        <str name="CompleteText" translate="yes">
	            <val>Os seguintes aplicativos foram desinstalados com êxito</val>
	        </str>
	        <str name="IncompleteWarning" translate="yes">
	            <val>Alguns componentes não foram desinstalados.</val>
	        </str>
	        <str name="CleanerToolText" translate="yes">
            	<val>Você pode baixar e executar a {0}Ferramenta de limpeza{1} para uma limpeza completa.</val>
        </str>
	    </set>
    </set>

    <set name="Failure">
	    <set name="Install">
	        <str name="Title" translate="yes">
	            <val>Falha na instalação</val>
	        </str>
	        <str name="WarningText" translate="yes">
	            <val>Ocorreram erros na instalação.</val>
	        </str>
			<str name="InitializeTroubleshootingTips" translate="yes">
			    <val>Mais dicas de solução de problemas: {0}1. Reinicie o computador.{0}2. Saia de todos os aplicativos, inclusive itens de inicialização e softwares de verificação de vírus e firewall.{0}3. Inicie o instalador e reinstale os aplicativos.</val>
            </str>
			<str name="TroubleshootingTips" translate="yes">
			    <val>Mais dicas de solução de problemas: {0}1. Reinicie o computador.{0}2. Saia de todos os aplicativos, inclusive itens de inicialização e softwares de verificação de vírus e firewall.{0}3. Feche esta janela e inicie o instalador novamente para reinstalar seus aplicativos.</val>
            </str>
	        
	        <set name="Cancelled">
		        <str name="Title" translate="yes">
		            <val>Instalação cancelada</val>
		        </str>
		        <str name="WarningText" translate="yes">
		            <val>A instalação foi cancelada. Tente novamente mais tarde.</val>
		        </str>
	        </set>
	        
	        <set name="AGVFailure">
		        <str name="WarningText" translate="yes">
		            <val>Falha na verificação de software original da Adobe</val>
		        </str>
		        <str name="ParagraphOneText" translate="yes">
					<val>O produto que você está tentando instalar não é um software original da Adobe e parece ser falso. {0}Denuncie a pirataria{1} ou entre em contato com o {2}Suporte ao cliente{3} para obter ajuda.</val>
		        </str>
		        <str name="ReportPiracyLink" translate="yes">
		            <val>http://www.adobe.com/go/reportpiracy_br</val>
		        </str>
	        </set>
	        
	        <set name="SyncFail">
	            <str name="WarningText" translate="yes">
	                <val>Inconsistência no banco de dados do instalador. Reinicie o computador e instale novamente.</val>
	            </str>
	        </set>
	        
	        <set name="MSIRunning">
	            <str name="ParagraphOneText" translate="yes">
	                <val>Outro instalador está em execução no momento. Feche-o antes de instalar este produto. Feche outros instaladores.</val>
	            </str>
	        </set>
	        
	        <set name="DiskSpace">
	            <str name="ParagraphOneText" translate="yes">
	                <val>Espaço insuficiente em disco; libere espaço e tente instalar novamente.</val>
	            </str>
	        </set>
	    </set>
	    
	    <set name="Uninstall">
	        <str name="Title" translate="yes">
	            <val>Falha na desinstalação</val>
	        </str>
	        <str name="WarningText" translate="yes">
	            <val>Ocorreram erros na desinstalação.</val>
	        </str>
			<str name="InitializeTroubleshootingTips" translate="yes">
			    <val>Dicas de solução de problemas: {0}1. Reinicie o computador.{0}2. Saia de todos os aplicativos, inclusive itens de inicialização e softwares de verificação de vírus e firewall.{0}3. Desinstale novamente.</val>
            </str>
	        <str name="TroubleshootingTips" translate="yes">
			    <val>Mais dicas de solução de problemas: {0}1. Reinicie o computador.{0}2. Saia de todos os aplicativos, inclusive itens de inicialização e softwares de verificação de vírus e firewall.{0}3. Desinstale novamente.</val>
            </str>
            <str name="CleanerToolText" translate="yes">
            	<val>Também é possível baixar e executar a {0}Ferramenta de limpeza{1}.</val>
        	</str>
        	<str name="MSIRunning" translate="yes">
	            <val>Outro instalador está em execução no momento. Feche-o antes de instalar este produto. Feche outros instaladores.</val>
	        </str> 	        
	    </set>
	    
        <set name="InitializationFailed">
            <str name="Paragraph1" translate="yes">
                <val>Falha ao inicializar o instalador. Isso pode ser devido à ausência de um arquivo.</val>
            </str>
        </set>
        
        <set name="ConflictingPayload">
            <str name="Paragraph1" translate="yes">
                <val>Existe uma versão conflitante ou de pré-release de {0} neste computador. Para fazer a instalação a partir da mídia atual, remova a versão conflitante.</val>
            </str>
        </set>
        
        <set name="x64BitOn32Bit">
            <str name="Paragraph1" translate="yes">
                <val>Este produto só pode ser instalado em um sistema de 64 bits.</val>
            </str>
        </set>
    </set>
    
	<set name="Common">
		<str name="DefaultProductName" translate="yes">
			<val>Produto Adobe</val>
		</str>
		<str name="QuitConfirmation" translate="yes">
            <val>Tem certeza de que deseja sair?</val>
        </str>
		
        <str name="ErrorSummaryText" translate="yes">
            <val>O arquivo de {0}resumo do erro{1} pode ajudá-lo a identificar o problema.</val>
        </str>
        <str name="CustomerSupportText" translate="yes">
            <val>Se o problema persistir, entre em contato com o {0}Suporte ao cliente{1} para obter ajuda adicional.</val>
        </str>
        <str name="CustomerSupportLink" translate="yes">
            <val>http://www.adobe.com/go/customer_support_br</val>
        </str>
        <str name="NewSubscriptionLink" translate="yes">
        	<val>http://www.adobe.com/go/products_br</val>
        </str>
        <str name="CleanerToolLink" translate="yes">
            <val>http://www.adobe.com/go/cscleanertool_br</val>
        </str>
        
        <str name="SystemRequirementsLink" translate="yes">
            <val>http://www.adobe.com/go/cs_systemreqs_br</val>
        </str>

		<str name="PrivacyPortalLink" translate="yes">
			<val>http://www.adobe.com/go/adobe_privacy_portal_br</val>
		</str>
		
		<str name="PrivacyPolicyLink" translate="yes">
			<val>http://www.adobe.com/go/privacy_br</val>
		</str>
		<str name="GetActivated" translate="yes">
			<val>http://www.adobe.com/go/getactivated_br</val>
		</str>
		<str name="GB" translate="yes">
			<val>GB</val>
		</str>
		<str name="MB" translate="yes">
			<val>MB</val>
		</str>
		<str name="KB" translate="yes">
			<val>KB</val>
		</str>
		<str name="decimalSeparator" translate="yes">
			<val>,</val>
		</str>
		<str name="commaSeparator" translate="yes">
			<val>,</val>
		</str>
	</set>
	
	<set name="OSName">
		<str name="6.2.1" translate="no"><val>Windows Server 2012</val></str>
		<str name="6.2.0" translate="no"><val>Windows 8</val></str>
		<str name="Win8" translate="no"><val>Windows 8</val></str>
		<str name="Win7" translate="no"><val>Windows 7</val></str>
		<str name="Server2008R2" translate="no"><val>Windows Server 2008 R2</val></str>
		<str name="Vista" translate="no"><val>Windows Vista</val></str>
		<str name="Server2008" translate="no"><val>Windows Server 2008</val></str>
		<str name="Server2003" translate="no"><val>Windows Server 2003</val></str>
		<str name="XP" translate="no"><val>Windows XP</val></str>
		<str name="2000" translate="no"><val>Windows 2000</val></str>
		<str name="ME" translate="no"><val>Windows ME</val></str>
		<str name="98" translate="no"><val>Windows 98</val></str>
		<str name="NT4.0" translate="no"><val>Windows NT 4.0</val></str>
		<str name="95" translate="no"><val>Windows 95</val></str>
		<str name="UNKNOWN" translate="no"><val>Windows</val></str>
	</set>
	
	<set name="isoToLanguage">
		<str name="en_US" translate="no"><val>English (North America)</val></str>
		<str name="en_GB" translate="no"><val>English (International)</val></str>
		<str name="en_INT" translate="no"><val>English (International)</val></str>
		<str name="en_AE" translate="no"><val>English يدعم العربية</val></str>
		<str name="en_IL" translate="no"><val>English תומך עברית</val></str>
		<str name="en_XC" translate="no"><val>English (Central Europe)</val></str>
		<str name="en_XM" translate="no"><val>English (Middle East)</val></str>
		
		<str name="fr_FR" translate="no"><val>Français</val></str>
		<str name="fr_CA" translate="no"><val>Français (Canada)</val></str>
		<str name="fr_MA" translate="no"><val>Français (Maroc)</val></str>
		<str name="fr_XM" translate="no"><val>Français (Moyen-Orient)</val></str>
		
		<str name="es_ES" translate="no"><val>Español</val></str>
		<str name="es_MX" translate="no"><val>Español (América Latina)</val></str>
		<str name="es_LA" translate="no"><val>Español de América Latina</val></str>
		<str name="es_NA" translate="no"><val>Español Norteamericano</val></str>
		<str name="es_QM" translate="no"><val>Español (Middle East)</val></str>
		
		<str name="ar_AE" translate="no"><val>العربية</val></str>
		<str name="bg_BG" translate="no"><val>Български</val></str>
		<str name="lv_LV" translate="no"><val>Latviešu</val></str>
		<str name="et_EE" translate="no"><val>Eesti</val></str>
		<str name="hr_HR" translate="no"><val>hrvatski</val></str>
		<str name="sl_SI" translate="no"><val>slovenščina</val></str>
		<str name="sk_SK" translate="no"><val>slovenčina</val></str>
		<str name="th_TH" translate="no"><val>ภาษาไทย</val></str>
		<str name="vi_VN" translate="no"><val>Việt</val></str>
		<str name="sq_AL" translate="no"><val>Shqip</val></str>
		<str name="ar_SA" translate="no"><val>العربية</val></str>
		<str name="be_BY" translate="no"><val>Беларуская</val></str>
		<str name="ca_ES" translate="no"><val>Català</val></str>
		<str name="hi_IN" translate="no"><val>हिन्दी</val></str>
		<str name="is_IS" translate="no"><val>Íslenska</val></str>
		<str name="lt_LT" translate="no"><val>Lietuvių</val></str>
		<str name="mk_MK" translate="no"><val>македонски</val></str>
		<str name="nn_NO" translate="no"><val>Norsk (Nynorsk)</val></str>
		<str name="pt_PT" translate="no"><val>Português de Portugal</val></str>
		<str name="sh_YU" translate="no"><val>Srpsko-Hrvatski</val></str>
		<str name="sr_YU" translate="no"><val>Cрпски</val></str>
		<str name="kk_KZ" translate="no"><val>Қазақ</val></str>
		<str name="az_AZ" translate="no"><val>Azərbaycan dili</val></str>
		<str name="no_NO" translate="no"><val>Norwegian</val></str>
		<str name="cs_CZ" translate="no"><val>česky</val></str>
		<str name="de_DE" translate="no"><val>Deutsch</val></str>
		<str name="el_GR" translate="no"><val>Ελληνικά</val></str>
		<str name="he_IL" translate="no"><val>עברית</val></str>
		<str name="hu_HU" translate="no"><val>magyar</val></str>
		<str name="it_IT" translate="no"><val>Italiano</val></str>
		<str name="ja_JP" translate="no"><val>日本語</val></str>
		<str name="ko_KR" translate="no"><val>한국어</val></str>
		<str name="nl_NL" translate="no"><val>Nederlands</val></str>
		<str name="pl_PL" translate="no"><val>polski</val></str>
		<str name="ro_RO" translate="no"><val>Română</val></str>
		<str name="ru_RU" translate="no"><val>русский</val></str>
		<str name="sv_SE" translate="no"><val>Svenska</val></str>
		<str name="tr_TR" translate="no"><val>Türkçe</val></str>
		<str name="uk_UA" translate="no"><val>українська</val></str>
		<str name="zh_CN" translate="no"><val>简体中文</val></str>
		<str name="zh_TW" translate="no"><val>繁體中文</val></str>
		<str name="da_DK" translate="no"><val>Dansk</val></str>
		<str name="fi_FI" translate="no"><val>suomi</val></str>
		<str name="nb_NO" translate="no"><val>Norsk (Bokmål)</val></str>
		<str name="pt_BR" translate="no"><val>Português do Brasil</val></str>
	</set>

</asf>
